rte_consumption_scenario,rte_production_scenario,ssp_scenario,year,lcia_method,impact,impact_unit,process,total_draw_count,process_present_draw_count,absolute_lca_mean,absolute_lca_min,absolute_lca_max,absolute_lca_p5,absolute_lca_p25,absolute_lca_median,absolute_lca_p75,absolute_lca_p95,contrib_absolute_lca_mean,contrib_absolute_lca_min,contrib_absolute_lca_max,contrib_absolute_lca_p5,contrib_absolute_lca_p25,contrib_absolute_lca_median,contrib_absolute_lca_p75,contrib_absolute_lca_p95,contrib_lca_ratio_mean,contrib_lca_ratio_min,contrib_lca_ratio_max,contrib_lca_ratio_p5,contrib_lca_ratio_p25,contrib_lca_ratio_median,contrib_lca_ratio_p75,contrib_lca_ratio_p95,absolute_lca_per_kwh_mean,absolute_lca_per_kwh_min,absolute_lca_per_kwh_max,absolute_lca_per_kwh_p5,absolute_lca_per_kwh_p25,absolute_lca_per_kwh_median,absolute_lca_per_kwh_p75,absolute_lca_per_kwh_p95,contrib_absolute_lca_per_kwh_mean,contrib_absolute_lca_per_kwh_min,contrib_absolute_lca_per_kwh_max,contrib_absolute_lca_per_kwh_p5,contrib_absolute_lca_per_kwh_p25,contrib_absolute_lca_per_kwh_median,contrib_absolute_lca_per_kwh_p75,contrib_absolute_lca_per_kwh_p95
reference,m0,SSP1,2060,"AESA (PBs-LCIA), 0.9.1, atmospheric aerosol loading, AOD (Global)",AAL,AOD,EU electricity market imports,150000,150000,0.00011942771883333333,0.000107639,0.00013934700000000001,0.000107639,0.000110856,0.000115815,0.000121773,0.00013934700000000001,1.6599538696612638e-05,9.5811976027069246e-06,3.2227961985769657e-05,9.5811976027069246e-06,1.0378367155634713e-05,1.2809297805457072e-05,1.6843881369214951e-05,3.2227961985769657e-05,0.1342987237553421,0.08901232455436156,0.23127847736779159,0.08901232455436156,0.093620256509658592,0.11060137119938757,0.13832197095591758,0.23127847736779159,1.7002791133405077e-16,1.5324393162957261e-16,1.9838716864757371e-16,1.5324393162957261e-16,1.5782403402152911e-16,1.648842403029205e-16,1.7336720698254489e-16,1.9838716864757371e-16,1.6342502956855901e-16,9.4328006448317238e-17,3.1728973816612748e-16,9.4328006448317238e-17,1.0217630520777868e-16,1.2610923360626955e-16,1.6583085836765474e-16,3.1728973816612748e-16
reference,m0,SSP1,2060,"AESA (PBs-LCIA), 0.9.1, atmospheric aerosol loading, AOD (Global)",AAL,AOD,Other life cycle contributions,150000,150000,0.00011942771883333333,0.000107639,0.00013934700000000001,0.000107639,0.000110856,0.000115815,0.000121773,0.00013934700000000001,3.9642199161255522e-06,-3.4631118230561785e-20,8.6217976020816825e-06,-3.4631118230561785e-20,-1.731557125829982e-20,1.7315507947655718e-20,8.5035919009520591e-06,8.6217976020816825e-06,0.030961430046831707,-3.1239732834092685e-16,0.070823772076312574,-3.1239732834092685e-16,-1.6086707660141603e-16,1.500737384958894e-16,0.069831505349724973,0.070823772076312574,1.7002791133405077e-16,1.5324393162957261e-16,1.9838716864757371e-16,1.5324393162957261e-16,1.5782403402152911e-16,1.648842403029205e-16,1.7336720698254489e-16,1.9838716864757371e-16,,,,,,,,
reference,m0,SSP1,2060,"AESA (PBs-LCIA), 0.9.1, atmospheric aerosol loading, AOD (Global)",AAL,AOD,Transmission corona,150000,150000,0.00011942771883333333,0.000107639,0.00013934700000000001,0.000107639,0.000110856,0.000115815,0.000121773,0.00013934700000000001,-2.4390466553292113e-21,-3.2872476467223313e-20,2.8949470697470013e-20,-3.2872476467223313e-20,-2.1644448894101112e-21,0,0,2.8949470697470013e-20,-1.9781720803919569e-17,-2.8383608744310593e-16,2.6894964369299245e-16,-2.8383608744310593e-16,-1.9524833021307925e-17,0,0,2.6894964369299245e-16,1.7002791133405077e-16,1.5324393162957261e-16,1.9838716864757371e-16,1.5324393162957261e-16,1.5782403402152911e-16,1.648842403029205e-16,1.7336720698254489e-16,1.9838716864757371e-16,,,,,,,,
reference,m0,SSP1,2060,"AESA (PBs-LCIA), 0.9.1, atmospheric aerosol loading, AOD (Global)",AAL,AOD,"electricity production, hydro, reservoir, alpine region",150000,150000,0.00011942771883333333,0.000107639,0.00013934700000000001,0.000107639,0.000110856,0.000115815,0.000121773,0.00013934700000000001,1.9499098482474293e-07,0,3.7123717928481781e-07,0,0,3.5692062800455947e-07,3.6577444359768984e-07,3.7123717928481781e-07,0.0017505688782347222,0,0.0033234095431276564,0,0,0.0032037972428522587,0.0032995457494198769,0.0033234095431276564,1.7002791133405077e-16,1.5324393162957261e-16,1.9838716864757371e-16,1.5324393162957261e-16,1.5782403402152911e-16,1.648842403029205e-16,1.7336720698254489e-16,1.9838716864757371e-16,2.3645835056953432e-17,0,4.5018546923786541e-17,0,0,4.3282662307280257e-17,4.4356060486738748e-17,4.5018546923786541e-17
reference,m0,SSP1,2060,"AESA (PBs-LCIA), 0.9.1, atmospheric aerosol loading, AOD (Global)",AAL,AOD,"electricity production, hydro, run-of-river",150000,80202,0.00011942771883333333,0.000107639,0.00013934700000000001,0.000107639,0.000110856,0.000115815,0.000121773,0.00013934700000000001,1.1808124464776809e-06,0,2.233205641737618e-06,0,0,2.1677763415391973e-06,2.2150702733315501e-06,2.233205641737618e-06,0.010603284252856508,0,0.020226991215084887,0,0,0.019125935961071969,0.020145103934271651,0.020226991215084887,1.7002791133405077e-16,1.5324393162957261e-16,1.9838716864757371e-16,1.5324393162957261e-16,1.5782403402152911e-16,1.648842403029205e-16,1.7336720698254489e-16,1.9838716864757371e-16,5.1011465456422985e-17,5.0072293782498696e-17,5.1583288037070055e-17,5.0072293782498696e-17,5.0289919557435081e-17,5.1164438725562215e-17,5.1583288037070055e-17,5.1583288037070055e-17
reference,m0,SSP1,2060,"AESA (PBs-LCIA), 0.9.1, atmospheric aerosol loading, AOD (Global)",AAL,AOD,"electricity production, photovoltaic",150000,150000,0.00011942771883333333,0.000107639,0.00013934700000000001,0.000107639,0.000110856,0.000115815,0.000121773,0.00013934700000000001,1.9667284706061766e-05,1.8393618855134464e-05,2.1049113587272053e-05,1.8393618855134464e-05,1.8884942862471618e-05,1.9817741601774826e-05,2.0303469141213367e-05,2.1049113587272053e-05,0.16533273786408401,0.1510553767736087,0.17111549973470469,0.1510553767736087,0.1619056575001401,0.1700472417555878,0.1706417776824013,0.17111549973470469,1.7002791133405077e-16,1.5324393162957261e-16,1.9838716864757371e-16,1.5324393162957261e-16,1.5782403402152911e-16,1.648842403029205e-16,1.7336720698254489e-16,1.9838716864757371e-16,8.9020433703841614e-17,8.325514047215769e-17,9.52752312046988e-17,8.325514047215769e-17,8.5479083034389282e-17,8.9701300831310431e-17,9.1900196600874164e-17,9.52752312046988e-17
reference,m0,SSP1,2060,"AESA (PBs-LCIA), 0.9.1, atmospheric aerosol loading, AOD (Global)",AAL,AOD,"electricity production, wave energy converter",150000,90084,0.00011942771883333333,0.000107639,0.00013934700000000001,0.000107639,0.000110856,0.000115815,0.000121773,0.00013934700000000001,1.4658789237385345e-06,0,2.8500967125762797e-06,0,0,2.5726662979239376e-06,2.763146714522489e-06,2.8500967125762797e-06,0.013158693580759589,0,0.025709900344377208,0,0,0.023725776033300078,0.024318302243720835,0.025709900344377208,1.7002791133405077e-16,1.5324393162957261e-16,1.9838716864757371e-16,1.5324393162957261e-16,1.5782403402152911e-16,1.648842403029205e-16,1.7336720698254489e-16,1.9838716864757371e-16,2.5862088453025062e-16,0,3.0198195470969659e-16,0,2.7734733453012703e-16,2.9114345593368236e-16,3.0198195470969659e-16,3.0198195470969659e-16
reference,m0,SSP1,2060,"AESA (PBs-LCIA), 0.9.1, atmospheric aerosol loading, AOD (Global)",AAL,AOD,"electricity production, wind, 1-3MW turbine, offshore",150000,150000,0.00011942771883333333,0.000107639,0.00013934700000000001,0.000107639,0.000110856,0.000115815,0.000121773,0.00013934700000000001,2.2878543356884843e-05,2.1930222544057288e-05,2.3309197523597417e-05,2.1930222544057288e-05,2.2839858329269811e-05,2.30046656117184e-05,2.3270275896575648e-05,2.3309197523597417e-05,0.19291181653512382,0.16727448401183675,0.20991444663866321,0.16727448401183675,0.18756093985752023,0.19863286803711436,0.20627538343258034,0.20991444663866321,1.7002791133405077e-16,1.5324393162957261e-16,1.9838716864757371e-16,1.5324393162957261e-16,1.5782403402152911e-16,1.648842403029205e-16,1.7336720698254489e-16,1.9838716864757371e-16,1.2473007061039133e-16,1.1956042651364871e-16,1.2707819862641312e-16,1.1956042651364871e-16,1.2451943018620288e-16,1.2541746915375588e-16,1.2686541371381489e-16,1.2707819862641312e-16
reference,m0,SSP1,2060,"AESA (PBs-LCIA), 0.9.1, atmospheric aerosol loading, AOD (Global)",AAL,AOD,"electricity production, wind, 1-3MW turbine, onshore",150000,150000,0.00011942771883333333,0.000107639,0.00013934700000000001,0.000107639,0.000110856,0.000115815,0.000121773,0.00013934700000000001,1.084275109974663e-05,1.0120298605087054e-05,1.1252414502322971e-05,1.0120298605087054e-05,1.0803646145864686e-05,1.0816741060058727e-05,1.1149202528910973e-05,1.1252414502322971e-05,0.091394145613487562,0.08001035206291468,0.10150478550843411,0.08001035206291468,0.088573858490089988,0.093396719423725141,0.096298447355834441,0.10150478550843411,1.7002791133405077e-16,1.5324393162957261e-16,1.9838716864757371e-16,1.5324393162957261e-16,1.5782403402152911e-16,1.648842403029205e-16,1.7336720698254489e-16,1.9838716864757371e-16,8.6069926499868696e-17,8.0335387199920277e-17,8.932161710866804e-17,8.0335387199920277e-17,8.5759549277925323e-17,8.5863322348925763e-17,8.8502732590040494e-17,8.932161710866804e-17
reference,m0,SSP1,2060,"AESA (PBs-LCIA), 0.9.1, atmospheric aerosol loading, AOD (Global)",AAL,AOD,"heat and power co-generation, wood chips, 6667 kW",150000,150000,0.00011942771883333333,0.000107639,0.00013934700000000001,0.000107639,0.000110856,0.000115815,0.000121773,0.00013934700000000001,4.1002691562226699e-05,3.8581821353497499e-05,4.298972677236825e-05,3.8581821353497499e-05,3.904993941001256e-05,4.0863895558338931e-05,4.2717130861097028e-05,4.298972677236825e-05,0.34495701880060059,0.30850844849453701,0.36651020464086131,0.30850844849453701,0.34803548164733977,0.34882848027345154,0.35416792822273296,0.36651020464086131,1.7002791133405077e-16,1.5324393162957261e-16,1.9838716864757371e-16,1.5324393162957261e-16,1.5782403402152911e-16,1.648842403029205e-16,1.7336720698254489e-16,1.9838716864757371e-16,5.09807997580282e-15,4.7970681146089964e-15,5.3451495960965314e-15,4.7970681146089964e-15,4.8552681362011197e-15,5.0808246683952364e-15,5.3112330591613892e-15,5.3451495960965314e-15
reference,m0,SSP1,2060,"AESA (PBs-LCIA), 0.9.1, atmospheric aerosol loading, AOD (Global)",AAL,AOD,transmission network construction,150000,120201,0.00011942771883333333,0.000107639,0.00013934700000000001,0.000107639,0.000110856,0.000115815,0.000121773,0.00013934700000000001,1.6310071406342574e-06,0,3.2285116755175793e-06,0,0,2.8929602374867265e-06,3.0391014315859499e-06,3.2285116755175793e-06,0.014631580672679471,0,0.027981553783303689,0,0,0.026843560117200495,0.027414857396856732,0.027981553783303689,1.7002791133405077e-16,1.5324393162957261e-16,1.9838716864757371e-16,1.5324393162957261e-16,1.5782403402152911e-16,1.648842403029205e-16,1.7336720698254489e-16,1.9838716864757371e-16,,,,,,,,
reference,m0,SSP1,2060,"AESA (PBs-LCIA), 0.9.1, biogeochemical flows, nitrogen, inverse modelling, surface water",N,Tg N yr-1,EU electricity market imports,150000,150000,0.010136283445466666,0.001272425,0.030018019999999999,0.001272425,0.004035762,0.0045941879999999999,0.011182081999999999,0.030018019999999999,0.0079457897404247718,0.00037838930299123423,0.028107679650652043,0.00037838930299123423,0.00058129371427473125,0.00064837952495187909,0.0099082389387169425,0.028107679650652043,0.4984903439305427,0.14048780146270548,0.93636021465279995,0.14048780146270548,0.14403567759316116,0.36864279934678668,0.88608176354966295,0.93636021465279995,1.4430927561458842e-14,1.8115395128272281e-15,4.2736361480952592e-14,1.8115395128272281e-15,5.7456754527667032e-15,6.5407008737727113e-15,1.5919820381380239e-14,4.2736361480952592e-14,7.8227561836387063e-14,3.7253038039620169e-15,2.7672457186569767e-13,3.7253038039620169e-15,5.7229295352295051e-15,6.3833997801368275e-15,9.7548184137152275e-14,2.7672457186569767e-13
reference,m0,SSP1,2060,"AESA (PBs-LCIA), 0.9.1, biogeochemical flows, nitrogen, inverse modelling, surface water",N,Tg N yr-1,Other life cycle contributions,150000,150000,0.010136283445466666,0.001272425,0.030018019999999999,0.001272425,0.004035762,0.0045941879999999999,0.011182081999999999,0.030018019999999999,0.00051524775389541835,-2.7704802836735429e-19,0.0019103403493479583,-2.7704802836735429e-19,0,5.5409594289989913e-19,0.00063232324545454022,0.0019103403493479583,0.028783614346375538,-2.0651230500631304e-16,0.072437956817132998,-2.0651230500631304e-16,0,1.2060800829223559e-16,0.063639785347200065,0.072437956817132998,1.4430927561458842e-14,1.8115395128272281e-15,4.2736361480952592e-14,1.8115395128272281e-15,5.7456754527667032e-15,6.5407008737727113e-15,1.5919820381380239e-14,4.2736361480952592e-14,,,,,,,,
reference,m0,SSP1,2060,"AESA (PBs-LCIA), 0.9.1, biogeochemical flows, nitrogen, inverse modelling, surface water",N,Tg N yr-1,Transmission corona,150000,150000,0.010136283445466666,0.001272425,0.030018019999999999,0.001272425,0.004035762,0.0045941879999999999,0.011182081999999999,0.030018019999999999,5.1954844889305282e-20,-3.89598789891592e-19,7.0127767773268479e-19,-3.89598789891592e-19,-6.0604260331708215e-20,0,3.116789098246043e-19,7.0127767773268479e-19,-9.9873597325655736e-18,-2.9040792891512772e-16,1.4912368233724093e-16,-2.9040792891512772e-16,-2.8267501943492714e-17,0,7.7229259263703926e-17,1.4912368233724093e-16,1.4430927561458842e-14,1.8115395128272281e-15,4.2736361480952592e-14,1.8115395128272281e-15,5.7456754527667032e-15,6.5407008737727113e-15,1.5919820381380239e-14,4.2736361480952592e-14,,,,,,,,
reference,m0,SSP1,2060,"AESA (PBs-LCIA), 0.9.1, biogeochemical flows, nitrogen, inverse modelling, surface water",N,Tg N yr-1,"electricity production, hydro, reservoir, alpine region",150000,150000,0.010136283445466666,0.001272425,0.030018019999999999,0.001272425,0.004035762,0.0045941879999999999,0.011182081999999999,0.030018019999999999,3.5425407267699869e-06,0,9.9969004908047904e-06,0,0,1.3124396343860333e-06,8.4560237328455838e-06,9.9969004908047904e-06,0.00093679454357848465,0,0.0021257978978706914,0,0,0.00097153197792728329,0.0020952731436704106,0.0021257978978706914,1.4430927561458842e-14,1.8115395128272281e-15,4.2736361480952592e-14,1.8115395128272281e-15,5.7456754527667032e-15,6.5407008737727113e-15,1.5919820381380239e-14,4.2736361480952592e-14,4.2959185323186458e-16,0,1.2122899512460762e-15,0,0,1.5915502476454128e-16,1.025433284820982e-15,1.2122899512460762e-15
reference,m0,SSP1,2060,"AESA (PBs-LCIA), 0.9.1, biogeochemical flows, nitrogen, inverse modelling, surface water",N,Tg N yr-1,"electricity production, hydro, run-of-river",150000,80202,0.010136283445466666,0.001272425,0.030018019999999999,0.001272425,0.004035762,0.0045941879999999999,0.011182081999999999,0.030018019999999999,1.7770733561766795e-05,0,5.022170805930103e-05,0,0,5.9790765243469405e-06,4.2904954902416919e-05,5.022170805930103e-05,0.0046461918610906806,0,0.010679430241216994,0,0,0.0044260047393301933,0.010631190566345814,0.010679430241216994,1.4430927561458842e-14,1.8115395128272281e-15,4.2736361480952592e-14,1.8115395128272281e-15,5.7456754527667032e-15,6.5407008737727113e-15,1.5919820381380239e-14,4.2736361480952592e-14,7.677031079392532e-16,1.3810704270037403e-16,1.1600409274541112e-15,1.3810704270037403e-16,1.4117427765054218e-16,9.9103584628325225e-16,1.1209781619141413e-15,1.1600409274541112e-15
reference,m0,SSP1,2060,"AESA (PBs-LCIA), 0.9.1, biogeochemical flows, nitrogen, inverse modelling, surface water",N,Tg N yr-1,"electricity production, photovoltaic",150000,150000,0.010136283445466666,0.001272425,0.030018019999999999,0.001272425,0.004035762,0.0045941879999999999,0.011182081999999999,0.030018019999999999,0.001025888841370233,0,0.0024282946503355308,0,0.00043109459099995365,0.00064151981582852226,0.002002098367095668,0.0024282946503355308,0.272969030258086,0,0.51636641455439258,0,0.057370337279633817,0.32140732899414609,0.49608930533952889,0.51636641455439258,1.4430927561458842e-14,1.8115395128272281e-15,4.2736361480952592e-14,1.8115395128272281e-15,5.7456754527667032e-15,6.5407008737727113e-15,1.5919820381380239e-14,4.2736361480952592e-14,4.6435065147996114e-15,0,1.0991250097512847e-14,0,1.9512735691511936e-15,2.9037271823403721e-15,9.0621490141311771e-15,1.0991250097512847e-14
reference,m0,SSP1,2060,"AESA (PBs-LCIA), 0.9.1, biogeochemical flows, nitrogen, inverse modelling, surface water",N,Tg N yr-1,"electricity production, wave energy converter",150000,90084,0.010136283445466666,0.001272425,0.030018019999999999,0.001272425,0.004035762,0.0045941879999999999,0.011182081999999999,0.030018019999999999,4.7079259124176673e-05,0,0.00012894033971327321,0,0,1.8668760740216618e-05,0.00011335240070119305,0.00012894033971327321,0.012544287894676683,0,0.028086988455016188,0,0,0.013894288645792063,0.027738909698210981,0.028086988455016188,1.4430927561458842e-14,1.8115395128272281e-15,4.2736361480952592e-14,1.8115395128272281e-15,5.7456754527667032e-15,6.5407008737727113e-15,1.5919820381380239e-14,4.2736361480952592e-14,8.3060814950098111e-15,0,1.3661919822520837e-14,0,1.9780548165726831e-15,1.2010296405099154e-14,1.3502716007411703e-14,1.3661919822520837e-14
reference,m0,SSP1,2060,"AESA (PBs-LCIA), 0.9.1, biogeochemical flows, nitrogen, inverse modelling, surface water",N,Tg N yr-1,"electricity production, wind, 1-3MW turbine, offshore",150000,150000,0.010136283445466666,0.001272425,0.030018019999999999,0.001272425,0.004035762,0.0045941879999999999,0.011182081999999999,0.030018019999999999,0.00029254983803345521,0,0.0007342790951774922,0,0,0.00016568739531052466,0.00066333169413759188,0.0007342790951774922,0.088316864576067772,0,0.1643634322682041,0,0,0.12350380588415152,0.15798393610019551,0.1643634322682041,1.4430927561458842e-14,1.8115395128272281e-15,4.2736361480952592e-14,1.8115395128272281e-15,5.7456754527667032e-15,6.5407008737727113e-15,1.5919820381380239e-14,4.2736361480952592e-14,1.594935575344852e-15,0,4.0031733717118433e-15,0,0,9.0330126109635541e-16,3.6163800476586638e-15,4.0031733717118433e-15
reference,m0,SSP1,2060,"AESA (PBs-LCIA), 0.9.1, biogeochemical flows, nitrogen, inverse modelling, surface water",N,Tg N yr-1,"electricity production, wind, 1-3MW turbine, onshore",150000,150000,0.010136283445466666,0.001272425,0.030018019999999999,0.001272425,0.004035762,0.0045941879999999999,0.011182081999999999,0.030018019999999999,0.0001736933777161488,0,0.00041020482048012531,0,0,0.00011657948584851226,0.00039060872817209041,0.00041020482048012531,0.054827276729159685,0,0.096786859128979955,0,0,0.086898645267038416,0.0941180233836897,0.096786859128979955,1.4430927561458842e-14,1.8115395128272281e-15,4.2736361480952592e-14,1.8115395128272281e-15,5.7456754527667032e-15,6.5407008737727113e-15,1.5919820381380239e-14,4.2736361480952592e-14,1.3787822691912173e-15,0,3.2562155232685946e-15,0,0,9.254105134179782e-16,3.1006618586979861e-15,3.2562155232685946e-15
reference,m0,SSP1,2060,"AESA (PBs-LCIA), 0.9.1, biogeochemical flows, nitrogen, inverse modelling, surface water",N,Tg N yr-1,"heat and power co-generation, wood chips, 6667 kW",150000,150000,0.010136283445466666,0.001272425,0.030018019999999999,0.001272425,0.004035762,0.0045941879999999999,0.011182081999999999,0.030018019999999999,4.8462788806917772e-05,0,0.00011664688357847473,0,0,4.4065110577134572e-05,8.9038682490845058e-05,0.00011664688357847473,0.017633873783428934,0,0.056794126396195764,0,0,0.022062421542906906,0.024804458155042262,0.056794126396195764,1.4430927561458842e-14,1.8115395128272281e-15,4.2736361480952592e-14,1.8115395128272281e-15,5.7456754527667032e-15,6.5407008737727113e-15,1.5919820381380239e-14,4.2736361480952592e-14,6.0256393170180758e-15,0,1.4503333286760614e-14,0,0,5.4788506483486327e-15,1.1070659485316369e-14,1.4503333286760614e-14
reference,m0,SSP1,2060,"AESA (PBs-LCIA), 0.9.1, biogeochemical flows, nitrogen, inverse modelling, surface water",N,Tg N yr-1,transmission network construction,150000,120201,0.010136283445466666,0.001272425,0.030018019999999999,0.001272425,0.004035762,0.0045941879999999999,0.011182081999999999,0.030018019999999999,6.625857180700897e-05,0,0.00016340751871399481,0,0,6.3194147302582409e-05,0.00014467743449261827,0.00016340751871399481,0.020851722076993623,0,0.047225037536386037,0,0,0.034522948957028801,0.035848851962186637,0.047225037536386037,1.4430927561458842e-14,1.8115395128272281e-15,4.2736361480952592e-14,1.8115395128272281e-15,5.7456754527667032e-15,6.5407008737727113e-15,1.5919820381380239e-14,4.2736361480952592e-14,,,,,,,,
reference,m0,SSP1,2060,"AESA (PBs-LCIA), 0.9.1, biogeochemical flows, phosphorus",P GLO,Tg P yr-1,EU electricity market imports,150000,150000,0.00028914762645333334,0.00026548499999999998,0.00030549599999999999,0.00026548499999999998,0.00028907500000000002,0.00028987700000000002,0.00030144699999999999,0.00030549599999999999,3.9331525722272119e-05,3.564140785125647e-05,4.9007361270649782e-05,3.564140785125647e-05,3.6620096082195102e-05,3.7709031847110304e-05,4.0880849206061267e-05,4.9007361270649782e-05,0.1358216429141397,0.1266802597325784,0.16212893358558719,0.1266802597325784,0.12981851053312782,0.13298669193040277,0.13561537917465183,0.16212893358558719,4.116567137765015e-16,3.7796887082617601e-16,4.349318427831392e-16,3.7796887082617601e-16,4.1155295732842888e-16,4.1269532295768771e-16,4.291669698907107e-16,4.349318427831392e-16,3.872251794121134e-16,3.5089576199186626e-16,4.8248508745364769e-16,3.5089576199186626e-16,3.6053040752476933e-16,3.7125161820254391e-16,4.0247829075707513e-16,4.8248508745364769e-16
reference,m0,SSP1,2060,"AESA (PBs-LCIA), 0.9.1, biogeochemical flows, phosphorus",P GLO,Tg P yr-1,Other life cycle contributions,150000,150000,0.00028914762645333334,0.00026548499999999998,0.00030549599999999999,0.00026548499999999998,0.00028907500000000002,0.00028987700000000002,0.00030144699999999999,0.00030549599999999999,6.360729389303506e-06,-3.4631007565178406e-20,1.3712447428014171e-05,-3.4631007565178406e-20,-3.4630950057609927e-20,3.4631039328718673e-20,1.3641751765184526e-05,1.3712447428014171e-05,0.021822561049848387,-1.3044409310360258e-16,0.047206979698818041,-1.3044409310360258e-16,-1.1488257493084491e-16,1.1946781035211344e-16,0.047172181341748547,0.047206979698818041,4.116567137765015e-16,3.7796887082617601e-16,4.349318427831392e-16,3.7796887082617601e-16,4.1155295732842888e-16,4.1269532295768771e-16,4.291669698907107e-16,4.349318427831392e-16,,,,,,,,
reference,m0,SSP1,2060,"AESA (PBs-LCIA), 0.9.1, biogeochemical flows, phosphorus",P GLO,Tg P yr-1,Transmission corona,150000,150000,0.00028914762645333334,0.00026548499999999998,0.00030549599999999999,0.00026548499999999998,0.00028907500000000002,0.00028987700000000002,0.00030144699999999999,0.00030549599999999999,-1.8028746019754935e-20,-1.4880511063162592e-19,1.0713956486507873e-19,-1.4880511063162592e-19,-8.062518060287315e-20,0,0,1.0713956486507873e-19,-6.5451525211607481e-17,-4.9363606415597414e-16,3.6960353827685098e-16,-4.9363606415597414e-16,-3.0369015425682487e-16,0,0,3.6960353827685098e-16,4.116567137765015e-16,3.7796887082617601e-16,4.349318427831392e-16,3.7796887082617601e-16,4.1155295732842888e-16,4.1269532295768771e-16,4.291669698907107e-16,4.349318427831392e-16,,,,,,,,
reference,m0,SSP1,2060,"AESA (PBs-LCIA), 0.9.1, biogeochemical flows, phosphorus",P GLO,Tg P yr-1,"electricity production, hydro, reservoir, alpine region",150000,150000,0.00028914762645333334,0.00026548499999999998,0.00030549599999999999,0.00026548499999999998,0.00028907500000000002,0.00028987700000000002,0.00030144699999999999,0.00030549599999999999,2.4962132771482162e-07,0,5.4622178506029466e-07,0,0,4.1443467044218877e-07,4.77608393528581e-07,5.4622178506029466e-07,0.00086848647024993677,0,0.0018119994063974586,0,0,0.0015610474054737133,0.0015633867334714073,0.0018119994063974586,4.116567137765015e-16,3.7796887082617601e-16,4.349318427831392e-16,3.7796887082617601e-16,4.1155295732842888e-16,4.1269532295768771e-16,4.291669698907107e-16,4.349318427831392e-16,3.0270739671760523e-17,0,6.6238427490350757e-17,0,0,5.0257143167658497e-17,5.7917965788954616e-17,6.6238427490350757e-17
reference,m0,SSP1,2060,"AESA (PBs-LCIA), 0.9.1, biogeochemical flows, phosphorus",P GLO,Tg P yr-1,"electricity production, hydro, run-of-river",150000,80202,0.00028914762645333334,0.00026548499999999998,0.00030549599999999999,0.00026548499999999998,0.00028907500000000002,0.00028987700000000002,0.00030144699999999999,0.00030549599999999999,1.7141157590868206e-06,0,3.6898257486056438e-06,0,0,2.829120894459772e-06,3.341243701832402e-06,3.6898257486056438e-06,0.0059615630959487511,0,0.012240379730452266,0,0,0.010656424635891941,0.010937111130202693,0.012240379730452266,4.116567137765015e-16,3.7796887082617601e-16,4.349318427831392e-16,3.7796887082617601e-16,4.1155295732842888e-16,4.1269532295768771e-16,4.291669698907107e-16,4.349318427831392e-16,7.4050543029435939e-17,6.5348243774127262e-17,8.5229030887640979e-17,6.5348243774127262e-17,6.5348243774127262e-17,7.7177409871777527e-17,7.8399479538160628e-17,8.5229030887640979e-17
reference,m0,SSP1,2060,"AESA (PBs-LCIA), 0.9.1, biogeochemical flows, phosphorus",P GLO,Tg P yr-1,"electricity production, photovoltaic",150000,150000,0.00028914762645333334,0.00026548499999999998,0.00030549599999999999,0.00026548499999999998,0.00028907500000000002,0.00028987700000000002,0.00030144699999999999,0.00030549599999999999,0.00011874102634624498,0.00011634387147842237,0.00012470887660280829,0.00011634387147842237,0.00011715964166337232,0.00011850325432532095,0.00011936861207565259,0.00012470887660280829,0.41156007727694699,0.38790443843886974,0.44962469471214039,0.38790443843886974,0.40246950264956277,0.40333812432523392,0.42270601795969948,0.44962469471214039,4.116567137765015e-16,3.7796887082617601e-16,4.349318427831392e-16,3.7796887082617601e-16,4.1155295732842888e-16,4.1269532295768771e-16,4.291669698907107e-16,4.349318427831392e-16,5.3746059105736219e-16,5.2660981276183953e-16,5.6447268919659653e-16,5.2660981276183953e-16,5.3030292641385708e-16,5.3638447274830406e-16,5.4030182285445255e-16,5.6447268919659653e-16
reference,m0,SSP1,2060,"AESA (PBs-LCIA), 0.9.1, biogeochemical flows, phosphorus",P GLO,Tg P yr-1,"electricity production, wave energy converter",150000,90084,0.00028914762645333334,0.00026548499999999998,0.00030549599999999999,0.00026548499999999998,0.00028907500000000002,0.00028987700000000002,0.00030144699999999999,0.00030549599999999999,5.0347543263851376e-06,0,1.0143188211014093e-05,0,0,8.6019455581325226e-06,9.5933706734819949e-06,1.0143188211014093e-05,0.017529514085057183,0,0.033290299981338652,0,0,0.032371297922577445,0.033094625215115359,0.033290299981338652,4.116567137765015e-16,3.7796887082617601e-16,4.349318427831392e-16,3.7796887082617601e-16,4.1155295732842888e-16,4.1269532295768771e-16,4.291669698907107e-16,4.349318427831392e-16,8.8827004204845042e-16,0,1.0747238043451813e-15,0,9.1142343941206345e-16,1.0164697839731243e-15,1.0735490376621936e-15,1.0747238043451813e-15
reference,m0,SSP1,2060,"AESA (PBs-LCIA), 0.9.1, biogeochemical flows, phosphorus",P GLO,Tg P yr-1,"electricity production, wind, 1-3MW turbine, offshore",150000,150000,0.00028914762645333334,0.00026548499999999998,0.00030549599999999999,0.00026548499999999998,0.00028907500000000002,0.00028987700000000002,0.00030144699999999999,0.00030549599999999999,5.4129402883119793e-05,5.0342152038804208e-05,5.9708954682360121e-05,5.0342152038804208e-05,5.1582970044799927e-05,5.2591744620066282e-05,5.7045835722484997e-05,5.9708954682360121e-05,0.18719511043071571,0.17064970869079024,0.19679324583352592,0.17064970869079024,0.18105428907846211,0.18962333856452987,0.19542649953099017,0.19679324583352592,4.116567137765015e-16,3.7796887082617601e-16,4.349318427831392e-16,3.7796887082617601e-16,4.1155295732842888e-16,4.1269532295768771e-16,4.291669698907107e-16,4.349318427831392e-16,2.9510500924575844e-16,2.7445780998357146e-16,3.255233642443738e-16,2.7445780998357146e-16,2.8122211112861711e-16,2.8672205128028785e-16,3.1100509776435922e-16,3.255233642443738e-16
reference,m0,SSP1,2060,"AESA (PBs-LCIA), 0.9.1, biogeochemical flows, phosphorus",P GLO,Tg P yr-1,"electricity production, wind, 1-3MW turbine, onshore",150000,150000,0.00028914762645333334,0.00026548499999999998,0.00030549599999999999,0.00026548499999999998,0.00028907500000000002,0.00028987700000000002,0.00030144699999999999,0.00030549599999999999,4.5317236055187258e-05,4.1608085964883133e-05,5.0561823988867846e-05,4.1608085964883133e-05,4.3051779667150996e-05,4.4190411141792868e-05,4.7587960163940425e-05,5.0561823988867846e-05,0.15667270905807909,0.14242634056237385,0.16594568228215603,0.14242634056237385,0.15185759693164258,0.15672480917898615,0.16416604340441091,0.16594568228215603,4.116567137765015e-16,3.7796887082617601e-16,4.349318427831392e-16,3.7796887082617601e-16,4.1155295732842888e-16,4.1269532295768771e-16,4.291669698907107e-16,4.349318427831392e-16,3.5972937654074789e-16,3.3028640833368151e-16,4.0136045213895931e-16,3.3028640833368151e-16,3.4174594993898355e-16,3.5078430531884694e-16,3.7775463152118048e-16,4.0136045213895931e-16
reference,m0,SSP1,2060,"AESA (PBs-LCIA), 0.9.1, biogeochemical flows, phosphorus",P GLO,Tg P yr-1,"heat and power co-generation, wood chips, 6667 kW",150000,150000,0.00028914762645333334,0.00026548499999999998,0.00030549599999999999,0.00026548499999999998,0.00028907500000000002,0.00028987700000000002,0.00030144699999999999,0.00030549599999999999,1.7263906880299464e-05,4.9873306450747242e-06,2.7430807039317966e-05,4.9873306450747242e-06,8.5839777654577536e-06,1.6052160198517193e-05,2.5700790761222176e-05,2.7430807039317966e-05,0.05906580970470704,0.018785734203720452,0.090748152468680621,0.018785734203720452,0.029612483106482242,0.052683753593064382,0.088906999087510763,0.090748152468680621,4.116567137765015e-16,3.7796887082617601e-16,4.349318427831392e-16,3.7796887082617601e-16,4.1155295732842888e-16,4.1269532295768771e-16,4.291669698907107e-16,4.349318427831392e-16,2.1465143169664455e-15,6.2010242534889446e-16,3.4106186038247006e-15,6.2010242534889446e-16,1.0672928414305266e-15,1.9958487857360105e-15,3.1955153041311024e-15,3.4106186038247006e-15
reference,m0,SSP1,2060,"AESA (PBs-LCIA), 0.9.1, biogeochemical flows, phosphorus",P GLO,Tg P yr-1,transmission network construction,150000,120201,0.00028914762645333334,0.00026548499999999998,0.00030549599999999999,0.00026548499999999998,0.00028907500000000002,0.00028987700000000002,0.00030144699999999999,0.00030549599999999999,1.005307763719433e-06,0,2.6087039343433154e-06,0,0,1.6719800203631874e-06,1.6919103012944537e-06,2.6087039343433154e-06,0.0035025259143072057,0,0.0086539389489472957,0,0,0.0054730013498153407,0.0063729035587489075,0.0086539389489472957,4.116567137765015e-16,3.7796887082617601e-16,4.349318427831392e-16,3.7796887082617601e-16,4.1155295732842888e-16,4.1269532295768771e-16,4.291669698907107e-16,4.349318427831392e-16,,,,,,,,
reference,m0,SSP1,2060,"AESA (PBs-LCIA), 0.9.1, change in biosphere integrity, functional diversity, total",BI FD,%BII loss,EU electricity market imports,150000,150000,0.0090601445139999997,0.004932667,0.015629997999999999,0.004932667,0.0050294809999999997,0.0064691840000000002,0.012373228,0.015629997999999999,0.0029860566325311927,0.00057371519956216739,0.0077884996264870106,0.00057371519956216739,0.00076952313312337066,0.00080071105826238955,0.0048538830576831428,0.0077884996264870106,0.25924855932748442,0.10634122512937166,0.49830458241178349,0.10634122512937166,0.1198403816343355,0.16232822087166832,0.39228914699406997,0.49830458241178349,1.2898839287709638e-14,7.0225901474212543e-15,2.2252275466940919e-14,7.0225901474212543e-15,7.1604232887927311e-15,9.2101134519982094e-15,1.7615643518251389e-14,2.2252275466940919e-14,2.9398202157336397e-14,5.6483174528010107e-15,7.6679016883320203e-14,5.6483174528010107e-15,7.5760778813207238e-15,7.8831280151312881e-15,4.7787249423963765e-14,7.6679016883320203e-14
reference,m0,SSP1,2060,"AESA (PBs-LCIA), 0.9.1, change in biosphere integrity, functional diversity, total",BI FD,%BII loss,Other life cycle contributions,150000,150000,0.0090601445139999997,0.004932667,0.015629997999999999,0.004932667,0.0050294809999999997,0.0064691840000000002,0.012373228,0.015629997999999999,0.00073699536146636915,0,0.0017287558428591605,0,0,1.1081917566155516e-18,0.0016255996808504012,0.0017287558428591605,0.056327418235016039,0,0.13138040298379705,0,0,2.1657809086137074e-16,0.12173826020197646,0.13138040298379705,1.2898839287709638e-14,7.0225901474212543e-15,2.2252275466940919e-14,7.0225901474212543e-15,7.1604232887927311e-15,9.2101134519982094e-15,1.7615643518251389e-14,2.2252275466940919e-14,,,,,,,,
reference,m0,SSP1,2060,"AESA (PBs-LCIA), 0.9.1, change in biosphere integrity, functional diversity, total",BI FD,%BII loss,Transmission corona,150000,150000,0.0090601445139999997,0.004932667,0.015629997999999999,0.004932667,0.0050294809999999997,0.0064691840000000002,0.012373228,0.015629997999999999,0.00011983445324149862,0,0.00022412370861188641,0,0,0.00022412368330717528,0.00022412368365353275,0.00022412370861188641,0.022301864713179603,0,0.045436613358893936,0,0,0.034644818977460898,0.044561990323361944,0.045436613358893936,1.2898839287709638e-14,7.0225901474212543e-15,2.2252275466940919e-14,7.0225901474212543e-15,7.1604232887927311e-15,9.2101134519982094e-15,1.7615643518251389e-14,2.2252275466940919e-14,,,,,,,,
reference,m0,SSP1,2060,"AESA (PBs-LCIA), 0.9.1, change in biosphere integrity, functional diversity, total",BI FD,%BII loss,"electricity production, hydro, reservoir, alpine region",150000,150000,0.0090601445139999997,0.004932667,0.015629997999999999,0.004932667,0.0050294809999999997,0.0064691840000000002,0.012373228,0.015629997999999999,1.6580597239758314e-05,0,3.2025013336661364e-05,0,0,2.9509476319451249e-05,3.1343180080822624e-05,3.2025013336661364e-05,0.0030811887734664501,0,0.0063542055607691793,0,0,0.0049047120237911438,0.0059989197190213729,0.0063542055607691793,1.2898839287709638e-14,7.0225901474212543e-15,2.2252275466940919e-14,7.0225901474212543e-15,7.1604232887927311e-15,9.2101134519982094e-15,1.7615643518251389e-14,2.2252275466940919e-14,2.0106725998327827e-15,0,3.8835640148576339e-15,0,0,3.5785137415107167e-15,3.8008808532459916e-15,3.8835640148576339e-15
reference,m0,SSP1,2060,"AESA (PBs-LCIA), 0.9.1, change in biosphere integrity, functional diversity, total",BI FD,%BII loss,"electricity production, hydro, run-of-river",150000,80202,0.0090601445139999997,0.004932667,0.015629997999999999,0.004932667,0.0050294809999999997,0.0064691840000000002,0.012373228,0.015629997999999999,9.9129210602996907e-05,0,0.00018845051920718617,0,0,0.00017805469465601915,0.00018783845976559006,0.00018845051920718617,0.018443037978356999,0,0.038204589770034381,0,0,0.028950598363581933,0.036198513464868243,0.038204589770034381,1.2898839287709638e-14,7.0225901474212543e-15,2.2252275466940919e-14,7.0225901474212543e-15,7.1604232887927311e-15,9.2101134519982094e-15,1.7615643518251389e-14,2.2252275466940919e-14,4.2824233148129895e-15,4.1127784216436643e-15,4.3529054403706045e-15,4.1127784216436643e-15,4.2052885612064046e-15,4.2939593950765812e-15,4.3529054403706045e-15,4.3529054403706045e-15
reference,m0,SSP1,2060,"AESA (PBs-LCIA), 0.9.1, change in biosphere integrity, functional diversity, total",BI FD,%BII loss,"electricity production, photovoltaic",150000,150000,0.0090601445139999997,0.004932667,0.015629997999999999,0.004932667,0.0050294809999999997,0.0064691840000000002,0.012373228,0.015629997999999999,0.002046540410277149,0.0019125494221114378,0.0021868032798233357,0.0019125494221114378,0.0019715927487494421,0.0020563210225249691,0.0020923467170909319,0.0021868032798233357,0.27577207613404958,0.13991065640720721,0.41687813560594489,0.13991065640720721,0.16910273673862083,0.29597242332400869,0.40108825788443203,0.41687813560594489,1.2898839287709638e-14,7.0225901474212543e-15,2.2252275466940919e-14,7.0225901474212543e-15,7.1604232887927311e-15,9.2101134519982094e-15,1.7615643518251389e-14,2.2252275466940919e-14,9.2633074440976929e-15,8.6568209122419482e-15,9.8981826898754071e-15,8.6568209122419482e-15,8.9240700320706643e-15,9.3075779981352536e-15,9.4706414051563003e-15,9.8981826898754071e-15
reference,m0,SSP1,2060,"AESA (PBs-LCIA), 0.9.1, change in biosphere integrity, functional diversity, total",BI FD,%BII loss,"electricity production, wave energy converter",150000,90084,0.0090601445139999997,0.004932667,0.015629997999999999,0.004932667,0.0050294809999999997,0.0064691840000000002,0.012373228,0.015629997999999999,4.5665006501534781e-05,0,9.1310696164702401e-05,0,0,7.7819100521055328e-05,8.3225891272371516e-05,9.1310696164702401e-05,0.008523400351365942,0,0.018511425191423302,0,0,0.012864975130151115,0.01649834365053,0.018511425191423302,1.2898839287709638e-14,7.0225901474212543e-15,2.2252275466940919e-14,7.0225901474212543e-15,7.1604232887927311e-15,9.2101134519982094e-15,1.7615643518251389e-14,2.2252275466940919e-14,8.0565683736487264e-15,0,9.6748588572203009e-15,0,8.7559466527394343e-15,8.7919761376509699e-15,9.6748588572203009e-15,9.6748588572203009e-15
reference,m0,SSP1,2060,"AESA (PBs-LCIA), 0.9.1, change in biosphere integrity, functional diversity, total",BI FD,%BII loss,"electricity production, wind, 1-3MW turbine, offshore",150000,150000,0.0090601445139999997,0.004932667,0.015629997999999999,0.004932667,0.0050294809999999997,0.0064691840000000002,0.012373228,0.015629997999999999,0.0003035699807107625,0,0.00056014204352345276,0,0,0.00043936845461303508,0.00052234766578121948,0.00056014204352345276,0.054606306508257145,0,0.11355764407438264,0,0,0.079948208898607417,0.093669368389128996,0.11355764407438264,1.2898839287709638e-14,7.0225901474212543e-15,2.2252275466940919e-14,7.0225901474212543e-15,7.1604232887927311e-15,9.2101134519982094e-15,1.7615643518251389e-14,2.2252275466940919e-14,1.6550156745163228e-15,0,3.0538061716711033e-15,0,0,2.3953675074031935e-15,2.8477568571470231e-15,3.0538061716711033e-15
reference,m0,SSP1,2060,"AESA (PBs-LCIA), 0.9.1, change in biosphere integrity, functional diversity, total",BI FD,%BII loss,"electricity production, wind, 1-3MW turbine, onshore",150000,150000,0.0090601445139999997,0.004932667,0.015629997999999999,0.004932667,0.0050294809999999997,0.0064691840000000002,0.012373228,0.015629997999999999,0.00022937996888564523,0,0.0004643694557243689,0,0,0.00036619326720405967,0.00043226513284020117,0.0004643694557243689,0.042737435157489144,0,0.094141659212829271,0,0,0.066212724948665966,0.079950713781497887,0.094141659212829271,1.2898839287709638e-14,7.0225901474212543e-15,2.2252275466940919e-14,7.0225901474212543e-15,7.1604232887927311e-15,9.2101134519982094e-15,1.7615643518251389e-14,2.2252275466940919e-14,1.8208238197868143e-15,0,3.6861761984903318e-15,0,0,2.9068511159662131e-15,3.431330903802965e-15,3.6861761984903318e-15
reference,m0,SSP1,2060,"AESA (PBs-LCIA), 0.9.1, change in biosphere integrity, functional diversity, total",BI FD,%BII loss,"heat and power co-generation, wood chips, 6667 kW",150000,150000,0.0090601445139999997,0.004932667,0.015629997999999999,0.004932667,0.0050294809999999997,0.0064691840000000002,0.012373228,0.015629997999999999,0.0024083692245338677,0.00038324752587371266,0.0040921540202803457,0.00038324752587371266,0.00078381865363572523,0.0021677103551844996,0.0039259392508304925,0.0040921540202803457,0.24631682048285738,0.077695803481912046,0.49017964914428369,0.077695803481912046,0.15584483839102389,0.25117976667882447,0.30722771328351234,0.49017964914428369,1.2898839287709638e-14,7.0225901474212543e-15,2.2252275466940919e-14,7.0225901474212543e-15,7.1604232887927311e-15,9.2101134519982094e-15,1.7615643518251389e-14,2.2252275466940919e-14,2.9944550414117723e-13,4.7651229254625598e-14,5.087995336220185e-13,4.7651229254625598e-14,9.7456395094995004e-14,2.695230744010909e-13,4.8813315149844572e-13,5.087995336220185e-13
reference,m0,SSP1,2060,"AESA (PBs-LCIA), 0.9.1, change in biosphere integrity, functional diversity, total",BI FD,%BII loss,transmission network construction,150000,120201,0.0090601445139999997,0.004932667,0.015629997999999999,0.004932667,0.0050294809999999997,0.0064691840000000002,0.012373228,0.015629997999999999,6.8023668009224958e-05,0,0.00013264781533121959,0,0,0.00011403778723234728,0.00013240806419764057,0.00013264781533121959,0.012641892338477328,0,0.026891702872141904,0,0,0.020146521230704796,0.023767676158786381,0.026891702872141904,1.2898839287709638e-14,7.0225901474212543e-15,2.2252275466940919e-14,7.0225901474212543e-15,7.1604232887927311e-15,9.2101134519982094e-15,1.7615643518251389e-14,2.2252275466940919e-14,,,,,,,,
reference,m0,SSP1,2060,"AESA (PBs-LCIA), 0.9.1, climate change, atmospheric CO2 concentration",aCO2,ppm,EU electricity market imports,150000,150000,0.47257550860455999,0.12914463400000001,1.1106221679999999,0.12914463400000001,0.18177791200000001,0.217294827,0.70063676699999999,1.1106221679999999,0.30450301384584666,0.018258716258625733,0.89309318186981967,0.018258716258625733,0.030210282015444189,0.048724662498054343,0.52232108331438964,0.89309318186981967,0.4239609207822615,0.14138191958192961,0.80413772352310886,0.14138191958192961,0.1868131835987078,0.22423296113742433,0.74549482401683553,0.80413772352310886,6.728011229006814e-13,1.8386195035759789e-13,1.5811819027869419e-12,1.8386195035759789e-13,2.5879543262418242e-13,3.0936051647326271e-13,9.9748970290437739e-13,1.5811819027869419e-12,2.9978805211049144e-12,1.7975996056540722e-13,8.7926441837704748e-12,1.7975996056540722e-13,2.9742502256326746e-13,4.7970203822544722e-13,5.14233400103601e-12,8.7926441837704748e-12
reference,m0,SSP1,2060,"AESA (PBs-LCIA), 0.9.1, climate change, atmospheric CO2 concentration",aCO2,ppm,Other life cycle contributions,150000,150000,0.47257550860455999,0.12914463400000001,1.1106221679999999,0.12914463400000001,0.18177791200000001,0.217294827,0.70063676699999999,1.1106221679999999,0.039237241613893324,-7.092427532758261e-17,0.12818824935575399,-7.092427532758261e-17,0,7.0924275087508546e-17,0.062322404615343781,0.12818824935575399,0.047777927379275532,-3.857149209922829e-16,0.11542021494726189,-3.857149209922829e-16,0,4.1796738850745795e-16,0.10523425837814623,0.11542021494726189,6.728011229006814e-13,1.8386195035759789e-13,1.5811819027869419e-12,1.8386195035759789e-13,2.5879543262418242e-13,3.0936051647326271e-13,9.9748970290437739e-13,1.5811819027869419e-12,,,,,,,,
reference,m0,SSP1,2060,"AESA (PBs-LCIA), 0.9.1, climate change, atmospheric CO2 concentration",aCO2,ppm,Transmission corona,150000,150000,0.47257550860455999,0.12914463400000001,1.1106221679999999,0.12914463400000001,0.18177791200000001,0.217294827,0.70063676699999999,1.1106221679999999,7.2830272720922591e-18,-5.3747302396683698e-17,5.3193206439517648e-17,-5.3747302396683698e-17,0,0,4.5712911767125016e-17,5.3193206439517648e-17,2.7080320644913378e-17,-2.9229958856446441e-16,2.5147671278744257e-16,-2.9229958856446441e-16,0,0,2.4479738967516999e-16,2.5147671278744257e-16,6.728011229006814e-13,1.8386195035759789e-13,1.5811819027869419e-12,1.8386195035759789e-13,2.5879543262418242e-13,3.0936051647326271e-13,9.9748970290437739e-13,1.5811819027869419e-12,,,,,,,,
reference,m0,SSP1,2060,"AESA (PBs-LCIA), 0.9.1, climate change, atmospheric CO2 concentration",aCO2,ppm,"electricity production, hydro, reservoir, alpine region",150000,150000,0.47257550860455999,0.12914463400000001,1.1106221679999999,0.12914463400000001,0.18177791200000001,0.217294827,0.70063676699999999,1.1106221679999999,0.00037827919362462759,0,0.00079931278309912205,0,0,0.00048601498397910214,0.00077295288417481261,0.00079931278309912205,0.0020340152379195527,0,0.004397194215208732,0,0,0.0035571619207244755,0.0035734221632761336,0.004397194215208732,6.728011229006814e-13,1.8386195035759789e-13,1.5811819027869419e-12,1.8386195035759789e-13,2.5879543262418242e-13,3.0936051647326271e-13,9.9748970290437739e-13,1.5811819027869419e-12,4.5872628311226552e-14,0,9.6929936474301567e-14,0,0,5.8937380367207397e-14,9.3733361353998065e-14,9.6929936474301567e-14
reference,m0,SSP1,2060,"AESA (PBs-LCIA), 0.9.1, climate change, atmospheric CO2 concentration",aCO2,ppm,"electricity production, hydro, run-of-river",150000,80202,0.47257550860455999,0.12914463400000001,1.1106221679999999,0.12914463400000001,0.18177791200000001,0.217294827,0.70063676699999999,1.1106221679999999,0.0014983404803849824,0,0.0033202868739182312,0,0,0.0016816968941023929,0.0028967964280256016,0.0033202868739182312,0.0079757908550008392,0,0.015935909903209811,0,0,0.013021810059118621,0.015280100864611155,0.015935909903209811,6.728011229006814e-13,1.8386195035759789e-13,1.5811819027869419e-12,1.8386195035759789e-13,2.5879543262418242e-13,3.0936051647326271e-13,9.9748970290437739e-13,1.5811819027869419e-12,6.4728931743007276e-14,3.8844504711716959e-14,7.6693308706925151e-14,3.8844504711716959e-14,5.5761996899343236e-14,6.561678858811138e-14,7.6693308706925151e-14,7.6693308706925151e-14
reference,m0,SSP1,2060,"AESA (PBs-LCIA), 0.9.1, climate change, atmospheric CO2 concentration",aCO2,ppm,"electricity production, photovoltaic",150000,150000,0.47257550860455999,0.12914463400000001,1.1106221679999999,0.12914463400000001,0.18177791200000001,0.217294827,0.70063676699999999,1.1106221679999999,0.062805552178200205,0.040218846020018052,0.089340736774426194,0.040218846020018052,0.053912253041320406,0.055657298114308772,0.069480276262863613,0.089340736774426194,0.20663074268985041,0.080442061529629225,0.31417267538157839,0.080442061529629225,0.099167328258215171,0.25613724395891291,0.29658308013418266,0.31417267538157839,6.728011229006814e-13,1.8386195035759789e-13,1.5811819027869419e-12,1.8386195035759789e-13,2.5879543262418242e-13,3.0936051647326271e-13,9.9748970290437739e-13,1.5811819027869419e-12,2.8427834533988337e-13,1.8204357090928263e-13,4.0438521677708152e-13,1.8204357090928263e-13,2.4402438232602335e-13,2.5192302348907593e-13,3.1449031642722286e-13,4.0438521677708152e-13
reference,m0,SSP1,2060,"AESA (PBs-LCIA), 0.9.1, climate change, atmospheric CO2 concentration",aCO2,ppm,"electricity production, wave energy converter",150000,90084,0.47257550860455999,0.12914463400000001,1.1106221679999999,0.12914463400000001,0.18177791200000001,0.217294827,0.70063676699999999,1.1106221679999999,0.0043782933461129735,0,0.0088406856676907022,0,0,0.0070023460395856277,0.0081658829101990127,0.0088406856676907022,0.023798939250210531,0,0.054220960040706201,0,0,0.040685209996695886,0.044409377000919729,0.054220960040706201,6.728011229006814e-13,1.8386195035759789e-13,1.5811819027869419e-12,1.8386195035759789e-13,2.5879543262418242e-13,3.0936051647326271e-13,9.9748970290437739e-13,1.5811819027869419e-12,7.7245183417865078e-13,0,9.3671808448921946e-13,0,8.2139521630443222e-13,8.599656792186967e-13,9.3671808448921946e-13,9.3671808448921946e-13
reference,m0,SSP1,2060,"AESA (PBs-LCIA), 0.9.1, climate change, atmospheric CO2 concentration",aCO2,ppm,"electricity production, wind, 1-3MW turbine, offshore",150000,150000,0.47257550860455999,0.12914463400000001,1.1106221679999999,0.12914463400000001,0.18177791200000001,0.217294827,0.70063676699999999,1.1106221679999999,0.035026404875477035,0,0.050807786771869458,0,0.032523621992899002,0.043392312357240427,0.046513002807402865,0.050807786771869458,0.15361986940501982,0,0.25183874068588091,0,0.066386757016139955,0.22996260143965919,0.23381958730140162,0.25183874068588091,6.728011229006814e-13,1.8386195035759789e-13,1.5811819027869419e-12,1.8386195035759789e-13,2.5879543262418242e-13,3.0936051647326271e-13,9.9748970290437739e-13,1.5811819027869419e-12,1.9095842860617486e-13,0,2.7699603054583944e-13,0,1.7731365147152994e-13,2.3656803508398804e-13,2.5358154693376991e-13,2.7699603054583944e-13
reference,m0,SSP1,2060,"AESA (PBs-LCIA), 0.9.1, climate change, atmospheric CO2 concentration",aCO2,ppm,"electricity production, wind, 1-3MW turbine, onshore",150000,150000,0.47257550860455999,0.12914463400000001,1.1106221679999999,0.12914463400000001,0.18177791200000001,0.217294827,0.70063676699999999,1.1106221679999999,0.016032646482196659,0,0.032506205531872903,0,0,0.021068509977456483,0.026670841303595007,0.032506205531872903,0.086925009260280406,0,0.14959493505049204,0,0,0.14349470932660505,0.14535241566382986,0.14959493505049204,6.728011229006814e-13,1.8386195035759789e-13,1.5811819027869419e-12,1.8386195035759789e-13,2.5879543262418242e-13,3.0936051647326271e-13,9.9748970290437739e-13,1.5811819027869419e-12,1.2726753509946361e-13,0,2.5803504465879765e-13,0,0,1.6724234172487354e-13,2.1171378224523487e-13,2.5803504465879765e-13
reference,m0,SSP1,2060,"AESA (PBs-LCIA), 0.9.1, climate change, atmospheric CO2 concentration",aCO2,ppm,"heat and power co-generation, wood chips, 6667 kW",150000,150000,0.47257550860455999,0.12914463400000001,1.1106221679999999,0.12914463400000001,0.18177791200000001,0.217294827,0.70063676699999999,1.1106221679999999,0.0039063543977019659,0,0.0082516517034407384,0,0,0.0050726479628621056,0.0067066222230842843,0.0082516517034407384,0.021323594648456876,0,0.051140247925773125,0,0,0.029893875111718538,0.030864159610593418,0.051140247925773125,6.728011229006814e-13,1.8386195035759789e-13,1.5811819027869419e-12,1.8386195035759789e-13,2.5879543262418242e-13,3.0936051647326271e-13,9.9748970290437739e-13,1.5811819027869419e-12,4.8569805220729292e-13,0,1.0259722401907305e-12,0,0,6.3070960498521249e-13,8.3387041131639279e-13,1.0259722401907305e-12
reference,m0,SSP1,2060,"AESA (PBs-LCIA), 0.9.1, climate change, atmospheric CO2 concentration",aCO2,ppm,transmission network construction,150000,120201,0.47257550860455999,0.12914463400000001,1.1106221679999999,0.12914463400000001,0.18177791200000001,0.217294827,0.70063676699999999,1.1106221679999999,0.0048093821911215006,0,0.0099583264350264402,0,0,0.0068457019865679116,0.0092810915141628477,0.0099583264350264402,0.025953190491724492,0,0.053008024991328027,0,0,0.045828640159143966,0.047589731165575362,0.053008024991328027,6.728011229006814e-13,1.8386195035759789e-13,1.5811819027869419e-12,1.8386195035759789e-13,2.5879543262418242e-13,3.0936051647326271e-13,9.9748970290437739e-13,1.5811819027869419e-12,,,,,,,,
reference,m0,SSP1,2060,"AESA (PBs-LCIA), 0.9.1, climate change, energy imbalance at top-of-atmosphere",EI,W m-2,EU electricity market imports,150000,150000,0.0065338044936466676,0.0020124280000000001,0.014944298,0.0020124280000000001,0.0027461590000000002,0.003131493,0.0095449820000000005,0.014944298,0.0040547930330776666,0.00027458182346196374,0.011813648390921309,0.00027458182346196374,0.00047409877800156893,0.00065430506592067527,0.0069301827972827173,0.011813648390921309,0.41370217551426358,0.13644305458976108,0.79051209972668568,0.13644305458976108,0.18025246143257731,0.2089434866757407,0.72605509337605001,0.79051209972668568,9.3021132044587178e-15,2.8650740765049911e-15,2.127605036474685e-14,2.8650740765049911e-15,3.9096799905633659e-15,4.4582754647287671e-15,1.358909677181548e-14,2.127605036474685e-14,3.992008015878759e-14,2.703301691820282e-15,1.1630724242244015e-13,2.703301691820282e-15,4.6675781292666169e-15,6.4417366186413191e-15,6.8228746948929948e-14,1.1630724242244015e-13
reference,m0,SSP1,2060,"AESA (PBs-LCIA), 0.9.1, climate change, energy imbalance at top-of-atmosphere",EI,W m-2,Other life cycle contributions,150000,150000,0.0065338044936466676,0.0020124280000000001,0.014944298,0.0020124280000000001,0.0027461590000000002,0.003131493,0.0095449820000000005,0.014944298,0.00060692971784550665,-5.5409582953277452e-19,0.0018980039111726832,-5.5409582953277452e-19,0,5.5409595782861702e-19,0.0010189973642423893,0.0018980039111726832,0.056310708747606443,-1.9938892090694556e-16,0.14575253281621031,-1.9938892090694556e-16,0,2.2028793000534205e-16,0.12700522374304121,0.14575253281621031,9.3021132044587178e-15,2.8650740765049911e-15,2.127605036474685e-14,2.8650740765049911e-15,3.9096799905633659e-15,4.4582754647287671e-15,1.358909677181548e-14,2.127605036474685e-14,,,,,,,,
reference,m0,SSP1,2060,"AESA (PBs-LCIA), 0.9.1, climate change, energy imbalance at top-of-atmosphere",EI,W m-2,Transmission corona,150000,150000,0.0065338044936466676,0.0020124280000000001,0.014944298,0.0020124280000000001,0.0027461590000000002,0.003131493,0.0095449820000000005,0.014944298,0.00010090796843307963,0,0.00016802313880344663,0,0,0.00016802309989922675,0.00016802313804033323,0.00016802313880344663,0.037726561285235945,0,0.083492735441359142,0,0,0.053655920048466733,0.061184770228485799,0.083492735441359142,9.3021132044587178e-15,2.8650740765049911e-15,2.127605036474685e-14,2.8650740765049911e-15,3.9096799905633659e-15,4.4582754647287671e-15,1.358909677181548e-14,2.127605036474685e-14,,,,,,,,
reference,m0,SSP1,2060,"AESA (PBs-LCIA), 0.9.1, climate change, energy imbalance at top-of-atmosphere",EI,W m-2,"electricity production, hydro, reservoir, alpine region",150000,150000,0.0065338044936466676,0.0020124280000000001,0.014944298,0.0020124280000000001,0.0027461590000000002,0.003131493,0.0095449820000000005,0.014944298,5.1388136916829242e-06,0,1.0782541762341087e-05,0,0,6.777566317044835e-06,1.045840589737434e-05,1.0782541762341087e-05,0.001861140110120742,0,0.0039264083989095627,0,0,0.0033034245469787385,0.0033397506867728398,0.0039264083989095627,9.3021132044587178e-15,2.8650740765049911e-15,2.127605036474685e-14,2.8650740765049911e-15,3.9096799905633659e-15,4.4582754647287671e-15,1.358909677181548e-14,2.127605036474685e-14,6.2316640768342641e-16,0,1.3075621917289584e-15,0,0,8.2189237696810846e-16,1.2682551059791664e-15,1.3075621917289584e-15
reference,m0,SSP1,2060,"AESA (PBs-LCIA), 0.9.1, climate change, energy imbalance at top-of-atmosphere",EI,W m-2,"electricity production, hydro, run-of-river",150000,80202,0.0065338044936466676,0.0020124280000000001,0.014944298,0.0020124280000000001,0.0027461590000000002,0.003131493,0.0095449820000000005,0.014944298,2.0064061230318717e-05,0,4.4238014400917686e-05,0,0,2.3272914220231199e-05,3.858359462367197e-05,4.4238014400917686e-05,0.0072097758380387043,0,0.014126812482390248,0,0,0.011564594718534625,0.014050022094012753,0.014126812482390248,9.3021132044587178e-15,2.8650740765049911e-15,2.127605036474685e-14,2.8650740765049911e-15,3.9096799905633659e-15,4.4582754647287671e-15,1.358909677181548e-14,2.127605036474685e-14,8.6677576659244218e-16,5.375670513589985e-16,1.0218271756948819e-15,5.375670513589985e-16,7.5276582793963284e-16,8.7457759417606185e-16,1.0218271756948819e-15,1.0218271756948819e-15
reference,m0,SSP1,2060,"AESA (PBs-LCIA), 0.9.1, climate change, energy imbalance at top-of-atmosphere",EI,W m-2,"electricity production, photovoltaic",150000,150000,0.0065338044936466676,0.0020124280000000001,0.014944298,0.0020124280000000001,0.0027461590000000002,0.003131493,0.0095449820000000005,0.014944298,0.00088217788246145465,0.00058651036015751042,0.001232645697906007,0.00058651036015751042,0.00076699392991654957,0.00078499002594441866,0.00097091504139052006,0.001232645697906007,0.19995967841543552,0.08248267653027308,0.29612856106672908,0.08248267653027308,0.10171994471969879,0.2506759638116447,0.2792969853226086,0.29612856106672908,9.3021132044587178e-15,2.8650740765049911e-15,2.127605036474685e-14,2.8650740765049911e-15,3.9096799905633659e-15,4.4582754647287671e-15,1.358909677181548e-14,2.127605036474685e-14,3.9930237554562145e-15,2.6547365880345377e-15,5.5793550406739027e-15,2.6547365880345377e-15,3.4716641380390359e-15,3.5531196779360083e-15,4.3946768953713425e-15,5.5793550406739027e-15
reference,m0,SSP1,2060,"AESA (PBs-LCIA), 0.9.1, climate change, energy imbalance at top-of-atmosphere",EI,W m-2,"electricity production, wave energy converter",150000,90084,0.0065338044936466676,0.0020124280000000001,0.014944298,0.0020124280000000001,0.0027461590000000002,0.003131493,0.0095449820000000005,0.014944298,5.8487510664893873e-05,0,0.00011779445740325765,0,0,9.4352144055050055e-05,0.00010898614970450239,0.00011779445740325765,0.021379748001335925,0,0.046884730313357818,0,0,0.037616069205090877,0.039218181450142463,0.046884730313357818,9.3021132044587178e-15,2.8650740765049911e-15,2.127605036474685e-14,2.8650740765049911e-15,3.9096799905633659e-15,4.4582754647287671e-15,1.358909677181548e-14,2.127605036474685e-14,1.0318811535616095e-14,0,1.2480953595358587e-14,0,1.0995818016505013e-14,1.1479398229902924e-14,1.2480953595358587e-14,1.2480953595358587e-14
reference,m0,SSP1,2060,"AESA (PBs-LCIA), 0.9.1, climate change, energy imbalance at top-of-atmosphere",EI,W m-2,"electricity production, wind, 1-3MW turbine, offshore",150000,150000,0.0065338044936466676,0.0020124280000000001,0.014944298,0.0020124280000000001,0.0027461590000000002,0.003131493,0.0095449820000000005,0.014944298,0.00047180029362268349,0,0.00068040713266720996,0,0.00044589412605750049,0.0005846313345250632,0.00062488679708437784,0.00068040713266720996,0.14039418184162464,0,0.22157022564658238,0,0.065467572079693587,0.21005304365867181,0.21727882919336239,0.22157022564658238,9.3021132044587178e-15,2.8650740765049911e-15,2.127605036474685e-14,2.8650740765049911e-15,3.9096799905633659e-15,4.4582754647287671e-15,1.358909677181548e-14,2.127605036474685e-14,2.5721806157721944e-15,0,3.7094718783228458e-15,0,2.4309444056234703e-15,3.187317983052793e-15,3.4067839943639314e-15,3.7094718783228458e-15
reference,m0,SSP1,2060,"AESA (PBs-LCIA), 0.9.1, climate change, energy imbalance at top-of-atmosphere",EI,W m-2,"electricity production, wind, 1-3MW turbine, onshore",150000,150000,0.0065338044936466676,0.0020124280000000001,0.014944298,0.0020124280000000001,0.0027461590000000002,0.003131493,0.0095449820000000005,0.014944298,0.00021667041500328472,0,0.00043550898060323677,0,0,0.00028770742445813981,0.00036017925677539101,0.00043550898060323677,0.079127019502196777,0,0.13907391158250609,0,0,0.12893345281681923,0.13151207093124026,0.13907391158250609,9.3021132044587178e-15,2.8650740765049911e-15,2.127605036474685e-14,2.8650740765049911e-15,3.9096799905633659e-15,4.4582754647287671e-15,1.358909677181548e-14,2.127605036474685e-14,1.7199349352761607e-15,0,3.4570804646725857e-15,0,0,2.2838283009401839e-15,2.8591120056951297e-15,3.4570804646725857e-15
reference,m0,SSP1,2060,"AESA (PBs-LCIA), 0.9.1, climate change, energy imbalance at top-of-atmosphere",EI,W m-2,"heat and power co-generation, wood chips, 6667 kW",150000,150000,0.0065338044936466676,0.0020124280000000001,0.014944298,0.0020124280000000001,0.0027461590000000002,0.003131493,0.0095449820000000005,0.014944298,4.9473486566748744e-05,0,0.00011307213082114793,0,0,5.5474439428615638e-05,9.725873380408314e-05,0.00011307213082114793,0.017845072280435914,0,0.040688503589872485,0,0,0.027565925056009771,0.031058263200359426,0.040688503589872485,9.3021132044587178e-15,2.8650740765049911e-15,2.127605036474685e-14,2.8650740765049911e-15,3.9096799905633659e-15,4.4582754647287671e-15,1.358909677181548e-14,2.127605036474685e-14,6.1513045960665419e-15,0,1.4058867960802686e-14,0,0,6.8974355277951877e-15,1.2092700263715133e-14,1.4058867960802686e-14
reference,m0,SSP1,2060,"AESA (PBs-LCIA), 0.9.1, climate change, energy imbalance at top-of-atmosphere",EI,W m-2,transmission network construction,150000,120201,0.0065338044936466676,0.0020124280000000001,0.014944298,0.0020124280000000001,0.0027461590000000002,0.003131493,0.0095449820000000005,0.014944298,6.7361311049348016e-05,0,0.00013850904531849308,0,0,9.8072217118054566e-05,0.00012987023052710744,0.00013850904531849308,0.024483938463705873,0,0.048733279957372172,0,0,0.044230993113665934,0.045227267762269784,0.048733279957372172,9.3021132044587178e-15,2.8650740765049911e-15,2.127605036474685e-14,2.8650740765049911e-15,3.9096799905633659e-15,4.4582754647287671e-15,1.358909677181548e-14,2.127605036474685e-14,,,,,,,,
reference,m0,SSP1,2060,"AESA (PBs-LCIA), 0.9.1, freshwater use, global",FWU,km3 yr-1,EU electricity market imports,150000,150000,0.68832443084883987,0.51602547499999996,0.88546361299999998,0.51602547499999996,0.54762025299999995,0.72956405499999999,0.77073072600000003,0.88546361299999998,0.2456289848398292,0.083980534517656857,0.42704914986931602,0.083980534517656857,0.1047010471637652,0.28688609762274803,0.33433901187400616,0.42704914986931602,0.3328917379905818,0.16274493912855148,0.48228876218013039,0.16274493912855148,0.19119279571963751,0.39322948500080368,0.43379483987771644,0.48228876218013039,9.7996075009086973e-13,7.3466041473753674e-13,1.260625872603087e-12,7.3466041473753674e-13,7.7964159002696387e-13,1.038673198825611e-12,1.097281784705504e-12,1.260625872603087e-12,2.4182563563430917e-12,8.2680169714485439e-13,4.2043666863707408e-12,8.2680169714485439e-13,1.0307984333115967e-12,2.8244391819335502e-12,3.291620656003725e-12,4.2043666863707408e-12
reference,m0,SSP1,2060,"AESA (PBs-LCIA), 0.9.1, freshwater use, global",FWU,km3 yr-1,Other life cycle contributions,150000,150000,0.68832443084883987,0.51602547499999996,0.88546361299999998,0.51602547499999996,0.54762025299999995,0.72956405499999999,0.77073072600000003,0.88546361299999998,0.03309485399015575,-1.4184855028894313e-16,0.09723775437132183,-1.4184855028894313e-16,-7.0924275135052897e-17,0,0.05543969443984486,0.09723775437132183,0.041272791364881732,-1.8853454902203649e-16,0.10981564114404985,-1.8853454902203649e-16,-1.3744336001057486e-16,0,0.085429452355953506,0.10981564114404985,9.7996075009086973e-13,7.3466041473753674e-13,1.260625872603087e-12,7.3466041473753674e-13,7.7964159002696387e-13,1.038673198825611e-12,1.097281784705504e-12,1.260625872603087e-12,,,,,,,,
reference,m0,SSP1,2060,"AESA (PBs-LCIA), 0.9.1, freshwater use, global",FWU,km3 yr-1,Transmission corona,150000,150000,0.68832443084883987,0.51602547499999996,0.88546361299999998,0.51602547499999996,0.54762025299999995,0.72956405499999999,0.77073072600000003,0.88546361299999998,-2.0129252314328526e-13,-1.3051839731728113e-12,4.8380994327178036e-13,-1.3051839731728113e-12,-4.2932292305198552e-13,0,8.5555731468416198e-14,4.8380994327178036e-13,-3.8634583033627853e-13,-2.5293014325946047e-12,8.8347708219582662e-13,-2.5293014325946047e-12,-5.5703361572221207e-13,0,1.1371431865740843e-13,8.8347708219582662e-13,9.7996075009086973e-13,7.3466041473753674e-13,1.260625872603087e-12,7.3466041473753674e-13,7.7964159002696387e-13,1.038673198825611e-12,1.097281784705504e-12,1.260625872603087e-12,,,,,,,,
reference,m0,SSP1,2060,"AESA (PBs-LCIA), 0.9.1, freshwater use, global",FWU,km3 yr-1,"electricity production, hydro, reservoir, alpine region",150000,150000,0.68832443084883987,0.51602547499999996,0.88546361299999998,0.51602547499999996,0.54762025299999995,0.72956405499999999,0.77073072600000003,0.88546361299999998,0.24903677945354574,0.24900508632487581,0.24924331605689137,0.24900508632487581,0.24901461332672462,0.24902016999633511,0.24902087847750223,0.24924331605689137,0.37639734220049886,0.28123219838905139,0.48257340395129744,0.28123219838905139,0.32308899194804463,0.34130668118630902,0.45480911271231222,0.48257340395129744,9.7996075009086973e-13,7.3466041473753674e-13,1.260625872603087e-12,7.3466041473753674e-13,7.7964159002696387e-13,1.038673198825611e-12,1.097281784705504e-12,1.260625872603087e-12,3.0199841339138825e-11,3.0195998013995159e-11,3.0224887348219848e-11,3.0195998013995159e-11,3.0197153310463613e-11,3.0197827183650829e-11,3.0197913077658585e-11,3.0224887348219848e-11
reference,m0,SSP1,2060,"AESA (PBs-LCIA), 0.9.1, freshwater use, global",FWU,km3 yr-1,"electricity production, hydro, run-of-river",150000,80202,0.68832443084883987,0.51602547499999996,0.88546361299999998,0.51602547499999996,0.54762025299999995,0.72956405499999999,0.77073072600000003,0.88546361299999998,0.0010741296800325672,0,0.0022260909478308854,0,0,0.0019102329166012372,0.0019653092026090369,0.0022260909478308854,0.0018370132756609298,0,0.0040650266962111159,0,0,0.0024826459444039668,0.003808550736005886,0.0040650266962111159,9.7996075009086973e-13,7.3466041473753674e-13,1.260625872603087e-12,7.3466041473753674e-13,7.7964159002696387e-13,1.038673198825611e-12,1.097281784705504e-12,1.260625872603087e-12,4.6402848827938242e-14,4.4123320833925734e-14,5.1419135419108781e-14,4.4123320833925734e-14,4.4197665167414113e-14,4.5395494833368063e-14,4.8865000094566476e-14,5.1419135419108781e-14
reference,m0,SSP1,2060,"AESA (PBs-LCIA), 0.9.1, freshwater use, global",FWU,km3 yr-1,"electricity production, photovoltaic",150000,150000,0.68832443084883987,0.51602547499999996,0.88546361299999998,0.51602547499999996,0.54762025299999995,0.72956405499999999,0.77073072600000003,0.88546361299999998,0.10460987388428361,0.09983973253619341,0.11215583028185978,0.09983973253619341,0.10110655360452291,0.10419328935173616,0.10625539354082468,0.11215583028185978,0.15776909148394466,0.1266633982867682,0.20191501078844251,0.1266633982867682,0.13142670145052371,0.1385848890328388,0.19403116111709018,0.20191501078844251,9.7996075009086973e-13,7.3466041473753674e-13,1.260625872603087e-12,7.3466041473753674e-13,7.7964159002696387e-13,1.038673198825611e-12,1.097281784705504e-12,1.260625872603087e-12,4.7349829469952244e-13,4.5190708461898725e-13,5.0765374624612968e-13,4.5190708461898725e-13,4.5764112817882531e-13,4.7161269795003287e-13,4.8094645140721351e-13,5.0765374624612968e-13
reference,m0,SSP1,2060,"AESA (PBs-LCIA), 0.9.1, freshwater use, global",FWU,km3 yr-1,"electricity production, wave energy converter",150000,90084,0.68832443084883987,0.51602547499999996,0.88546361299999998,0.51602547499999996,0.54762025299999995,0.72956405499999999,0.77073072600000003,0.88546361299999998,0.0015147215992716079,0,0.0031018336341665613,0,0,0.0025910586433309174,0.0028564211864133115,0.0031018336341665613,0.0026000724621102304,0,0.0056642054729969266,0,0,0.0034102204612051035,0.005535426688795377,0.0056642054729969266,9.7996075009086973e-13,7.3466041473753674e-13,1.260625872603087e-12,7.3466041473753674e-13,7.7964159002696387e-13,1.038673198825611e-12,1.097281784705504e-12,1.260625872603087e-12,2.6723871292301649e-13,0,3.286559178331692e-13,0,2.7453656697167649e-13,3.0265315239608049e-13,3.1682428319169855e-13,3.286559178331692e-13
reference,m0,SSP1,2060,"AESA (PBs-LCIA), 0.9.1, freshwater use, global",FWU,km3 yr-1,"electricity production, wind, 1-3MW turbine, offshore",150000,150000,0.68832443084883987,0.51602547499999996,0.88546361299999998,0.51602547499999996,0.54762025299999995,0.72956405499999999,0.77073072600000003,0.88546361299999998,0.035011866651704686,0,0.047201592495995738,0,0.04263633356692681,0.042674724146335143,0.043654629570974338,0.047201592495995738,0.056403339574890514,0,0.084597818685161502,0,0.05568146952624646,0.058440836379921167,0.083183000052693912,0.084597818685161502,9.7996075009086973e-13,7.3466041473753674e-13,1.260625872603087e-12,7.3466041473753674e-13,7.7964159002696387e-13,1.038673198825611e-12,1.097281784705504e-12,1.260625872603087e-12,1.9087916856400444e-13,0,2.5733562924677151e-13,0,2.3244655820584777e-13,2.3265585773861574e-13,2.3799814741901679e-13,2.5733562924677151e-13
reference,m0,SSP1,2060,"AESA (PBs-LCIA), 0.9.1, freshwater use, global",FWU,km3 yr-1,"electricity production, wind, 1-3MW turbine, onshore",150000,150000,0.68832443084883987,0.51602547499999996,0.88546361299999998,0.51602547499999996,0.54762025299999995,0.72956405499999999,0.77073072600000003,0.88546361299999998,0.01221846691764147,0,0.024080451463524909,0,0,0.022425131613921664,0.022443401377490138,0.024080451463524909,0.020834888472966873,0,0.043972901534605792,0,0,0.029313437763544347,0.043492816662762897,0.043972901534605792,9.7996075009086973e-13,7.3466041473753674e-13,1.260625872603087e-12,7.3466041473753674e-13,7.7964159002696387e-13,1.038673198825611e-12,1.097281784705504e-12,1.260625872603087e-12,9.6990485626657629e-14,0,1.9115120549467746e-13,0,0,1.7801123667396812e-13,1.7815626252233823e-13,1.9115120549467746e-13
reference,m0,SSP1,2060,"AESA (PBs-LCIA), 0.9.1, freshwater use, global",FWU,km3 yr-1,"heat and power co-generation, wood chips, 6667 kW",150000,150000,0.68832443084883987,0.51602547499999996,0.88546361299999998,0.51602547499999996,0.54762025299999995,0.72956405499999999,0.77073072600000003,0.88546361299999998,0.0034115541981726222,0,0.011085063336804908,0,0,0.0027567378862101977,0.005198413621907573,0.011085063336804908,0.0053375103080022584,0,0.014488966139419203,0,0,0.0053422515355665296,0.0094029006456324508,0.014488966139419203,9.7996075009086973e-13,7.3466041473753674e-13,1.260625872603087e-12,7.3466041473753674e-13,7.7964159002696387e-13,1.038673198825611e-12,1.097281784705504e-12,1.260625872603087e-12,4.2417688232067785e-13,0,1.3782655443139827e-12,0,0,3.427600485630474e-13,6.4634672468080744e-13,1.3782655443139827e-12
reference,m0,SSP1,2060,"AESA (PBs-LCIA), 0.9.1, freshwater use, global",FWU,km3 yr-1,transmission network construction,150000,120201,0.68832443084883987,0.51602547499999996,0.88546361299999998,0.51602547499999996,0.54762025299999995,0.72956405499999999,0.77073072600000003,0.88546361299999998,0.0027231996344038835,0,0.0052900636479978362,0,0,0.0048796976806412618,0.0051549819118800648,0.0052900636479978362,0.0046562128668483542,0,0.0099897818259458322,0,0,0.0064191558302648241,0.0096600949636496316,0.0099897818259458322,9.7996075009086973e-13,7.3466041473753674e-13,1.260625872603087e-12,7.3466041473753674e-13,7.7964159002696387e-13,1.038673198825611e-12,1.097281784705504e-12,1.260625872603087e-12,,,,,,,,
reference,m0,SSP1,2060,"AESA (PBs-LCIA), 0.9.1, land-system change, global",LSC,%,EU electricity market imports,150000,150000,7.8647327999999996e-07,9.3600000000000004e-08,1.61e-06,9.3600000000000004e-08,2.7399999999999999e-07,5.2200000000000004e-07,1.2500000000000001e-06,1.61e-06,2.8485684096309165e-07,-1.8676558325454851e-08,8.225394755341411e-07,-1.8676558325454851e-08,6.4144157746956583e-08,7.6267637047884359e-08,4.3514261083483706e-07,8.225394755341411e-07,0.25996609949803395,-0.19953587954545779,0.51089408418269633,-0.19953587954545779,0.26110092072019081,0.27834904032074587,0.34811408866786964,0.51089408418269633,1.11799198644941e-18,1.3331303981682409e-19,2.2879720837337331e-18,1.3331303981682409e-19,3.900967892499873e-19,7.4316614816584476e-19,1.775272568499592e-18,2.2879720837337331e-18,2.7993846601427071e-18,-1.8395045170904173e-19,8.0833023321322979e-18,-1.8395045170904173e-19,6.3104349507907113e-19,7.5087791623548698e-19,4.2735999944317877e-18,8.0833023321322979e-18
reference,m0,SSP1,2060,"AESA (PBs-LCIA), 0.9.1, land-system change, global",LSC,%,Other life cycle contributions,150000,150000,7.8647327999999996e-07,9.3600000000000004e-08,1.61e-06,9.3600000000000004e-08,2.7399999999999999e-07,5.2200000000000004e-07,1.2500000000000001e-06,1.61e-06,2.7971152259077165e-08,0,6.7875539572528323e-08,0,0,0,6.2110189481681673e-08,6.7875539572528323e-08,0.021285824666311206,0,0.05430043165802266,0,0,0,0.041280004623225369,0.05430043165802266,1.11799198644941e-18,1.3331303981682409e-19,2.2879720837337331e-18,1.3331303981682409e-19,3.900967892499873e-19,7.4316614816584476e-19,1.775272568499592e-18,2.2879720837337331e-18,,,,,,,,
reference,m0,SSP1,2060,"AESA (PBs-LCIA), 0.9.1, land-system change, global",LSC,%,Transmission corona,150000,150000,7.8647327999999996e-07,9.3600000000000004e-08,1.61e-06,9.3600000000000004e-08,2.7399999999999999e-07,5.2200000000000004e-07,1.2500000000000001e-06,1.61e-06,-3.4104071750592289e-22,-7.7418835977370178e-21,9.7061494727838735e-21,-7.7418835977370178e-21,-3.6355250847484308e-22,0,0,9.7061494727838735e-21,-6.5061947073155356e-15,-7.1872200097543e-14,1.8594156078130023e-14,-7.1872200097543e-14,-1.3268339725359237e-15,0,0,1.8594156078130023e-14,1.11799198644941e-18,1.3331303981682409e-19,2.2879720837337331e-18,1.3331303981682409e-19,3.900967892499873e-19,7.4316614816584476e-19,1.775272568499592e-18,2.2879720837337331e-18,,,,,,,,
reference,m0,SSP1,2060,"AESA (PBs-LCIA), 0.9.1, land-system change, global",LSC,%,"electricity production, hydro, reservoir, alpine region",150000,150000,7.8647327999999996e-07,9.3600000000000004e-08,1.61e-06,9.3600000000000004e-08,2.7399999999999999e-07,5.2200000000000004e-07,1.2500000000000001e-06,1.61e-06,-5.7722898609538881e-09,-1.1097475904500671e-08,0,-1.1097475904500671e-08,-1.0882565088810586e-08,-1.0357254017075863e-08,0,0,-0.024061219741301473,-0.11856277675748579,0,-0.11856277675748579,-0.039717390835075132,-0.019841482791333069,0,0,1.11799198644941e-18,1.3331303981682409e-19,2.2879720837337331e-18,1.3331303981682409e-19,3.900967892499873e-19,7.4316614816584476e-19,1.775272568499592e-18,2.2879720837337331e-18,-6.9996735828625731e-19,-1.3463149429968631e-18,0,-1.3463149429968631e-18,-1.3197107644782511e-18,-1.2559886545918634e-18,0,0
reference,m0,SSP1,2060,"AESA (PBs-LCIA), 0.9.1, land-system change, global",LSC,%,"electricity production, hydro, run-of-river",150000,80202,7.8647327999999996e-07,9.3600000000000004e-08,1.61e-06,9.3600000000000004e-08,2.7399999999999999e-07,5.2200000000000004e-07,1.2500000000000001e-06,1.61e-06,-1.3321708021482424e-08,-2.61838908769462e-08,0,-2.61838908769462e-08,-2.5148165905021737e-08,-2.3521366731546146e-08,0,0,-0.055836471975888292,-0.27974242389899784,0,-0.27974242389899784,-0.091781627390590287,-0.045060089524034758,0,0,1.11799198644941e-18,1.3331303981682409e-19,2.2879720837337331e-18,1.3331303981682409e-19,3.900967892499873e-19,7.4316614816584476e-19,1.775272568499592e-18,2.2879720837337331e-18,-5.7548956454969938e-19,-6.0505845536129379e-19,-5.433057965518556e-19,-6.0505845536129379e-19,-5.808908011196837e-19,-5.7880134421592619e-19,-5.7543153511955235e-19,-5.433057965518556e-19
reference,m0,SSP1,2060,"AESA (PBs-LCIA), 0.9.1, land-system change, global",LSC,%,"electricity production, photovoltaic",150000,150000,7.8647327999999996e-07,9.3600000000000004e-08,1.61e-06,9.3600000000000004e-08,2.7399999999999999e-07,5.2200000000000004e-07,1.2500000000000001e-06,1.61e-06,1.9272003941550418e-07,1.0177871408523835e-07,2.5254321847783065e-07,1.0177871408523835e-07,1.5544930805751852e-07,2.0942922602789072e-07,2.3878697334909676e-07,2.5254321847783065e-07,0.39345682305102636,0.14831489027894207,1.0873794239875891,0.14831489027894207,0.2020345747822645,0.40120541384653391,0.56733324108583405,1.0873794239875891,1.11799198644941e-18,1.3331303981682409e-19,2.2879720837337331e-18,1.3331303981682409e-19,3.900967892499873e-19,7.4316614816584476e-19,1.775272568499592e-18,2.2879720837337331e-18,8.7135737400023017e-19,4.6087588622981374e-19,1.1403048826560372e-18,4.6087588622981374e-19,7.0362433272231741e-19,9.4794457894351002e-19,1.0788615605024591e-18,1.1403048826560372e-18
reference,m0,SSP1,2060,"AESA (PBs-LCIA), 0.9.1, land-system change, global",LSC,%,"electricity production, wave energy converter",150000,90084,7.8647327999999996e-07,9.3600000000000004e-08,1.61e-06,9.3600000000000004e-08,2.7399999999999999e-07,5.2200000000000004e-07,1.2500000000000001e-06,1.61e-06,1.987168156132595e-08,0,3.9356438335861679e-08,0,0,3.5659934026460239e-08,3.6885542787138543e-08,3.9356438335861679e-08,0.080876937279560968,0,0.38098220113739573,0,0,0.075395475739198609,0.13285925559348952,0.38098220113739573,1.11799198644941e-18,1.3331303981682409e-19,2.2879720837337331e-18,1.3331303981682409e-19,3.900967892499873e-19,7.4316614816584476e-19,1.775272568499592e-18,2.2879720837337331e-18,3.5058196808439019e-18,0,4.1700250486260513e-18,0,3.8571954821396695e-18,3.8571954821396695e-18,4.0305879276873176e-18,4.1700250486260513e-18
reference,m0,SSP1,2060,"AESA (PBs-LCIA), 0.9.1, land-system change, global",LSC,%,"electricity production, wind, 1-3MW turbine, offshore",150000,150000,7.8647327999999996e-07,9.3600000000000004e-08,1.61e-06,9.3600000000000004e-08,2.7399999999999999e-07,5.2200000000000004e-07,1.2500000000000001e-06,1.61e-06,1.570972837055089e-08,0,5.8500779269039754e-08,0,0,3.7985783399369146e-09,2.2877799391133574e-08,5.8500779269039754e-08,0.045698114320543139,0,0.11207045836980795,0,0,0.040583101922402935,0.08349561821581597,0.11207045836980795,1.11799198644941e-18,1.3331303981682409e-19,2.2879720837337331e-18,1.3331303981682409e-19,3.900967892499873e-19,7.4316614816584476e-19,1.775272568499592e-18,2.2879720837337331e-18,8.5647532165525675e-20,0,3.1893695160613955e-19,0,0,2.0717895676746597e-20,1.2472796372075509e-19,3.1893695160613955e-19
reference,m0,SSP1,2060,"AESA (PBs-LCIA), 0.9.1, land-system change, global",LSC,%,"electricity production, wind, 1-3MW turbine, onshore",150000,150000,7.8647327999999996e-07,9.3600000000000004e-08,1.61e-06,9.3600000000000004e-08,2.7399999999999999e-07,5.2200000000000004e-07,1.2500000000000001e-06,1.61e-06,-6.5290020428536802e-08,-1.0079784919633333e-07,0,-1.0079784919633333e-07,-8.7942545396297281e-08,-7.3843195327136195e-08,-6.2772385350715985e-08,0,-0.21627949197879723,-1.0769000982514243,0,-1.0769000982514243,-0.32095819487699739,-0.12025361178298082,-0.059074556261708953,0,1.11799198644941e-18,1.3331303981682409e-19,2.2879720837337331e-18,1.3331303981682409e-19,3.900967892499873e-19,7.4316614816584476e-19,1.775272568499592e-18,2.2879720837337331e-18,-5.179747670081992e-19,-8.0046982907027455e-19,0,-8.0046982907027455e-19,-6.9810020252538125e-19,-5.8473949713501919e-19,-4.9828861852989319e-19,0
reference,m0,SSP1,2060,"AESA (PBs-LCIA), 0.9.1, land-system change, global",LSC,%,"heat and power co-generation, wood chips, 6667 kW",150000,150000,7.8647327999999996e-07,9.3600000000000004e-08,1.61e-06,9.3600000000000004e-08,2.7399999999999999e-07,5.2200000000000004e-07,1.2500000000000001e-06,1.61e-06,2.6232249326668888e-07,1.7965873358139181e-08,4.9172330215759771e-07,1.7965873358139181e-08,2.0759720336989433e-08,2.074419243688004e-07,4.8656336163508074e-07,4.9172330215759771e-07,0.28344553741674972,0.065568880869121104,0.52291137285216882,0.065568880869121104,0.087964916682158611,0.30221326809632343,0.39337864172607817,0.52291137285216882,1.11799198644941e-18,1.3331303981682409e-19,2.2879720837337331e-18,1.3331303981682409e-19,3.900967892499873e-19,7.4316614816584476e-19,1.775272568499592e-18,2.2879720837337331e-18,3.256473995219317e-17,2.2338261490387867e-18,6.0989495697260545e-17,2.2338261490387867e-18,2.5792633193662158e-18,2.5792365352846841e-17,6.0387002415531847e-17,6.0989495697260545e-17
reference,m0,SSP1,2060,"AESA (PBs-LCIA), 0.9.1, land-system change, global",LSC,%,transmission network construction,150000,120201,7.8647327999999996e-07,9.3600000000000004e-08,1.61e-06,9.3600000000000004e-08,2.7399999999999999e-07,5.2200000000000004e-07,1.2500000000000001e-06,1.61e-06,6.7405362474734918e-08,0,9.2036792968710294e-08,0,6.9951556443781718e-08,8.3855774469993232e-08,8.9009222502838248e-08,9.2036792968710294e-08,0.2114478474637683,0,0.89589502638881657,0,0.061246819427474355,0.17631569534235686,0.32485117701765781,0.89589502638881657,1.11799198644941e-18,1.3331303981682409e-19,2.2879720837337331e-18,1.3331303981682409e-19,3.900967892499873e-19,7.4316614816584476e-19,1.775272568499592e-18,2.2879720837337331e-18,,,,,,,,
reference,m0,SSP1,2060,"AESA (PBs-LCIA), 0.9.1, ocean acidification, carbonate ion concentration",OA,aragonite saturation,EU electricity market imports,150000,150000,0.0014440605790666666,0.00039462200000000002,0.003393774,0.00039462200000000002,0.00055545599999999996,0.00066398399999999995,0.0021409599999999999,0.003393774,0.00093048567483077567,5.5793451089152433e-05,0.0027290729120004651,5.5793451089152433e-05,9.2314097055656356e-05,0.0001488893640763089,0.0015960850566451021,0.0027290729120004651,0.42396423112939291,0.14138454290220118,0.80414102765843132,0.14138454290220118,0.18681536960644643,0.22423637328054427,0.74549970884327699,0.80414102765843132,2.0558951156707249e-15,5.618194489747745e-16,4.8316835076228882e-15,5.618194489747745e-16,7.9079705348608046e-16,9.4530792569518047e-16,3.048063213178535e-15,4.8316835076228882e-15,9.1607796742441874e-15,5.4929535828077983e-16,2.6868160062099664e-14,5.4929535828077983e-16,9.0884775012772425e-16,1.4658400634010899e-15,1.5713707878013217e-14,2.6868160062099664e-14
reference,m0,SSP1,2060,"AESA (PBs-LCIA), 0.9.1, ocean acidification, carbonate ion concentration",OA,aragonite saturation,Other life cycle contributions,150000,150000,0.0014440605790666666,0.00039462200000000002,0.003393774,0.00039462200000000002,0.00055545599999999996,0.00066398399999999995,0.0021409599999999999,0.003393774,0.00011989490139243152,-2.7704783015918953e-19,0.00039169980222139057,-2.7704783015918953e-19,-1.3852385194040797e-19,0,0.00019043189188383555,0.00039169980222139057,0.047776573214686258,-4.172507623063049e-16,0.11541717339498463,-4.172507623063049e-16,-2.4654031252797878e-16,0,0.1052354172312792,0.11541717339498463,2.0558951156707249e-15,5.618194489747745e-16,4.8316835076228882e-15,5.618194489747745e-16,7.9079705348608046e-16,9.4530792569518047e-16,3.048063213178535e-15,4.8316835076228882e-15,,,,,,,,
reference,m0,SSP1,2060,"AESA (PBs-LCIA), 0.9.1, ocean acidification, carbonate ion concentration",OA,aragonite saturation,Transmission corona,150000,150000,0.0014440605790666666,0.00039462200000000002,0.003393774,0.00039462200000000002,0.00055545599999999996,0.00066398399999999995,0.0021409599999999999,0.003393774,-1.1436394801072921e-20,-2.4106396890410832e-19,8.4683624690370719e-20,-2.4106396890410832e-19,0,0,8.0084138405390766e-20,8.4683624690370719e-20,-3.2110150698851491e-17,-4.2903792668443171e-16,1.5245784488847132e-16,-4.2903792668443171e-16,0,0,1.2061154847916632e-16,1.5245784488847132e-16,2.0558951156707249e-15,5.618194489747745e-16,4.8316835076228882e-15,5.618194489747745e-16,7.9079705348608046e-16,9.4530792569518047e-16,3.048063213178535e-15,4.8316835076228882e-15,,,,,,,,
reference,m0,SSP1,2060,"AESA (PBs-LCIA), 0.9.1, ocean acidification, carbonate ion concentration",OA,aragonite saturation,"electricity production, hydro, reservoir, alpine region",150000,150000,0.0014440605790666666,0.00039462200000000002,0.003393774,0.00039462200000000002,0.00055545599999999996,0.00066398399999999995,0.0021409599999999999,0.003393774,1.1559153360600313e-06,0,2.4424856865559834e-06,0,0,1.4851222414134549e-06,2.3619243878243255e-06,2.4424856865559834e-06,0.0020340428859783074,0,0.004397262225191525,0,0,0.0035572007575850107,0.0035734694236376945,0.004397262225191525,2.0558951156707249e-15,5.618194489747745e-16,4.8316835076228882e-15,5.618194489747745e-16,7.9079705348608046e-16,9.4530792569518047e-16,3.048063213178535e-15,4.8316835076228882e-15,1.4017397290277006e-16,0,2.9619183357108334e-16,0,0,1.800957031011956e-16,2.8642264308428476e-16,2.9619183357108334e-16
reference,m0,SSP1,2060,"AESA (PBs-LCIA), 0.9.1, ocean acidification, carbonate ion concentration",OA,aragonite saturation,"electricity production, hydro, run-of-river",150000,80202,0.0014440605790666666,0.00039462200000000002,0.003393774,0.00039462200000000002,0.00055545599999999996,0.00066398399999999995,0.0021409599999999999,0.003393774,4.5785257480243286e-06,0,1.0145874603515577e-05,0,0,5.1388181545212338e-06,8.8518724136504176e-06,1.0145874603515577e-05,0.0079759294263199235,0,0.015936226116290791,0,0,0.013022127895862962,0.015280299831796516,0.015936226116290791,2.0558951156707249e-15,5.618194489747745e-16,4.8316835076228882e-15,5.618194489747745e-16,7.9079705348608046e-16,9.4530792569518047e-16,3.048063213178535e-15,4.8316835076228882e-15,1.9779430295851184e-16,1.1869846295795283e-16,2.3435355431071267e-16,1.1869846295795283e-16,1.7039374544793979e-16,2.005081357009952e-16,2.3435355431071267e-16,2.3435355431071267e-16
reference,m0,SSP1,2060,"AESA (PBs-LCIA), 0.9.1, ocean acidification, carbonate ion concentration",OA,aragonite saturation,"electricity production, photovoltaic",150000,150000,0.0014440605790666666,0.00039462200000000002,0.003393774,0.00039462200000000002,0.00055545599999999996,0.00066398399999999995,0.0021409599999999999,0.003393774,0.00019191625176577553,0.00012289694248177578,0.00027300128577814516,0.00012289694248177578,0.00016474070811508764,0.00017007280481773558,0.0002123125348558369,0.00027300128577814516,0.20663269453182997,0.080441798946584292,0.31417779251465699,0.080441798946584292,0.099166978764590144,0.25613991424151122,0.29658642289414039,0.31417779251465699,2.0558951156707249e-15,5.618194489747745e-16,4.8316835076228882e-15,5.618194489747745e-16,7.9079705348608046e-16,9.4530792569518047e-16,3.048063213178535e-15,4.8316835076228882e-15,8.6867550343813406e-16,5.5627148487917441e-16,1.23569274432714e-15,5.5627148487917441e-16,7.4566979623444463e-16,7.6980513283423205e-16,9.609953699601912e-16,1.23569274432714e-15
reference,m0,SSP1,2060,"AESA (PBs-LCIA), 0.9.1, ocean acidification, carbonate ion concentration",OA,aragonite saturation,"electricity production, wave energy converter",150000,90084,0.0014440605790666666,0.00039462200000000002,0.003393774,0.00039462200000000002,0.00055545599999999996,0.00066398399999999995,0.0021409599999999999,0.003393774,1.337893316515815e-05,0,2.7014734462987457e-05,0,0,2.1397449185447818e-05,2.4952914150161633e-05,2.7014734462987457e-05,0.023799448099849806,0,0.054222646445073554,0,0,0.040685821439955569,0.044410396959732097,0.054222646445073554,2.0558951156707249e-15,5.618194489747745e-16,4.8316835076228882e-15,5.618194489747745e-16,7.9079705348608046e-16,9.4530792569518047e-16,3.048063213178535e-15,4.8316835076228882e-15,2.3604142307772466e-15,0,2.8623573142679701e-15,0,2.5099745621505969e-15,2.6278438724344908e-15,2.8623573142679701e-15,2.8623573142679701e-15
reference,m0,SSP1,2060,"AESA (PBs-LCIA), 0.9.1, ocean acidification, carbonate ion concentration",OA,aragonite saturation,"electricity production, wind, 1-3MW turbine, offshore",150000,150000,0.0014440605790666666,0.00039462200000000002,0.003393774,0.00039462200000000002,0.00055545599999999996,0.00066398399999999995,0.0021409599999999999,0.003393774,0.00010703074770219449,0,0.00015525374148455122,0,9.9383108919733225e-05,0.00013259514613626159,0.00014213051661522515,0.00015525374148455122,0.15362161983542277,0,0.25184381235646575,0,0.066386348467615069,0.22996560396786739,0.23382150998299844,0.25184381235646575,2.0558951156707249e-15,5.618194489747745e-16,4.8316835076228882e-15,5.618194489747745e-16,7.9079705348608046e-16,9.4530792569518047e-16,3.048063213178535e-15,4.8316835076228882e-15,5.8351487314508903e-16,0,8.4641924959079013e-16,0,5.4182099091380742e-16,7.2288760498441126e-16,7.7487298948609968e-16,8.4641924959079013e-16
reference,m0,SSP1,2060,"AESA (PBs-LCIA), 0.9.1, ocean acidification, carbonate ion concentration",OA,aragonite saturation,"electricity production, wind, 1-3MW turbine, onshore",150000,150000,0.0014440605790666666,0.00039462200000000002,0.003393774,0.00039462200000000002,0.00055545599999999996,0.00066398399999999995,0.0021409599999999999,0.003393774,4.8991171096050995e-05,0,9.9329209349809146e-05,0,0,6.4379427101367268e-05,8.1498830669038083e-05,9.9329209349809146e-05,0.086926070230741309,0,0.14959578747350713,0,0,0.14349650044005979,0.14535461224168544,0.14959578747350713,2.0558951156707249e-15,5.618194489747745e-16,4.8316835076228882e-15,5.618194489747745e-16,7.9079705348608046e-16,9.4530792569518047e-16,3.048063213178535e-15,4.8316835076228882e-15,3.8889325149739679e-16,0,7.884780046442762e-16,0,0,5.1104538732260001e-16,6.4694026155176974e-16,7.884780046442762e-16
reference,m0,SSP1,2060,"AESA (PBs-LCIA), 0.9.1, ocean acidification, carbonate ion concentration",OA,aragonite saturation,"heat and power co-generation, wood chips, 6667 kW",150000,150000,0.0014440605790666666,0.00039462200000000002,0.003393774,0.00039462200000000002,0.00055545599999999996,0.00066398399999999995,0.0021409599999999999,0.003393774,1.1932620489400334e-05,0,2.5207248805667944e-05,0,0,1.5493880512377846e-05,2.0487018277256104e-05,2.5207248805667944e-05,0.021316368177445658,0,0.051125966562012862,0,0,0.029881373297058797,0.030854686675064618,0.051125966562012862,2.0558951156707249e-15,5.618194489747745e-16,4.8316835076228882e-15,5.618194489747745e-16,7.9079705348608046e-16,9.4530792569518047e-16,3.048063213178535e-15,4.8316835076228882e-15,1.483647429789528e-15,0,3.1341524484608998e-15,0,0,1.9264388866070355e-15,2.547262271773739e-15,3.1341524484608998e-15
reference,m0,SSP1,2060,"AESA (PBs-LCIA), 0.9.1, ocean acidification, carbonate ion concentration",OA,aragonite saturation,transmission network construction,150000,120201,0.0014440605790666666,0.00039462200000000002,0.003393774,0.00039462200000000002,0.00055545599999999996,0.00066398399999999995,0.0021409599999999999,0.003393774,1.4695837540795651e-05,0,3.0429328540011446e-05,0,0,2.0917935217420907e-05,2.8359939905695728e-05,3.0429328540011446e-05,0.025953022468333004,0,0.053007524206508776,0,0,0.045828406317036927,0.047589308184637122,0.053007524206508776,2.0558951156707249e-15,5.618194489747745e-16,4.8316835076228882e-15,5.618194489747745e-16,7.9079705348608046e-16,9.4530792569518047e-16,3.048063213178535e-15,4.8316835076228882e-15,,,,,,,,
reference,m0,SSP1,2060,"AESA (PBs-LCIA), 0.9.1, ozone depletion, stratospheric O3 concentration",SOD,DU,EU electricity market imports,150000,150000,0.00065258847036666668,0.00060251499999999997,0.00073671999999999995,0.00060251499999999997,0.00061620800000000003,0.000617363,0.00068816199999999998,0.00073671999999999995,4.7549419747041014e-05,0,0.00012967374626660986,0,8.5834630245763379e-06,1.1050092747271447e-05,8.2012558599819937e-05,0.00012967374626660986,0.067537203777803811,0,0.17601496669916639,0,0.013968093057951258,0.017932407153544657,0.11917623844359314,0.17601496669916639,9.2908391128386204e-16,8.5779474174655847e-16,1.048860698836589e-15,8.5779474174655847e-16,8.7728937045834645e-16,8.7893394766697734e-16,9.7973012357077378e-16,1.048860698836589e-15,4.6813161162642685e-16,0,1.276658196625163e-15,0,8.4505537600038231e-17,1.0878992711613443e-16,8.0742717610520133e-16,1.276658196625163e-15
reference,m0,SSP1,2060,"AESA (PBs-LCIA), 0.9.1, ozone depletion, stratospheric O3 concentration",SOD,DU,Other life cycle contributions,150000,150000,0.00065258847036666668,0.00060251499999999997,0.00073671999999999995,0.00060251499999999997,0.00061620800000000003,0.000617363,0.00068816199999999998,0.00073671999999999995,2.222208919745521e-05,-6.9261981430149644e-20,5.8165333603613582e-05,-6.9261981430149644e-20,0,6.9261984420287568e-20,4.6422521827814829e-05,5.8165333603613582e-05,0.032024766326380266,-1.1240032818488179e-16,0.094017951003316169,-1.1240032818488179e-16,0,1.1495478854516083e-16,0.066340616229871016,0.094017951003316169,9.2908391128386204e-16,8.5779474174655847e-16,1.048860698836589e-15,8.5779474174655847e-16,8.7728937045834645e-16,8.7893394766697734e-16,9.7973012357077378e-16,1.048860698836589e-15,,,,,,,,
reference,m0,SSP1,2060,"AESA (PBs-LCIA), 0.9.1, ozone depletion, stratospheric O3 concentration",SOD,DU,Transmission corona,150000,150000,0.00065258847036666668,0.00060251499999999997,0.00073671999999999995,0.00060251499999999997,0.00061620800000000003,0.000617363,0.00068816199999999998,0.00073671999999999995,0.00051058747471148188,0.0005105872058055285,0.00051058772260122653,0.0005105872058055285,0.00051058734574866414,0.00051058748678704964,0.00051058770126737496,0.00051058772260122653,0.78707827513713424,0.69305530088415546,0.84742704966654003,0.69305530088415546,0.74195786138369813,0.82704561491483375,0.82859600457483451,0.84742704966654003,9.2908391128386204e-16,8.5779474174655847e-16,1.048860698836589e-15,8.5779474174655847e-16,8.7728937045834645e-16,8.7893394766697734e-16,9.7973012357077378e-16,1.048860698836589e-15,,,,,,,,
reference,m0,SSP1,2060,"AESA (PBs-LCIA), 0.9.1, ozone depletion, stratospheric O3 concentration",SOD,DU,"electricity production, hydro, reservoir, alpine region",150000,150000,0.00065258847036666668,0.00060251499999999997,0.00073671999999999995,0.00060251499999999997,0.00061620800000000003,0.000617363,0.00068816199999999998,0.00073671999999999995,1.3972568405340237e-07,0,2.726716181638381e-07,0,0,2.376825067277204e-07,2.7222701068706125e-07,2.726716181638381e-07,0.00022821182002972151,0,0.00044177779367853259,0,0,0.00039448396592237604,0.00044167146097812485,0.00044177779367853259,9.2908391128386204e-16,8.5779474174655847e-16,1.048860698836589e-15,8.5779474174655847e-16,8.7728937045834645e-16,8.7893394766697734e-16,9.7973012357077378e-16,1.048860698836589e-15,1.6944059768308335e-17,0,3.3065968633869104e-17,0,0,2.8822948660820234e-17,3.3012044512176934e-17,3.3065968633869104e-17
reference,m0,SSP1,2060,"AESA (PBs-LCIA), 0.9.1, ozone depletion, stratospheric O3 concentration",SOD,DU,"electricity production, hydro, run-of-river",150000,80202,0.00065258847036666668,0.00060251499999999997,0.00073671999999999995,0.00060251499999999997,0.00061620800000000003,0.000617363,0.00068816199999999998,0.00073671999999999995,2.2243961541317307e-07,0,4.8110054296407818e-07,0,0,2.8793532865291154e-07,4.7230295318166605e-07,4.8110054296407818e-07,0.0003627591281791737,0,0.0007792830846099914,0,0,0.00047788906276675529,0.00076646676638678177,0.0007792830846099914,9.2908391128386204e-16,8.5779474174655847e-16,1.048860698836589e-15,8.5779474174655847e-16,8.7728937045834645e-16,8.7893394766697734e-16,9.7973012357077378e-16,1.048860698836589e-15,9.6094851374355772e-18,6.6508452085209363e-18,1.1112655665951438e-17,6.6508452085209363e-18,6.7910571421973468e-18,1.0909442698279543e-17,1.0909442698279543e-17,1.1112655665951438e-17
reference,m0,SSP1,2060,"AESA (PBs-LCIA), 0.9.1, ozone depletion, stratospheric O3 concentration",SOD,DU,"electricity production, photovoltaic",150000,150000,0.00065258847036666668,0.00060251499999999997,0.00073671999999999995,0.00060251499999999997,0.00061620800000000003,0.000617363,0.00068816199999999998,0.00073671999999999995,1.1699871807486472e-05,0,2.5001458794177935e-05,0,0,1.6563745730994653e-05,2.3720951624309535e-05,2.5001458794177935e-05,0.019088628948173605,0,0.040685525413426959,0,0,0.027491009735848327,0.038495040025948273,0.040685525413426959,9.2908391128386204e-16,8.5779474174655847e-16,1.048860698836589e-15,8.5779474174655847e-16,8.7728937045834645e-16,8.7893394766697734e-16,9.7973012357077378e-16,1.048860698836589e-15,5.2957430048381988e-17,0,1.1316470460778049e-16,0,0,7.4972900857101166e-17,1.0736874738513261e-16,1.1316470460778049e-16
reference,m0,SSP1,2060,"AESA (PBs-LCIA), 0.9.1, ozone depletion, stratospheric O3 concentration",SOD,DU,"electricity production, wave energy converter",150000,90084,0.00065258847036666668,0.00060251499999999997,0.00073671999999999995,0.00060251499999999997,0.00061620800000000003,0.000617363,0.00068816199999999998,0.00073671999999999995,1.1760777528448108e-06,0,2.3626899662882632e-06,0,0,1.899820880318312e-06,2.3179215191045739e-06,2.3626899662882632e-06,0.0019201957303403064,0,0.0038392809580156295,0,0,0.0031512630795027699,0.0037615894618449838,0.0038392809580156295,9.2908391128386204e-16,8.5779474174655847e-16,1.048860698836589e-15,8.5779474174655847e-16,8.7728937045834645e-16,8.7893394766697734e-16,9.7973012357077378e-16,1.048860698836589e-15,2.0749261634992027e-16,0,2.5033976314960613e-16,0,2.0129628986144106e-16,2.4559624432740351e-16,2.499759199948317e-16,2.5033976314960613e-16
reference,m0,SSP1,2060,"AESA (PBs-LCIA), 0.9.1, ozone depletion, stratospheric O3 concentration",SOD,DU,"electricity production, wind, 1-3MW turbine, offshore",150000,150000,0.00065258847036666668,0.00060251499999999997,0.00073671999999999995,0.00060251499999999997,0.00061620800000000003,0.000617363,0.00068816199999999998,0.00073671999999999995,7.1637075647041618e-06,0,1.4205991126337246e-05,0,0,1.1856715705385754e-05,1.4117238237424526e-05,1.4205991126337246e-05,0.011697966512645047,0,0.023053889476178896,0,0,0.019678706265214566,0.022866997596915472,0.023053889476178896,9.2908391128386204e-16,8.5779474174655847e-16,1.048860698836589e-15,8.5779474174655847e-16,8.7728937045834645e-16,8.7893394766697734e-16,9.7973012357077378e-16,1.048860698836589e-15,3.9055407862082886e-17,0,7.7448827232033881e-17,0,0,6.4640944682801819e-17,7.6964979269761297e-17,7.7448827232033881e-17
reference,m0,SSP1,2060,"AESA (PBs-LCIA), 0.9.1, ozone depletion, stratospheric O3 concentration",SOD,DU,"electricity production, wind, 1-3MW turbine, onshore",150000,150000,0.00065258847036666668,0.00060251499999999997,0.00073671999999999995,0.00060251499999999997,0.00061620800000000003,0.000617363,0.00068816199999999998,0.00073671999999999995,3.3711108793570731e-06,0,6.83144973973347e-06,0,0,5.408734206142566e-06,6.7017003029616036e-06,6.83144973973347e-06,0.0055037667924207733,0,0.011086272394602909,0,0,0.0089769287173639932,0.010855364352838773,0.011086272394602909,9.2908391128386204e-16,8.5779474174655847e-16,1.048860698836589e-15,8.5779474174655847e-16,8.7728937045834645e-16,8.7893394766697734e-16,9.7973012357077378e-16,1.048860698836589e-15,2.6759963294805681e-17,0,5.4228217831775455e-17,0,0,4.2934664710551101e-17,5.319827658341999e-17,5.4228217831775455e-17
reference,m0,SSP1,2060,"AESA (PBs-LCIA), 0.9.1, ozone depletion, stratospheric O3 concentration",SOD,DU,"heat and power co-generation, wood chips, 6667 kW",150000,150000,0.00065258847036666668,0.00060251499999999997,0.00073671999999999995,0.00060251499999999997,0.00061620800000000003,0.000617363,0.00068816199999999998,0.00073671999999999995,4.7693326807663517e-05,4.5217294535323977e-05,5.0036030638200527e-05,4.5217294535323977e-05,4.5486219955291791e-05,4.6518591999784627e-05,4.9909144448671157e-05,5.0036030638200527e-05,0.073312245508170046,0.067917296446683317,0.080672392671862839,0.067917296446683317,0.072525283942837818,0.073379921285221833,0.074144395619547318,0.080672392671862839,9.2908391128386204e-16,8.5779474174655847e-16,1.048860698836589e-15,8.5779474174655847e-16,8.7728937045834645e-16,8.7893394766697734e-16,9.7973012357077378e-16,1.048860698836589e-15,5.9299684881416668e-15,5.6221099192624271e-15,6.2212467352275584e-15,5.6221099192624271e-15,5.6555482486932816e-15,5.7839069964052361e-15,6.2054763197252341e-15,6.2212467352275584e-15
reference,m0,SSP1,2060,"AESA (PBs-LCIA), 0.9.1, ozone depletion, stratospheric O3 concentration",SOD,DU,transmission network construction,150000,120201,0.00065258847036666668,0.00060251499999999997,0.00073671999999999995,0.00060251499999999997,0.00061620800000000003,0.000617363,0.00068816199999999998,0.00073671999999999995,7.6322659916601103e-07,0,1.5322819570014474e-06,0,0,1.2043039689445233e-06,1.5316229987626611e-06,1.5322819570014474e-06,0.0012459803187230359,0,0.0024866310677586906,0,0,0.0019987949992025483,0.0024809115524621027,0.0024866310677586906,9.2908391128386204e-16,8.5779474174655847e-16,1.048860698836589e-15,8.5779474174655847e-16,8.7728937045834645e-16,8.7893394766697734e-16,9.7973012357077378e-16,1.048860698836589e-15,,,,,,,,
reference,m0,SSP1,2060,"IPCC 2021, climate change, global warming potential (GWP100)",GWP_100,kg CO2-eq,EU electricity market imports,20000,20000,20129933392.142899,6538448048,44955076658,6538448048,8623891803,10041817684,29454639502,44955076658,12080482599.883827,783570138.25581074,34931618291.629929,783570138.25581074,1428224710.1462085,1974494405.0500569,20962305302.114647,34931618291.629929,0.39901057472939377,0.11984038605238923,0.77703389446703697,0.11984038605238923,0.17496076256066345,0.19662719113055518,0.71168093232617169,0.77703389446703697,0.028658788998802663,0.0093087244420740692,0.064002102305742228,0.0093087244420740692,0.012277750289571111,0.01429643747710614,0.041934281752256032,0.064002102305742228,0.11893426932275117,0.0077143724255010152,0.34390732848954336,0.0077143724255010152,0.014061099043424001,0.019439210925195138,0.2063772240721746,0.34390732848954336
reference,m0,SSP1,2060,"IPCC 2021, climate change, global warming potential (GWP100)",GWP_100,kg CO2-eq,Other life cycle contributions,20000,20000,20129933392.142899,6538448048,44955076658,6538448048,8623891803,10041817684,29454639502,44955076658,2053038535.9961355,0,6282340001.2356815,0,0,2.4369395389406707e-06,3618638360.9512601,6282340001.2356815,0.061388464041033819,0,0.13974706458692479,0,0,2.8258002240855233e-16,0.13678569796135956,0.13974706458692479,0.028658788998802663,0.0093087244420740692,0.064002102305742228,0.0093087244420740692,0.012277750289571111,0.01429643747710614,0.041934281752256032,0.064002102305742228,,,,,,,,
reference,m0,SSP1,2060,"IPCC 2021, climate change, global warming potential (GWP100)",GWP_100,kg CO2-eq,Transmission corona,20000,20000,20129933392.142899,6538448048,44955076658,6538448048,8623891803,10041817684,29454639502,44955076658,593595470.44182873,0,988584345.84794164,0,0,988584345.7601248,988584345.82293987,988584345.84794164,0.069042484194609482,0,0.15119556484437174,0,0,0.098446753063749573,0.11463320370634146,0.15119556484437174,0.028658788998802663,0.0093087244420740692,0.064002102305742228,0.0093087244420740692,0.012277750289571111,0.01429643747710614,0.041934281752256032,0.064002102305742228,,,,,,,,
reference,m0,SSP1,2060,"IPCC 2021, climate change, global warming potential (GWP100)",GWP_100,kg CO2-eq,"electricity production, hydro, reservoir, alpine region",20000,20000,20129933392.142899,6538448048,44955076658,6538448048,8623891803,10041817684,29454639502,44955076658,16654090.421189779,0,34246269.931649059,0,0,22390603.562616099,33924223.651953027,34246269.931649059,0.0018907255050858553,0,0.0039710922532371967,0,0,0.0033423490483601424,0.0033782951174273703,0.0039710922532371967,0.028658788998802663,0.0093087244420740692,0.064002102305742228,0.0093087244420740692,0.012277750289571111,0.01429643747710614,0.041934281752256032,0.064002102305742228,0.0020195847756294305,0,0.0041529284174795424,0,0,0.0027152321698872303,0.0041138749626962066,0.0041529284174795424
reference,m0,SSP1,2060,"IPCC 2021, climate change, global warming potential (GWP100)",GWP_100,kg CO2-eq,"electricity production, hydro, run-of-river",20000,10706,20129933392.142899,6538448048,44955076658,6538448048,8623891803,10041817684,29454639502,44955076658,59539748.060297608,0,133053070.7749338,0,0,66831085.245198831,113098030.24187551,133053070.7749338,0.0066896571604056956,0,0.013249899068266513,0,0,0.010221245891162403,0.013114500138154796,0.013249899068266513,0.028658788998802663,0.0093087244420740692,0.064002102305742228,0.0093087244420740692,0.012277750289571111,0.01429643747710614,0.041934281752256032,0.064002102305742228,0.002569162744764267,0.0015436910279305531,0.0030733128279319074,0.0015436910279305531,0.0022315044641132544,0.0025778732618544193,0.0030733128279319074,0.0030733128279319074
reference,m0,SSP1,2060,"IPCC 2021, climate change, global warming potential (GWP100)",GWP_100,kg CO2-eq,"electricity production, photovoltaic",20000,20000,20129933392.142899,6538448048,44955076658,6538448048,8623891803,10041817684,29454639502,44955076658,2680378453.2637911,1776956276.3968618,3741118365.134388,1776956276.3968618,2305370193.1287522,2393585347.3899641,2957676913.0524483,3741118365.134388,0.19092624792654078,0.0832190409460382,0.2717703441782951,0.0832190409460382,0.10041463630378565,0.23836176105883225,0.26732364526266217,0.2717703441782951,0.028658788998802663,0.0093087244420740692,0.064002102305742228,0.0093087244420740692,0.012277750289571111,0.01429643747710614,0.041934281752256032,0.064002102305742228,0.012132264189093753,0.008043081741378447,0.01693351784461589,0.008043081741378447,0.010434854900087345,0.010834145363763993,0.013387407159352624,0.01693351784461589
reference,m0,SSP1,2060,"IPCC 2021, climate change, global warming potential (GWP100)",GWP_100,kg CO2-eq,"electricity production, wave energy converter",20000,12009,20129933392.142899,6538448048,44955076658,6538448048,8623891803,10041817684,29454639502,44955076658,178082991.93885446,0,359889518.96365345,0,0,285544533.77643031,330937215.7961393,359889518.96365345,0.020359894534710425,0,0.043671607035827641,0,0,0.035839081159288397,0.037868976183094955,0.043671607035827641,0.028658788998802663,0.0093087244420740692,0.064002102305742228,0.0093087244420740692,0.012277750289571111,0.01429643747710614,0.041934281752256032,0.064002102305742228,0.031424512593932079,0,0.038132225695598737,0,0.033467491526815489,0.034799058669009252,0.038132225695598737,0.038132225695598737
reference,m0,SSP1,2060,"IPCC 2021, climate change, global warming potential (GWP100)",GWP_100,kg CO2-eq,"electricity production, wind, 1-3MW turbine, offshore",20000,20000,20129933392.142899,6538448048,44955076658,6538448048,8623891803,10041817684,29454639502,44955076658,1441159724.3545809,0,2082780249.4956763,0,1351017561.5566676,1771818853.6639855,1916018925.8816483,2082780249.4956763,0.13395942158528873,0,0.20741068151578246,0,0.065049817559354225,0.19776174755874662,0.20662664161871269,0.20741068151578246,0.028658788998802663,0.0093087244420740692,0.064002102305742228,0.0093087244420740692,0.012277750289571111,0.01429643747710614,0.041934281752256032,0.064002102305742228,0.007856975255645323,0,0.011354989045357158,0,0.0073655344175957288,0.009659676617187982,0.010445832641300242,0.011354989045357158
reference,m0,SSP1,2060,"IPCC 2021, climate change, global warming potential (GWP100)",GWP_100,kg CO2-eq,"electricity production, wind, 1-3MW turbine, onshore",20000,20000,20129933392.142899,6538448048,44955076658,6538448048,8623891803,10041817684,29454639502,44955076658,662434518.70910382,0,1340041756.331496,0,0,889333459.42379534,1097270868.7565501,1340041756.331496,0.075352303035707363,0,0.13344613480352607,0,0,0.11995033838555648,0.12568149318009525,0.13344613480352607,0.028658788998802663,0.0093087244420740692,0.064002102305742228,0.0093087244420740692,0.012277750289571111,0.01429643747710614,0.041934281752256032,0.064002102305742228,0.0052584212154790557,0,0.010637283839927852,0,0,0.0070595504895459007,0.0087101626692870412,0.010637283839927852
reference,m0,SSP1,2060,"IPCC 2021, climate change, global warming potential (GWP100)",GWP_100,kg CO2-eq,"heat and power co-generation, wood chips, 6667 kW",20000,20000,20129933392.142899,6538448048,44955076658,6538448048,8623891803,10041817684,29454639502,44955076658,163503860.35623813,0,368548581.30265594,0,0,188618899.6214664,321035809.77300841,368548581.30265594,0.018509479356795977,0,0.042172825483191026,0,0,0.028847655932536118,0.031969890300291612,0.042172825483191026,0.028658788998802663,0.0093087244420740692,0.064002102305742228,0.0093087244420740692,0.012277750289571111,0.01429643747710614,0.041934281752256032,0.064002102305742228,0.020329314355207316,0,0.045823627335393205,0,0,0.023452002266748484,0.03991610890225334,0.045823627335393205
reference,m0,SSP1,2060,"IPCC 2021, climate change, global warming potential (GWP100)",GWP_100,kg CO2-eq,transmission network construction,20000,16023,20129933392.142899,6538448048,44955076658,6538448048,8623891803,10041817684,29454639502,44955076658,201063398.71705171,0,414428956.72131753,0,0,290645547.88802671,385375882.3031885,414428956.72131753,0.022870747930428151,0,0.04468700339783107,0,0,0.041270312782280695,0.041727124523937092,0.04468700339783107,0.028658788998802663,0.0093087244420740692,0.064002102305742228,0.0093087244420740692,0.012277750289571111,0.01429643747710614,0.041934281752256032,0.064002102305742228,,,,,,,,
reference,m0,SSP2,2060,"AESA (PBs-LCIA), 0.9.1, atmospheric aerosol loading, AOD (Global)",AAL,AOD,EU electricity market imports,210000,210000,0.00011880573802380953,0.00010903700000000001,0.00016235800000000001,0.000110229,0.000112217,0.000114434,0.000122144,0.00012940099999999999,1.5029188498386054e-05,9.7138487945221169e-06,5.6596194909481958e-05,9.9325699869072762e-06,1.1457463927108622e-05,1.1669980904679189e-05,1.5075793135529515e-05,1.8783731947628829e-05,0.12170627431182791,0.089087638090942667,0.34858888942634153,0.08975024611144293,0.1002059153759161,0.10224911017602056,0.12748977290280433,0.15241216091484974,1.6914261200242142e-16,1.5523496156662979e-16,2.3114698976404871e-16,1.569312820761006e-16,1.5976245871563989e-16,1.6291854186485881e-16,1.738946392328911e-16,1.8422735175620649e-16,1.4796475002090528e-16,9.5634416190140514e-17,5.5719730891877428e-16,9.7787730777930815e-17,1.1280076332007859e-16,1.1489241372901387e-16,1.4842401239049841e-16,1.8492949617959963e-16
reference,m0,SSP2,2060,"AESA (PBs-LCIA), 0.9.1, atmospheric aerosol loading, AOD (Global)",AAL,AOD,Other life cycle contributions,210000,210000,0.00011880573802380953,0.00010903700000000001,0.00016235800000000001,0.000110229,0.000112217,0.000114434,0.000122144,0.00012940099999999999,1.5981216665802841e-06,-3.4631069330767879e-20,9.2587206271665584e-06,-1.731549648422359e-20,0,1.731546436387633e-20,3.4631140606274929e-20,9.2587206271665584e-06,0.012757102289106597,-2.1330066477024773e-16,0.071550611101665051,-1.5880380965324975e-16,0,1.4868244322476353e-16,3.1417449678646206e-16,0.071550611101665051,1.6914261200242142e-16,1.5523496156662979e-16,2.3114698976404871e-16,1.569312820761006e-16,1.5976245871563989e-16,1.6291854186485881e-16,1.738946392328911e-16,1.8422735175620649e-16,,,,,,,,
reference,m0,SSP2,2060,"AESA (PBs-LCIA), 0.9.1, atmospheric aerosol loading, AOD (Global)",AAL,AOD,Transmission corona,210000,210000,0.00011880573802380953,0.00010903700000000001,0.00016235800000000001,0.000110229,0.000112217,0.000114434,0.000122144,0.00012940099999999999,-8.0317548694823059e-21,-7.791974694001548e-20,2.5973209381576773e-20,-4.7617720329805837e-20,-1.0010556586005793e-20,-5.4111157197304576e-22,0,1.9479882477392119e-20,-6.4066265481645983e-17,-6.8091429942163595e-16,2.2910125590170922e-16,-4.1859415086909447e-16,-8.5957037489316443e-17,-4.9089765122884697e-18,0,1.7472000212923008e-16,1.6914261200242142e-16,1.5523496156662979e-16,2.3114698976404871e-16,1.569312820761006e-16,1.5976245871563989e-16,1.6291854186485881e-16,1.738946392328911e-16,1.8422735175620649e-16,,,,,,,,
reference,m0,SSP2,2060,"AESA (PBs-LCIA), 0.9.1, atmospheric aerosol loading, AOD (Global)",AAL,AOD,"electricity production, hydro, reservoir, alpine region",210000,210000,0.00011880573802380953,0.00010903700000000001,0.00016235800000000001,0.000110229,0.000112217,0.000114434,0.000122144,0.00012940099999999999,3.0095294412743096e-07,0,3.8383173634348299e-07,0,3.5603234029102407e-07,3.6405906352244223e-07,3.722442527413042e-07,3.7337953470315014e-07,0.0025805801155052628,0,0.0032750925523565536,0,0.002971606670083136,0.0031675529587206876,0.0032604013302714413,0.0032715689421429512,1.6914261200242142e-16,1.5523496156662979e-16,2.3114698976404871e-16,1.569312820761006e-16,1.5976245871563989e-16,1.6291854186485881e-16,1.738946392328911e-16,1.8422735175620649e-16,3.6495548581538595e-17,0,4.6545864677018453e-17,0,4.3174645178259105e-17,4.4148324991027718e-17,4.5140849704732216e-17,4.5278596192592533e-17
reference,m0,SSP2,2060,"AESA (PBs-LCIA), 0.9.1, atmospheric aerosol loading, AOD (Global)",AAL,AOD,"electricity production, hydro, run-of-river",210000,172392,0.00011880573802380953,0.00010903700000000001,0.00016235800000000001,0.000110229,0.000112217,0.000114434,0.000122144,0.00012940099999999999,1.817088248069663e-06,0,2.2904141205500087e-06,0,2.1614534992832516e-06,2.2118631560146059e-06,2.2284863501288072e-06,2.2457679475838272e-06,0.015586864184591778,0,0.019987858771291278,0,0.017786706125417683,0.019136006425379597,0.01965385983217954,0.019815173812985337,1.6914261200242142e-16,1.5523496156662979e-16,2.3114698976404871e-16,1.569312820761006e-16,1.5976245871563989e-16,1.6291854186485881e-16,1.738946392328911e-16,1.8422735175620649e-16,5.1128164530354824e-17,4.9906118564810751e-17,5.2904782220923564e-17,4.992590216947116e-17,5.0208937212292919e-17,5.1270778651229845e-17,5.1646664561450124e-17,5.2904782220923564e-17
reference,m0,SSP2,2060,"AESA (PBs-LCIA), 0.9.1, atmospheric aerosol loading, AOD (Global)",AAL,AOD,"electricity production, photovoltaic",210000,210000,0.00011880573802380953,0.00010903700000000001,0.00016235800000000001,0.000110229,0.000112217,0.000114434,0.000122144,0.00012940099999999999,1.9954116488584111e-05,1.8334373855135107e-05,2.3905860547416809e-05,1.8334373855135107e-05,1.8931239875610422e-05,1.9499644292591319e-05,2.0076472714917268e-05,2.3905860547416809e-05,0.16856549068466403,0.12902776616520589,0.18474247144470918,0.15685094844145253,0.16632985743438755,0.16905339001562011,0.17569944440968677,0.18474247144470918,1.6914261200242142e-16,1.5523496156662979e-16,2.3114698976404871e-16,1.569312820761006e-16,1.5976245871563989e-16,1.6291854186485881e-16,1.738946392328911e-16,1.8422735175620649e-16,9.0318849069158163e-17,8.2986984073190736e-17,1.0820593996944145e-16,8.2986984073190736e-17,8.5689172189888295e-17,8.82617163173049e-17,9.0872812348507999e-17,1.0820593996944145e-16
reference,m0,SSP2,2060,"AESA (PBs-LCIA), 0.9.1, atmospheric aerosol loading, AOD (Global)",AAL,AOD,"electricity production, wave energy converter",210000,194989,0.00011880573802380953,0.00010903700000000001,0.00016235800000000001,0.000110229,0.000112217,0.000114434,0.000122144,0.00012940099999999999,2.3003087872834753e-06,0,3.1039240649514675e-06,0,2.5391279602335564e-06,2.7970820372513255e-06,2.8541341888053478e-06,2.9801141002486622e-06,0.019702751472647499,0,0.026082480215258722,0,0.022373831846571893,0.024017534237088488,0.024732044550170931,0.02604220861150237,1.6914261200242142e-16,1.5523496156662979e-16,2.3114698976404871e-16,1.569312820761006e-16,1.5976245871563989e-16,1.6291854186485881e-16,1.738946392328911e-16,1.8422735175620649e-16,2.6249341666066864e-16,0,3.2887669242825688e-16,0,2.8702618113630789e-16,2.9696178226890021e-16,3.0241096060992624e-16,3.2887669242825688e-16
reference,m0,SSP2,2060,"AESA (PBs-LCIA), 0.9.1, atmospheric aerosol loading, AOD (Global)",AAL,AOD,"electricity production, wind, 1-3MW turbine, offshore",210000,210000,0.00011880573802380953,0.00010903700000000001,0.00016235800000000001,0.000110229,0.000112217,0.000114434,0.000122144,0.00012940099999999999,2.3218561614571587e-05,2.1827015012903219e-05,2.4875897889746727e-05,2.1827015012903219e-05,2.2760581384554627e-05,2.3035459300781624e-05,2.4049212348303986e-05,2.4875897889746727e-05,0.19650773372272809,0.15151300060438774,0.21046691359025421,0.18610115863309026,0.19223883810593989,0.19801517761118415,0.20414673569922578,0.21046691359025421,1.6914261200242142e-16,1.5523496156662979e-16,2.3114698976404871e-16,1.569312820761006e-16,1.5976245871563989e-16,1.6291854186485881e-16,1.738946392328911e-16,1.8422735175620649e-16,1.265839726330177e-16,1.1899693466905971e-16,1.3561977324500262e-16,1.1899693466905971e-16,1.2408668391919582e-16,1.2558575360184666e-16,1.3111275444143441e-16,1.3561977324500262e-16
reference,m0,SSP2,2060,"AESA (PBs-LCIA), 0.9.1, atmospheric aerosol loading, AOD (Global)",AAL,AOD,"electricity production, wind, 1-3MW turbine, onshore",210000,210000,0.00011880573802380953,0.00010903700000000001,0.00016235800000000001,0.000110229,0.000112217,0.000114434,0.000122144,0.00012940099999999999,1.1070177567969733e-05,1.002808284679382e-05,1.2407423700061486e-05,1.002808284679382e-05,1.084804600474861e-05,1.0968436271553876e-05,1.1569558026380335e-05,1.2407423700061486e-05,0.093592809704867289,0.074058722908442384,0.101251098545327,0.088813580730519801,0.090675344929310758,0.092959433395280566,0.09706993835702564,0.101251098545327,1.6914261200242142e-16,1.5523496156662979e-16,2.3114698976404871e-16,1.569312820761006e-16,1.5976245871563989e-16,1.6291854186485881e-16,1.738946392328911e-16,1.8422735175620649e-16,8.7875366981019769e-17,7.9602826348866222e-17,9.8490651273259483e-17,7.9602826348866222e-17,8.6111765486767766e-17,8.7068028862644481e-17,9.18396035654933e-17,9.8490651273259483e-17
reference,m0,SSP2,2060,"AESA (PBs-LCIA), 0.9.1, atmospheric aerosol loading, AOD (Global)",AAL,AOD,"heat and power co-generation, wood chips, 6667 kW",210000,210000,0.00011880573802380953,0.00010903700000000001,0.00016235800000000001,0.000110229,0.000112217,0.000114434,0.000122144,0.00012940099999999999,4.0891746737535026e-05,3.8606820690187673e-05,4.4043791542093153e-05,3.8606820690187673e-05,3.9397958763867637e-05,4.0937800748412189e-05,4.2042472948316112e-05,4.4043791542093153e-05,0.34652484878164286,0.23962872797827944,0.38141027268972877,0.33513955395242823,0.33786796326280499,0.34836056458740139,0.36099286468517566,0.38141027268972877,1.6914261200242142e-16,1.5523496156662979e-16,2.3114698976404871e-16,1.569312820761006e-16,1.5976245871563989e-16,1.6291854186485881e-16,1.738946392328911e-16,1.8422735175620649e-16,5.0842922159062829e-15,4.8002026723169725e-15,5.476213841524581e-15,4.8002026723169725e-15,4.8985602218955732e-15,5.0900292834000226e-15,5.2273446160791714e-15,5.476213841524581e-15
reference,m0,SSP2,2060,"AESA (PBs-LCIA), 0.9.1, atmospheric aerosol loading, AOD (Global)",AAL,AOD,transmission network construction,210000,210000,0.00011880573802380953,0.00010903700000000001,0.00016235800000000001,0.000110229,0.000112217,0.000114434,0.000122144,0.00012940099999999999,2.6254754707021499e-06,0,3.5059302064290123e-06,0,2.8678799982480038e-06,3.1476692169385363e-06,3.3156579796103203e-06,3.4191048271176836e-06,0.022475544732418685,0,0.030438275522288564,0,0.02601747269999731,0.026952456070959849,0.02825116639981054,0.029487029141350197,1.6914261200242142e-16,1.5523496156662979e-16,2.3114698976404871e-16,1.569312820761006e-16,1.5976245871563989e-16,1.6291854186485881e-16,1.738946392328911e-16,1.8422735175620649e-16,,,,,,,,
reference,m0,SSP2,2060,"AESA (PBs-LCIA), 0.9.1, biogeochemical flows, nitrogen, inverse modelling, surface water",N,Tg N yr-1,EU electricity market imports,210000,210000,0.0037127158756142861,0.001159605,0.0082526319999999993,0.001376345,0.001881946,0.004040325,0.0050963830000000003,0.0055752789999999998,0.0015475733776486023,0.00015752783018844931,0.0068627881278449116,0.00032236679714339359,0.0005445825047607698,0.00072546417408018006,0.0019547861916664323,0.0043125334082488604,0.37835172944885709,0.13507546250599411,0.83158780469611537,0.13556991967802706,0.14593618736730618,0.37858585698002367,0.65720972079700601,0.77350988322716419,5.285757272639403e-15,1.6509176183871071e-15,1.174919160975299e-14,1.9594888708052929e-15,2.6793084870171592e-15,5.752171611103649e-15,7.2556707031263415e-15,7.9374699313801327e-15,1.5236105611945658e-14,1.5508858785717723e-15,6.7565240311592681e-14,3.1737527072892111e-15,5.3615003075853591e-15,7.1423107390554295e-15,1.9245181654306119e-14,4.2457575227260001e-14
reference,m0,SSP2,2060,"AESA (PBs-LCIA), 0.9.1, biogeochemical flows, nitrogen, inverse modelling, surface water",N,Tg N yr-1,Other life cycle contributions,210000,210000,0.0037127158756142861,0.001159605,0.0082526319999999993,0.001376345,0.001881946,0.004040325,0.0050963830000000003,0.0055752789999999998,3.4874929118655912e-05,-5.5409596517855599e-19,0.00032739463719352343,-5.5409596321034052e-19,0,0,1.1081918929354434e-18,0.00017530637010024658,0.016223708308181838,-2.0129251994598288e-16,0.11007185287970819,-1.7083531250466122e-16,0,0,2.7428281301560681e-16,0.096444061231361927,5.285757272639403e-15,1.6509176183871071e-15,1.174919160975299e-14,1.9594888708052929e-15,2.6793084870171592e-15,5.752171611103649e-15,7.2556707031263415e-15,7.9374699313801327e-15,,,,,,,,
reference,m0,SSP2,2060,"AESA (PBs-LCIA), 0.9.1, biogeochemical flows, nitrogen, inverse modelling, surface water",N,Tg N yr-1,Transmission corona,210000,210000,0.0037127158756142861,0.001159605,0.0082526319999999993,0.001376345,0.001881946,0.004040325,0.0050963830000000003,0.0055752789999999998,4.7778540307760918e-19,-1.5930255780898419e-18,5.5929053623588522e-18,-1.4804751569614541e-18,-8.6577477492795764e-20,0,9.0473457621253152e-19,2.3332634700810425e-18,8.3206211339717796e-17,-4.5645060059839166e-16,6.7771171213727358e-16,-3.9428154370993473e-16,-4.5140566090712357e-17,0,2.1146873899192098e-16,6.2177614165009834e-16,5.285757272639403e-15,1.6509176183871071e-15,1.174919160975299e-14,1.9594888708052929e-15,2.6793084870171592e-15,5.752171611103649e-15,7.2556707031263415e-15,7.9374699313801327e-15,,,,,,,,
reference,m0,SSP2,2060,"AESA (PBs-LCIA), 0.9.1, biogeochemical flows, nitrogen, inverse modelling, surface water",N,Tg N yr-1,"electricity production, hydro, reservoir, alpine region",210000,210000,0.0037127158756142861,0.001159605,0.0082526319999999993,0.001376345,0.001881946,0.004040325,0.0050963830000000003,0.0055752789999999998,4.3859528131562588e-06,0,1.0126440890606637e-05,0,1.3006113965185721e-06,3.602718167461883e-06,8.5008852208118239e-06,9.7078501209448315e-06,0.0010793540849101794,0,0.0020311585667855672,0,0.0006240400169599936,0.00091490851285732906,0.0019155306831878471,0.0020311585667855672,5.285757272639403e-15,1.6509176183871071e-15,1.174919160975299e-14,1.9594888708052929e-15,2.6793084870171592e-15,5.752171611103649e-15,7.2556707031263415e-15,7.9374699313801327e-15,5.3186955281993623e-16,0,1.2279989732635014e-15,0,1.5772074714531489e-16,4.3688934194684571e-16,1.030873482506949e-15,1.1772377933411018e-15
reference,m0,SSP2,2060,"AESA (PBs-LCIA), 0.9.1, biogeochemical flows, nitrogen, inverse modelling, surface water",N,Tg N yr-1,"electricity production, hydro, run-of-river",210000,172392,0.0037127158756142861,0.001159605,0.0082526319999999993,0.001376345,0.001881946,0.004040325,0.0050963830000000003,0.0055752789999999998,2.0972590223393731e-05,0,4.8709239673867826e-05,0,5.7982468392571702e-06,1.551545948623009e-05,4.2594633256680599e-05,4.8079704128787806e-05,0.0051354742042925301,0,0.01011209781465996,0,0.0023734736351976953,0.0041106866491724178,0.0094869767610630228,0.010100958607821156,5.285757272639403e-15,1.6509176183871071e-15,1.174919160975299e-14,1.9594888708052929e-15,2.6793084870171592e-15,5.752171611103649e-15,7.2556707031263415e-15,7.9374699313801327e-15,5.9011428782843085e-16,1.3276062039101145e-16,1.1251054250433087e-15,1.3393024616301593e-16,1.7781711855010706e-16,3.5838225577901317e-16,1.0599076839633276e-15,1.1251054250433087e-15
reference,m0,SSP2,2060,"AESA (PBs-LCIA), 0.9.1, biogeochemical flows, nitrogen, inverse modelling, surface water",N,Tg N yr-1,"electricity production, photovoltaic",210000,210000,0.0037127158756142861,0.001159605,0.0082526319999999993,0.001376345,0.001881946,0.004040325,0.0050963830000000003,0.0055752789999999998,0.0012227708450502637,0.00043830933219033373,0.0028005745713760334,0.0004514638178253383,0.00049714906673232876,0.00064177135575318122,0.0021434869996445798,0.0026261265528856035,0.34109576114528123,0.086250660774696467,0.528080694422431,0.11511017758092128,0.16714421287328174,0.320066796044989,0.49998161016126019,0.52553210049991239,5.285757272639403e-15,1.6509176183871071e-15,1.174919160975299e-14,1.9594888708052929e-15,2.6793084870171592e-15,5.752171611103649e-15,7.2556707031263415e-15,7.9374699313801327e-15,5.534658420393839e-15,1.9839304937681742e-15,1.2676310943708627e-14,2.0434724702950229e-15,2.2502584265512333e-15,2.9048657137985011e-15,9.7021199709030335e-15,1.1886702689588364e-14
reference,m0,SSP2,2060,"AESA (PBs-LCIA), 0.9.1, biogeochemical flows, nitrogen, inverse modelling, surface water",N,Tg N yr-1,"electricity production, wave energy converter",210000,194989,0.0037127158756142861,0.001159605,0.0082526319999999993,0.001376345,0.001881946,0.004040325,0.0050963830000000003,0.0055752789999999998,6.0057288069886966e-05,0,0.00015766611201892248,0,1.8284480369883594e-05,2.5054779943590463e-05,0.00012329445270852738,0.00015332248557633617,0.015113717896660201,0,0.030936864835104123,0,0.0044939060347635451,0.012948403500961795,0.028751132306609802,0.030681480210571085,5.285757272639403e-15,1.6509176183871071e-15,1.174919160975299e-14,1.9594888708052929e-15,2.6793084870171592e-15,5.752171611103649e-15,7.2556707031263415e-15,7.9374699313801327e-15,6.8532703040040136e-15,0,1.6705570936314938e-14,0,2.3418678402424125e-15,2.6546883213599935e-15,1.3134562193306557e-14,1.6245338705511787e-14
reference,m0,SSP2,2060,"AESA (PBs-LCIA), 0.9.1, biogeochemical flows, nitrogen, inverse modelling, surface water",N,Tg N yr-1,"electricity production, wind, 1-3MW turbine, offshore",210000,210000,0.0037127158756142861,0.001159605,0.0082526319999999993,0.001376345,0.001881946,0.004040325,0.0050963830000000003,0.0055752789999999998,0.00040302819582015419,0.00015996245084640387,0.00082708747079976235,0.00016611099894981511,0.000203948690963076,0.00025848776989858825,0.00066908843952604021,0.0007640960045469503,0.11696312511918279,0.034280371300849634,0.18327632929636406,0.046363199025302282,0.06557421345000404,0.11929250995290702,0.15595689912782029,0.16390613860365727,5.285757272639403e-15,1.6509176183871071e-15,1.174919160975299e-14,1.9594888708052929e-15,2.6793084870171592e-15,5.752171611103649e-15,7.2556707031263415e-15,7.9374699313801327e-15,2.1972461160062724e-15,8.7209001278729765e-16,4.5091503107896335e-15,9.0561114697778052e-16,1.1118959281207118e-15,1.4092344754145663e-15,3.6477649086226755e-15,4.165730847908866e-15
reference,m0,SSP2,2060,"AESA (PBs-LCIA), 0.9.1, biogeochemical flows, nitrogen, inverse modelling, surface water",N,Tg N yr-1,"electricity production, wind, 1-3MW turbine, onshore",210000,210000,0.0037127158756142861,0.001159605,0.0082526319999999993,0.001376345,0.001881946,0.004040325,0.0050963830000000003,0.0055752789999999998,0.00024214636646217253,0,0.00044638376142179162,0.00011279581389975272,0.00013365222992505805,0.00018168825028849119,0.00038791130938809366,0.0004187186048377348,0.073003493520483562,0,0.12373796545637915,0.023763503283865478,0.041206797921429381,0.082159956352914371,0.087876398188172389,0.12033906671645062,5.285757272639403e-15,1.6509176183871071e-15,1.174919160975299e-14,1.9594888708052929e-15,2.6793084870171592e-15,5.752171611103649e-15,7.2556707031263415e-15,7.9374699313801327e-15,1.9221637331235616e-15,0,3.5434050983699773e-15,8.9537588496807768e-16,1.0609345053377392e-15,1.4422456896702371e-15,3.0792495904986569e-15,3.3237984687746485e-15
reference,m0,SSP2,2060,"AESA (PBs-LCIA), 0.9.1, biogeochemical flows, nitrogen, inverse modelling, surface water",N,Tg N yr-1,"heat and power co-generation, wood chips, 6667 kW",210000,210000,0.0037127158756142861,0.001159605,0.0082526319999999993,0.001376345,0.001881946,0.004040325,0.0050963830000000003,0.0055752789999999998,7.7916238193847286e-05,0,0.00014932580423835718,0,4.5797954026964242e-05,7.2474704668982831e-05,0.00012886842501016251,0.00014932580423835718,0.02476445263080989,0,0.070905607497515691,0,0.008564190725826766,0.025228147742996303,0.033100705296291139,0.070905607497515691,5.285757272639403e-15,1.6509176183871071e-15,1.174919160975299e-14,1.9594888708052929e-15,2.6793084870171592e-15,5.752171611103649e-15,7.2556707031263415e-15,7.9374699313801327e-15,9.6877452716042163e-15,0,1.8566481851698447e-14,0,5.6943058750173581e-15,9.0111711795532064e-15,1.6022906091474517e-14,1.8566481851698447e-14
reference,m0,SSP2,2060,"AESA (PBs-LCIA), 0.9.1, biogeochemical flows, nitrogen, inverse modelling, surface water",N,Tg N yr-1,transmission network construction,210000,210000,0.0037127158756142861,0.001159605,0.0082526319999999993,0.001376345,0.001881946,0.004040325,0.0050963830000000003,0.0055752789999999998,9.8990092214153061e-05,0,0.0002081742754637211,0,6.4372942000292819e-05,8.8877505507899913e-05,0.00015421401576041691,0.0002078661485520945,0.028269183641340775,0,0.071910660454967218,0,0.015941355671689243,0.03376429230835621,0.041076469777877704,0.046147292872069472,5.285757272639403e-15,1.6509176183871071e-15,1.174919160975299e-14,1.9594888708052929e-15,2.6793084870171592e-15,5.752171611103649e-15,7.2556707031263415e-15,7.9374699313801327e-15,,,,,,,,
reference,m0,SSP2,2060,"AESA (PBs-LCIA), 0.9.1, biogeochemical flows, phosphorus",P GLO,Tg P yr-1,EU electricity market imports,210000,210000,0.00026693868766666665,0.00017926500000000001,0.00033836199999999998,0.00017926500000000001,0.00022122,0.00028479900000000002,0.00029809599999999997,0.00032889799999999999,3.9023825566586294e-05,1.7255990702933305e-05,7.5646929546481563e-05,1.7255990702933305e-05,3.1242093014444281e-05,3.783915546403491e-05,4.7163718569675024e-05,7.5646929546481563e-05,0.14199722463255643,0.096259675357338592,0.25376700642236583,0.096259675357338592,0.12529348825065695,0.13284595983116479,0.15447418988763864,0.25376700642236583,3.8003801957055341e-16,2.552181281161246e-16,4.8172229375583683e-16,2.552181281161246e-16,3.1494935912582131e-16,4.0546614098329822e-16,4.2439615633738558e-16,4.6824873679557058e-16,3.841957629382137e-16,1.6988817039120556e-16,7.4475568326082556e-16,1.6988817039120556e-16,3.0758322526394548e-16,3.7253241269031853e-16,4.6433363175423055e-16,7.4475568326082556e-16
reference,m0,SSP2,2060,"AESA (PBs-LCIA), 0.9.1, biogeochemical flows, phosphorus",P GLO,Tg P yr-1,Other life cycle contributions,210000,210000,0.00026693868766666665,0.00017926500000000001,0.00033836199999999998,0.00017926500000000001,0.00022122,0.00028479900000000002,0.00029809599999999997,0.00032889799999999999,1.8999302799657449e-06,-1.3852401171487512e-19,1.0686807221946198e-05,-3.4631043723086473e-20,0,0,3.4631044980138811e-20,1.0686807221946198e-05,0.0068685932045545652,-4.2117620573817759e-16,0.041511494852377116,-1.2344906844955947e-16,0,0,1.6044032884011495e-16,0.041511494852377116,3.8003801957055341e-16,2.552181281161246e-16,4.8172229375583683e-16,2.552181281161246e-16,3.1494935912582131e-16,4.0546614098329822e-16,4.2439615633738558e-16,4.6824873679557058e-16,,,,,,,,
reference,m0,SSP2,2060,"AESA (PBs-LCIA), 0.9.1, biogeochemical flows, phosphorus",P GLO,Tg P yr-1,Transmission corona,210000,210000,0.00026693868766666665,0.00017926500000000001,0.00033836199999999998,0.00017926500000000001,0.00022122,0.00028479900000000002,0.00029809599999999997,0.00032889799999999999,-1.8476231671979398e-20,-2.0129282750340423e-19,1.7531945232663883e-19,-1.2120850584072026e-19,-7.0547154360974387e-20,0,2.1238513871470594e-20,7.5011318727784461e-20,-5.7985828950455959e-17,-6.7181586150489525e-16,5.3305113538738094e-16,-3.7499615080692847e-16,-2.5138043664983979e-16,0,1.1847551876535069e-16,2.5175807594490506e-16,3.8003801957055341e-16,2.552181281161246e-16,4.8172229375583683e-16,2.552181281161246e-16,3.1494935912582131e-16,4.0546614098329822e-16,4.2439615633738558e-16,4.6824873679557058e-16,,,,,,,,
reference,m0,SSP2,2060,"AESA (PBs-LCIA), 0.9.1, biogeochemical flows, phosphorus",P GLO,Tg P yr-1,"electricity production, hydro, reservoir, alpine region",210000,210000,0.00026693868766666665,0.00017926500000000001,0.00033836199999999998,0.00017926500000000001,0.00022122,0.00028479900000000002,0.00029809599999999997,0.00032889799999999999,3.0419133716036012e-07,0,5.1373893420708996e-07,0,1.8603491995759937e-07,4.1869775518873844e-07,4.4636683192629912e-07,4.9824169356373769e-07,0.0011192068586919433,0,0.0015865267964646293,0,0.0010377648729958406,0.0014223476130426113,0.0015028680243974921,0.0015865267964646293,3.8003801957055341e-16,2.552181281161246e-16,4.8172229375583683e-16,2.552181281161246e-16,3.1494935912582131e-16,4.0546614098329822e-16,4.2439615633738558e-16,4.6824873679557058e-16,3.6888245970781821e-17,0,6.2299321307715007e-17,0,2.2559847423826697e-17,5.0774026249143401e-17,5.4129306493443763e-17,6.0420055759244312e-17
reference,m0,SSP2,2060,"AESA (PBs-LCIA), 0.9.1, biogeochemical flows, phosphorus",P GLO,Tg P yr-1,"electricity production, hydro, run-of-river",210000,172392,0.00026693868766666665,0.00017926500000000001,0.00033836199999999998,0.00017926500000000001,0.00022122,0.00028479900000000002,0.00029809599999999997,0.00032889799999999999,2.0730484326100317e-06,0,3.507848531035545e-06,0,1.1755284061073726e-06,2.8835457724332489e-06,3.0709242592072263e-06,3.4172641509821034e-06,0.0075891337151109363,0,0.010850961130433118,0,0.0065574897838806935,0.0098459030000056964,0.010367146816236886,0.010844779669238894,3.8003801957055341e-16,2.552181281161246e-16,4.8172229375583683e-16,2.552181281161246e-16,3.1494935912582131e-16,4.0546614098329822e-16,4.2439615633738558e-16,4.6824873679557058e-16,5.8330203142634385e-17,2.7152855665149614e-17,8.1025620187461178e-17,2.7152855665149614e-17,3.8241433549636369e-17,6.8456527222241438e-17,7.1961188033596102e-17,7.8933307617147167e-17
reference,m0,SSP2,2060,"AESA (PBs-LCIA), 0.9.1, biogeochemical flows, phosphorus",P GLO,Tg P yr-1,"electricity production, photovoltaic",210000,210000,0.00026693868766666665,0.00017926500000000001,0.00033836199999999998,0.00017926500000000001,0.00022122,0.00028479900000000002,0.00029809599999999997,0.00032889799999999999,0.00011697417280154125,0.00010915811024475461,0.00013003954052732955,0.00010915811024475461,0.00011167649802423072,0.00011580227731612638,0.00012113157080632091,0.00012939164537160308,0.45246864463507785,0.38432075861748527,0.60892037065101723,0.38488640438861321,0.39635321363556036,0.41243941307909965,0.5015591714137706,0.60892037065101723,3.8003801957055341e-16,2.552181281161246e-16,4.8172229375583683e-16,2.552181281161246e-16,3.1494935912582131e-16,4.0546614098329822e-16,4.2439615633738558e-16,4.6824873679557058e-16,5.2946320518184076e-16,4.9408567852360707e-16,5.8860077852152478e-16,4.9408567852360707e-16,5.0548338475311746e-16,5.2415843521845857e-16,5.4828074657444574e-16,5.856684928176086e-16
reference,m0,SSP2,2060,"AESA (PBs-LCIA), 0.9.1, biogeochemical flows, phosphorus",P GLO,Tg P yr-1,"electricity production, wave energy converter",210000,194989,0.00026693868766666665,0.00017926500000000001,0.00033836199999999998,0.00017926500000000001,0.00022122,0.00028479900000000002,0.00029809599999999997,0.00032889799999999999,6.7577232774806846e-06,0,1.2414353446050458e-05,0,4.0607820251366981e-06,8.7161916379330997e-06,9.4719446872457402e-06,1.2404288371818708e-05,0.024765643588656558,0,0.03774529929051091,0,0.022652397429150685,0.031219012184819123,0.031836106362937634,0.037073374406321878,3.8003801957055341e-16,2.552181281161246e-16,4.8172229375583683e-16,2.552181281161246e-16,3.1494935912582131e-16,4.0546614098329822e-16,4.2439615633738558e-16,4.6824873679557058e-16,7.7113874438240639e-16,0,1.3153670138019856e-15,0,4.3026215734159014e-16,9.2352594204039719e-16,1.003604388759589e-15,1.3142999009351586e-15
reference,m0,SSP2,2060,"AESA (PBs-LCIA), 0.9.1, biogeochemical flows, phosphorus",P GLO,Tg P yr-1,"electricity production, wind, 1-3MW turbine, offshore",210000,210000,0.00026693868766666665,0.00017926500000000001,0.00033836199999999998,0.00017926500000000001,0.00022122,0.00028479900000000002,0.00029809599999999997,0.00032889799999999999,4.4701336666195753e-05,2.4210275269052456e-05,6.0079769293872805e-05,2.4210275269052456e-05,3.333331955270188e-05,5.1268528910530286e-05,5.4959431828436596e-05,5.9825528094459544e-05,0.16475699231308716,0.13166855504481256,0.19264905364072507,0.13166855504481256,0.13770618173016694,0.17540985357896341,0.18552490335163188,0.19019733392062391,3.8003801957055341e-16,2.552181281161246e-16,4.8172229375583683e-16,2.552181281161246e-16,3.1494935912582131e-16,4.0546614098329822e-16,4.2439615633738558e-16,4.6824873679557058e-16,2.4370463398530523e-16,1.3199075488847618e-16,3.2754516295831719e-16,1.3199075488847618e-16,1.8172834792287295e-16,2.795075208049007e-16,2.9963007552675653e-16,3.2615924606286543e-16
reference,m0,SSP2,2060,"AESA (PBs-LCIA), 0.9.1, biogeochemical flows, phosphorus",P GLO,Tg P yr-1,"electricity production, wind, 1-3MW turbine, onshore",210000,210000,0.00026693868766666665,0.00017926500000000001,0.00033836199999999998,0.00017926500000000001,0.00022122,0.00028479900000000002,0.00029809599999999997,0.00032889799999999999,3.6791233832516061e-05,1.8390004364889548e-05,5.0363658388641585e-05,1.8390004364889548e-05,2.6700002470374855e-05,4.2391069680289351e-05,4.5916759123209814e-05,5.0170624446951012e-05,0.1348897133594287,0.10258558204272751,0.16246069100356636,0.10258558204272751,0.10675947986273622,0.14587749213736864,0.15418453577852329,0.15864840168317776,3.8003801957055341e-16,2.552181281161246e-16,4.8172229375583683e-16,2.552181281161246e-16,3.1494935912582131e-16,4.0546614098329822e-16,4.2439615633738558e-16,4.6824873679557058e-16,2.9204970510097103e-16,1.4598047259537409e-16,3.9978762895868612e-16,1.4598047259537409e-16,2.1194567656692993e-16,3.3650084969927122e-16,3.6448812383471925e-16,3.9825552340950264e-16
reference,m0,SSP2,2060,"AESA (PBs-LCIA), 0.9.1, biogeochemical flows, phosphorus",P GLO,Tg P yr-1,"heat and power co-generation, wood chips, 6667 kW",210000,210000,0.00026693868766666665,0.00017926500000000001,0.00033836199999999998,0.00017926500000000001,0.00022122,0.00028479900000000002,0.00029809599999999997,0.00032889799999999999,1.6237361139794912e-05,3.7536061735492672e-06,2.5954722135143627e-05,3.7536061735492672e-06,8.6070768366218962e-06,1.7881761788040757e-05,2.3972268355279672e-05,2.5954722135143627e-05,0.057893217966659451,0.020938868008530762,0.099701099812851982,0.020938868008530762,0.038150115382043263,0.060715756658520283,0.079353409871992825,0.099701099812851982,3.8003801957055341e-16,2.552181281161246e-16,4.8172229375583683e-16,2.552181281161246e-16,3.1494935912582131e-16,4.0546614098329822e-16,4.2439615633738558e-16,4.6824873679557058e-16,2.0188784025927015e-15,4.6670659914692352e-16,3.227088685805862e-15,4.6670659914692352e-16,1.0701625723470027e-15,2.2233351363300558e-15,2.9806040958572958e-15,3.227088685805862e-15
reference,m0,SSP2,2060,"AESA (PBs-LCIA), 0.9.1, biogeochemical flows, phosphorus",P GLO,Tg P yr-1,transmission network construction,210000,210000,0.00026693868766666665,0.00017926500000000001,0.00033836199999999998,0.00017926500000000001,0.00022122,0.00028479900000000002,0.00029809599999999997,0.00032889799999999999,2.1758643328155839e-06,0,7.7458829110627077e-06,0,1.0746678936191046e-06,1.38167966050717e-06,1.7499564705261043e-06,7.5220183207605938e-06,0.0076516297261763526,0,0.023666168645221666,0,0.0046372869961643567,0.0059948561828527848,0.0064342823011178801,0.023068549205556628,3.8003801957055341e-16,2.552181281161246e-16,4.8172229375583683e-16,2.552181281161246e-16,3.1494935912582131e-16,4.0546614098329822e-16,4.2439615633738558e-16,4.6824873679557058e-16,,,,,,,,
reference,m0,SSP2,2060,"AESA (PBs-LCIA), 0.9.1, change in biosphere integrity, functional diversity, total",BI FD,%BII loss,EU electricity market imports,210000,210000,0.007290992751328571,0.00456157,0.010489322000000001,0.00456157,0.0053618030000000001,0.007517391,0.0090358290000000004,0.0097251999999999998,0.0012538089570521456,0.00057152283253037199,0.0060560721925685956,0.00057152283253037199,0.00066303973898359299,0.00083906377441563668,0.0010893159801370993,0.0028797028759910857,0.15860184616060127,0.07978993907654662,0.57735592372591815,0.07978993907654662,0.11161635392061377,0.12529081709375764,0.15642417103235512,0.29924556109563083,1.0380114923897455e-14,6.494262683900138e-15,1.4933545359809899e-14,6.494262683900138e-15,7.6335458281400793e-15,1.0702435245694649e-14,1.2864221071646e-14,1.3845671867271709e-14,1.2343948312631198e-14,5.6267331665715687e-15,5.9622993793076111e-14,5.6267331665715687e-15,6.5277313057043911e-15,8.2607155533427885e-15,1.0724488324795508e-14,2.8351132283620472e-14
reference,m0,SSP2,2060,"AESA (PBs-LCIA), 0.9.1, change in biosphere integrity, functional diversity, total",BI FD,%BII loss,Other life cycle contributions,210000,210000,0.007290992751328571,0.00456157,0.010489322000000001,0.00456157,0.0053618030000000001,0.007517391,0.0090358290000000004,0.0097251999999999998,0.00016463240981006986,-1.1081918471687422e-18,0.0010808174501617562,-1.1081918471687422e-18,0,5.5409588656613443e-19,1.1081918392665453e-18,0.0010572631370383417,0.017843477978308292,-2.2068687784928548e-16,0.11601249167028499,-1.8292369212563617e-16,0,1.2147043376866615e-16,1.6667543751529013e-16,0.11601249167028499,1.0380114923897455e-14,6.494262683900138e-15,1.4933545359809899e-14,6.494262683900138e-15,7.6335458281400793e-15,1.0702435245694649e-14,1.2864221071646e-14,1.3845671867271709e-14,,,,,,,,
reference,m0,SSP2,2060,"AESA (PBs-LCIA), 0.9.1, change in biosphere integrity, functional diversity, total",BI FD,%BII loss,Transmission corona,210000,210000,0.007290992751328571,0.00456157,0.010489322000000001,0.00456157,0.0053618030000000001,0.007517391,0.0090358290000000004,0.0097251999999999998,0.00018398634646710695,0,0.00022412371497755503,0,0.00022412368867999526,0.00022412369530465934,0.00022412370473336526,0.00022412371356562476,0.028509322575124951,0,0.049133016146296893,0,0.023289910121075036,0.029814028861769148,0.041800065197761839,0.049133016146296893,1.0380114923897455e-14,6.494262683900138e-15,1.4933545359809899e-14,6.494262683900138e-15,7.6335458281400793e-15,1.0702435245694649e-14,1.2864221071646e-14,1.3845671867271709e-14,,,,,,,,
reference,m0,SSP2,2060,"AESA (PBs-LCIA), 0.9.1, change in biosphere integrity, functional diversity, total",BI FD,%BII loss,"electricity production, hydro, reservoir, alpine region",210000,210000,0.007290992751328571,0.00456157,0.010489322000000001,0.00456157,0.0053618030000000001,0.007517391,0.0090358290000000004,0.0097251999999999998,2.628030439396155e-05,0,3.4695026005349179e-05,0,3.0223912904906988e-05,3.10290441612884e-05,3.3050002198150831e-05,3.3934534590633883e-05,0.0040704709603199074,0,0.0072453129510565073,0,0.0034623009361898784,0.0043531934295895853,0.0057929120727760767,0.0072453129510565073,1.0380114923897455e-14,6.494262683900138e-15,1.4933545359809899e-14,6.494262683900138e-15,7.6335458281400793e-15,1.0702435245694649e-14,1.2864221071646e-14,1.3845671867271709e-14,3.1869229110434468e-15,0,4.2073476412262129e-15,0,3.6651508747559981e-15,3.7627865684266031e-15,4.0078612029575588e-15,4.1151250704824314e-15
reference,m0,SSP2,2060,"AESA (PBs-LCIA), 0.9.1, change in biosphere integrity, functional diversity, total",BI FD,%BII loss,"electricity production, hydro, run-of-river",210000,172392,0.007290992751328571,0.00456157,0.010489322000000001,0.00456157,0.0053618030000000001,0.007517391,0.0090358290000000004,0.0097251999999999998,0.00015516708849691856,0,0.00019710236481808942,0,0.00018303301041132036,0.00018844140874778065,0.00019034346656993619,0.00019669721561517493,0.024013855748015983,0,0.041867449719010089,0,0.019776664237652494,0.02621951749191833,0.034322723022283681,0.041867449719010089,1.0380114923897455e-14,6.494262683900138e-15,1.4933545359809899e-14,6.494262683900138e-15,7.6335458281400793e-15,1.0702435245694649e-14,1.2864221071646e-14,1.3845671867271709e-14,4.3659992985330197e-15,4.1639332602986012e-15,4.5527486418257475e-15,4.2277696240544363e-15,4.2949536620900044e-15,4.3680423760725947e-15,4.4113623071946074e-15,4.5527486418257475e-15
reference,m0,SSP2,2060,"AESA (PBs-LCIA), 0.9.1, change in biosphere integrity, functional diversity, total",BI FD,%BII loss,"electricity production, photovoltaic",210000,210000,0.007290992751328571,0.00456157,0.010489322000000001,0.00456157,0.0053618030000000001,0.007517391,0.0090358290000000004,0.0097251999999999998,0.0020645553523227587,0.0018820319388311302,0.002257029348658041,0.0019163969825869919,0.002012110329592864,0.002059997895119469,0.0021120440196869725,0.002257029348658041,0.30086110306897401,0.20235718914172318,0.44110039516939648,0.20902986624198636,0.24601465483914278,0.28095439224685431,0.3574165224994264,0.44110039516939648,1.0380114923897455e-14,6.494262683900138e-15,1.4933545359809899e-14,6.494262683900138e-15,7.6335458281400793e-15,1.0702435245694649e-14,1.2864221071646e-14,1.3845671867271709e-14,9.3448486157274527e-15,8.51868883352941e-15,1.0216048085383639e-14,8.6742350415753683e-15,9.1074656453802779e-15,9.3242197824801889e-15,9.5597971794059319e-15,1.0216048085383639e-14
reference,m0,SSP2,2060,"AESA (PBs-LCIA), 0.9.1, change in biosphere integrity, functional diversity, total",BI FD,%BII loss,"electricity production, wave energy converter",210000,194989,0.007290992751328571,0.00456157,0.010489322000000001,0.00456157,0.0053618030000000001,0.007517391,0.0090358290000000004,0.0097251999999999998,7.4062611865167009e-05,0,0.00010211481415631973,0,8.2016900440739341e-05,8.8589280024168636e-05,9.314727706687592e-05,9.8517255846871567e-05,0.011413141171581841,0,0.019420787146567659,0,0.0097351205498620152,0.012304640007152692,0.016261752149744266,0.019420787146567659,1.0380114923897455e-14,6.494262683900138e-15,1.4933545359809899e-14,6.494262683900138e-15,7.6335458281400793e-15,1.0702435245694649e-14,1.2864221071646e-14,1.3845671867271709e-14,8.451448700396367e-15,0,1.0819612775348072e-14,0,8.8086981538684178e-15,9.3865098119411236e-15,9.8694531974337381e-15,1.0819612775348072e-14
reference,m0,SSP2,2060,"AESA (PBs-LCIA), 0.9.1, change in biosphere integrity, functional diversity, total",BI FD,%BII loss,"electricity production, wind, 1-3MW turbine, offshore",210000,210000,0.007290992751328571,0.00456157,0.010489322000000001,0.00456157,0.0053618030000000001,0.007517391,0.0090358290000000004,0.0097251999999999998,0.00054632127338362835,0.00047435753264069307,0.0006306280756339655,0.00047435753264069307,0.0004984724987587264,0.00055124887631971466,0.00057907530306723837,0.0006067458286525125,0.080174376624541938,0.051255758108699707,0.12694649058706506,0.052050806820307806,0.063030740019636294,0.073329813005564654,0.094197315052072322,0.12694649058706506,1.0380114923897455e-14,6.494262683900138e-15,1.4933545359809899e-14,6.494262683900138e-15,7.6335458281400793e-15,1.0702435245694649e-14,1.2864221071646e-14,1.3845671867271709e-14,2.9784573088414295e-15,2.5861224894439843e-15,3.4380847764920779e-15,2.5861224894439843e-15,2.7175933310406427e-15,3.0053216372270721e-15,3.1570271908322428e-15,3.3078823097128878e-15
reference,m0,SSP2,2060,"AESA (PBs-LCIA), 0.9.1, change in biosphere integrity, functional diversity, total",BI FD,%BII loss,"electricity production, wind, 1-3MW turbine, onshore",210000,210000,0.007290992751328571,0.00456157,0.010489322000000001,0.00456157,0.0053618030000000001,0.007517391,0.0090358290000000004,0.0097251999999999998,0.00040802734525849073,0,0.00050785262040849253,0,0.0004218844284598379,0.00046515815453357216,0.00047303597698893698,0.0004936978283334837,0.061448956481622734,0,0.10264249009717806,0,0.054118934519890284,0.060376227525831765,0.07844537051631037,0.10264249009717806,1.0380114923897455e-14,6.494262683900138e-15,1.4933545359809899e-14,6.494262683900138e-15,7.6335458281400793e-15,1.0702435245694649e-14,1.2864221071646e-14,1.3845671867271709e-14,3.2389309046670713e-15,0,4.0313464718063165e-15,0,3.3489285515569085e-15,3.6924364324449793e-15,3.7549710458892002e-15,3.9189852383670259e-15
reference,m0,SSP2,2060,"AESA (PBs-LCIA), 0.9.1, change in biosphere integrity, functional diversity, total",BI FD,%BII loss,"heat and power co-generation, wood chips, 6667 kW",210000,210000,0.007290992751328571,0.00456157,0.010489322000000001,0.00456157,0.0053618030000000001,0.007517391,0.0090358290000000004,0.0097251999999999998,0.0022997643758128866,0.0002599366487602687,0.0039616946454295752,0.0002599366487602687,0.00099510316605282796,0.0026569973986009725,0.0036913615191783967,0.0039616946454295752,0.29551662312860016,0.043572637929995897,0.46278786303792507,0.056984031541830703,0.19816625920064793,0.34531194438602947,0.43471303495985181,0.46278786303792507,1.0380114923897455e-14,6.494262683900138e-15,1.4933545359809899e-14,6.494262683900138e-15,7.6335458281400793e-15,1.0702435245694649e-14,1.2864221071646e-14,1.3845671867271709e-14,2.8594207128651206e-13,3.2319322368867526e-14,4.9257882652895585e-13,3.2319322368867526e-14,1.2372653581960315e-13,3.3035877553694303e-13,4.5896682766922924e-13,4.9257882652895585e-13
reference,m0,SSP2,2060,"AESA (PBs-LCIA), 0.9.1, change in biosphere integrity, functional diversity, total",BI FD,%BII loss,transmission network construction,210000,210000,0.007290992751328571,0.00456157,0.010489322000000001,0.00456157,0.0053618030000000001,0.007517391,0.0090358290000000004,0.0097251999999999998,0.00011438668646543917,0,0.00015760897676212794,0,0.00012389244206290089,0.00013396970519714504,0.00014600967878258887,0.00015760897676212794,0.017546826102308909,0,0.029369209547840992,0,0.015854164398092375,0.018633802104003547,0.024516319583294779,0.029369209547840992,1.0380114923897455e-14,6.494262683900138e-15,1.4933545359809899e-14,6.494262683900138e-15,7.6335458281400793e-15,1.0702435245694649e-14,1.2864221071646e-14,1.3845671867271709e-14,,,,,,,,
reference,m0,SSP2,2060,"AESA (PBs-LCIA), 0.9.1, climate change, atmospheric CO2 concentration",aCO2,ppm,EU electricity market imports,210000,210000,0.25493356630558095,0.12593844600000001,0.81594316099999997,0.12593844600000001,0.17458000900000001,0.21987711500000001,0.291696556,0.53156554099999997,0.082246981447327755,0.017539603888954137,0.5922807574693536,0.017539603888954137,0.02528023558327179,0.040455637343748553,0.067538207839698064,0.30893773264839886,0.23955390913278959,0.11497438277408628,0.72588482357455975,0.11497438277408628,0.13927124278597289,0.19815859599025543,0.26473819797004233,0.58118464953016746,3.6294642117542779e-13,1.7929733192638421e-13,1.161650285536292e-12,1.7929733192638421e-13,2.4854784888309898e-13,3.130368942573688e-13,4.1528552984505972e-13,7.5678465415266538e-13,8.0973459122409661e-13,1.7268018512678124e-13,5.8310980957085924e-12,1.7268018512678124e-13,2.4888793274386444e-13,3.9829217267982629e-13,6.6492437932852039e-13,3.0415410310913404e-12
reference,m0,SSP2,2060,"AESA (PBs-LCIA), 0.9.1, climate change, atmospheric CO2 concentration",aCO2,ppm,Other life cycle contributions,210000,210000,0.25493356630558095,0.12593844600000001,0.81594316099999997,0.12593844600000001,0.17458000900000001,0.21987711500000001,0.291696556,0.53156554099999997,0.0059915672452364819,-3.5462137665330151e-17,0.04175403720918109,-3.5462137665330151e-17,-1.7731068788863269e-17,0,3.5462137580335029e-17,0.04175403720918109,0.02418584053618987,-1.6128162162456127e-16,0.15538950372971613,-1.6128162162456127e-16,-1.2157201324346929e-16,0,1.979779391423834e-16,0.15538950372971613,3.6294642117542779e-13,1.7929733192638421e-13,1.161650285536292e-12,1.7929733192638421e-13,2.4854784888309898e-13,3.130368942573688e-13,4.1528552984505972e-13,7.5678465415266538e-13,,,,,,,,
reference,m0,SSP2,2060,"AESA (PBs-LCIA), 0.9.1, climate change, atmospheric CO2 concentration",aCO2,ppm,Transmission corona,210000,210000,0.25493356630558095,0.12593844600000001,0.81594316099999997,0.12593844600000001,0.17458000900000001,0.21987711500000001,0.291696556,0.53156554099999997,1.4935278900384411e-18,-9.8629070240657828e-17,1.4184855043214517e-16,-7.9789809697505082e-17,-2.1055644170134045e-17,0,9.973726218374102e-18,7.8127521831937527e-17,-2.2191459497007886e-17,-4.3471620925114956e-16,2.6783834167701838e-16,-4.0116574438617421e-16,-1.1663254031315702e-16,0,4.5360456081907851e-17,2.6783834167701838e-16,3.6294642117542779e-13,1.7929733192638421e-13,1.161650285536292e-12,1.7929733192638421e-13,2.4854784888309898e-13,3.130368942573688e-13,4.1528552984505972e-13,7.5678465415266538e-13,,,,,,,,
reference,m0,SSP2,2060,"AESA (PBs-LCIA), 0.9.1, climate change, atmospheric CO2 concentration",aCO2,ppm,"electricity production, hydro, reservoir, alpine region",210000,210000,0.25493356630558095,0.12593844600000001,0.81594316099999997,0.12593844600000001,0.17458000900000001,0.21987711500000001,0.291696556,0.53156554099999997,0.00066903602855434468,0,0.00123505894848678,0,0.00036667290667525789,0.00072922651049804805,0.001055639962574066,0.0010881339538544744,0.002926845281126514,0,0.0050782755008802281,0,0.0020470362917194332,0.0031156203973141069,0.0048010451773212769,0.0049459578383208554,3.6294642117542779e-13,1.7929733192638421e-13,1.161650285536292e-12,1.7929733192638421e-13,2.4854784888309898e-13,3.130368942573688e-13,4.1528552984505972e-13,7.5678465415266538e-13,8.1131718575544672e-14,0,1.4977138858257684e-13,0,4.4465173473114806e-14,8.8430813191265164e-14,1.2801385956212945e-13,1.3195429541530028e-13
reference,m0,SSP2,2060,"AESA (PBs-LCIA), 0.9.1, climate change, atmospheric CO2 concentration",aCO2,ppm,"electricity production, hydro, run-of-river",210000,172392,0.25493356630558095,0.12593844600000001,0.81594316099999997,0.12593844600000001,0.17458000900000001,0.21987711500000001,0.291696556,0.53156554099999997,0.002567495407600001,0,0.0046182453024039803,0,0.0013535095995934299,0.0030669448167418745,0.0039225113828688955,0.0039875077097562966,0.011270616044967903,0,0.018307269214740237,0,0.0073733929449813487,0.013447232413909252,0.016623118747605609,0.018135164770359556,3.6294642117542779e-13,1.7929733192638421e-13,1.161650285536292e-12,1.7929733192638421e-13,2.4854784888309898e-13,3.130368942573688e-13,4.1528552984505972e-13,7.5678465415266538e-13,7.2242659987805275e-14,3.126390386296094e-14,1.0667406952895795e-13,3.126390386296094e-14,5.110553561176856e-14,7.6197277296007128e-14,9.0603730431084677e-14,1.0667406952895795e-13
reference,m0,SSP2,2060,"AESA (PBs-LCIA), 0.9.1, climate change, atmospheric CO2 concentration",aCO2,ppm,"electricity production, photovoltaic",210000,210000,0.25493356630558095,0.12593844600000001,0.81594316099999997,0.12593844600000001,0.17458000900000001,0.21987711500000001,0.291696556,0.53156554099999997,0.064046487704486496,0.039526729749154367,0.097596216962774665,0.039526729749154367,0.051150676820576994,0.058790742381349972,0.070732026696865,0.097596216962774665,0.27883441244459289,0.10152953789202929,0.33458131388693757,0.17083886862290196,0.26566929528236732,0.29612394339054093,0.32168889744103202,0.33458131388693757,3.6294642117542779e-13,1.7929733192638421e-13,1.161650285536292e-12,1.7929733192638421e-13,2.4854784888309898e-13,3.130368942573688e-13,4.1528552984505972e-13,7.5678465415266538e-13,2.8989522281870552e-13,1.7891082770048246e-13,4.4175220377293255e-13,1.7891082770048246e-13,2.3152459125899939e-13,2.6610601138901499e-13,3.2015614496410501e-13,4.4175220377293255e-13
reference,m0,SSP2,2060,"AESA (PBs-LCIA), 0.9.1, climate change, atmospheric CO2 concentration",aCO2,ppm,"electricity production, wave energy converter",210000,194989,0.25493356630558095,0.12593844600000001,0.81594316099999997,0.12593844600000001,0.17458000900000001,0.21987711500000001,0.291696556,0.53156554099999997,0.0071266578950673126,0,0.010713637719667509,0,0.0068401419357415113,0.0083525422478045105,0.0092513509406307679,0.0095283915075435061,0.033262925997036688,0,0.055207014143256704,0,0.017517145127228621,0.041423695910478078,0.045048906414466454,0.054313374136294418,3.6294642117542779e-13,1.7929733192638421e-13,1.161650285536292e-12,1.7929733192638421e-13,2.4854784888309898e-13,3.130368942573688e-13,4.1528552984505972e-13,7.5678465415266538e-13,8.1323872386772146e-13,0,1.1351674050052683e-12,0,7.9481094727022306e-13,8.9445371271794625e-13,9.802302726573503e-13,1.1351674050052683e-12
reference,m0,SSP2,2060,"AESA (PBs-LCIA), 0.9.1, climate change, atmospheric CO2 concentration",aCO2,ppm,"electricity production, wind, 1-3MW turbine, offshore",210000,210000,0.25493356630558095,0.12593844600000001,0.81594316099999997,0.12593844600000001,0.17458000900000001,0.21987711500000001,0.291696556,0.53156554099999997,0.047725381960994635,0.030923822299839341,0.062334427878714092,0.030923822299839341,0.041456676546443208,0.046914851624975565,0.056771900937987257,0.058707054155573452,0.21227853017146506,0.076395551624354005,0.25819831653688585,0.1058372323136797,0.20126070379649411,0.22497174454355209,0.2465221988354209,0.25819831653688585,3.6294642117542779e-13,1.7929733192638421e-13,1.161650285536292e-12,1.7929733192638421e-13,2.4854784888309898e-13,3.130368942573688e-13,4.1528552984505972e-13,7.5678465415266538e-13,2.6019124644420252e-13,1.6859179617724869e-13,3.3983745789186818e-13,1.6859179617724869e-13,2.2601525455327739e-13,2.5577236272637726e-13,3.0951143886045031e-13,3.2006158948424287e-13
reference,m0,SSP2,2060,"AESA (PBs-LCIA), 0.9.1, climate change, atmospheric CO2 concentration",aCO2,ppm,"electricity production, wind, 1-3MW turbine, onshore",210000,210000,0.25493356630558095,0.12593844600000001,0.81594316099999997,0.12593844600000001,0.17458000900000001,0.21987711500000001,0.291696556,0.53156554099999997,0.029681048165504421,0.01798356213685914,0.039182114979385924,0.01798356213685914,0.024779470038970165,0.027801936870627701,0.03485287592866354,0.037536502746049819,0.13109324239757739,0.048020642677322381,0.15938320880282364,0.066871259853120424,0.12868339366355022,0.13808032596895825,0.14402249871596309,0.15851070234691564,3.6294642117542779e-13,1.7929733192638421e-13,1.161650285536292e-12,1.7929733192638421e-13,2.4854784888309898e-13,3.130368942573688e-13,4.1528552984505972e-13,7.5678465415266538e-13,2.3560887742303648e-13,1.4275395070119075e-13,3.1102857526199111e-13,1.4275395070119075e-13,1.9670003211162665e-13,2.2069244726781339e-13,2.7666297064526632e-13,2.9796566592642011e-13
reference,m0,SSP2,2060,"AESA (PBs-LCIA), 0.9.1, climate change, atmospheric CO2 concentration",aCO2,ppm,"heat and power co-generation, wood chips, 6667 kW",210000,210000,0.25493356630558095,0.12593844600000001,0.81594316099999997,0.12593844600000001,0.17458000900000001,0.21987711500000001,0.291696556,0.53156554099999997,0.0065283385958906813,0,0.014024563362255759,0,0.0051095612446740079,0.0071664163275112699,0.0080670958830116584,0.014024563362255759,0.02894863390596884,0,0.048079290186256979,0,0.023892910747554112,0.03281225826266522,0.04057189370650173,0.048079290186256979,3.6294642117542779e-13,1.7929733192638421e-13,1.161650285536292e-12,1.7929733192638421e-13,2.4854784888309898e-13,3.130368942573688e-13,4.1528552984505972e-13,7.5678465415266538e-13,8.1170344984694577e-13,0,1.7437493941495534e-12,0,6.3529923076825866e-13,8.9103908425732021e-13,1.0030254188413996e-12,1.7437493941495534e-12
reference,m0,SSP2,2060,"AESA (PBs-LCIA), 0.9.1, climate change, atmospheric CO2 concentration",aCO2,ppm,transmission network construction,210000,210000,0.25493356630558095,0.12593844600000001,0.81594316099999997,0.12593844600000001,0.17458000900000001,0.21987711500000001,0.291696556,0.53156554099999997,0.0083505718549188399,0,0.013468986720726253,0,0.0062948422385088049,0.0093476138014880212,0.011016469986973526,0.013468986720726253,0.037645044088285291,0,0.056003001513903222,0,0.024437504568646972,0.047798444329665964,0.049617352818484631,0.05558453890352183,3.6294642117542779e-13,1.7929733192638421e-13,1.161650285536292e-12,1.7929733192638421e-13,2.4854784888309898e-13,3.130368942573688e-13,4.1528552984505972e-13,7.5678465415266538e-13,,,,,,,,
reference,m0,SSP2,2060,"AESA (PBs-LCIA), 0.9.1, climate change, energy imbalance at top-of-atmosphere",EI,W m-2,EU electricity market imports,210000,210000,0.0036707886101904766,0.0019604100000000001,0.01106535,0.0019604100000000001,0.0026034489999999999,0.003176108,0.0042621530000000003,0.0073024539999999999,0.0011332717636197975,0.00026385569479948413,0.0078639111043892901,0.00026385569479948413,0.00036062421357714797,0.00056198973874459018,0.00090430526668650577,0.0041126044878765072,0.23405960582963731,0.11183149803585828,0.71067893057059106,0.11183149803585828,0.13459209797924113,0.20012055124055295,0.25772655513871373,0.56318115634504606,5.2260658622611657e-15,2.7910159326704402e-15,1.5753631118211651e-14,2.7910159326704402e-15,3.7065050682128029e-15,4.5217941853771904e-15,6.0679852711285273e-15,1.039643208116033e-14,1.115724069105263e-14,2.5977006681470551e-15,7.7421456924614466e-14,2.5977006681470551e-15,3.5504022322093571e-15,5.5328783112561896e-15,8.9030292974413052e-15,4.0489243588295491e-14
reference,m0,SSP2,2060,"AESA (PBs-LCIA), 0.9.1, climate change, energy imbalance at top-of-atmosphere",EI,W m-2,Other life cycle contributions,210000,210000,0.0036707886101904766,0.0019604100000000001,0.01106535,0.0019604100000000001,0.0026034489999999999,0.003176108,0.0042621530000000003,0.0073024539999999999,0.00010089678554207012,-5.5409587726592061e-19,0.00073889060240375781,-2.7704800769887463e-19,0,2.7704791058053554e-19,5.5409598915159805e-19,0.00073889060240375781,0.02721424792404115,-1.5791705182428771e-16,0.16737923293255086,-1.413214621935588e-16,0,1.1525760841817578e-16,1.7445749914316548e-16,0.16737923293255086,5.2260658622611657e-15,2.7910159326704402e-15,1.5753631118211651e-14,2.7910159326704402e-15,3.7065050682128029e-15,4.5217941853771904e-15,6.0679852711285273e-15,1.039643208116033e-14,,,,,,,,
reference,m0,SSP2,2060,"AESA (PBs-LCIA), 0.9.1, climate change, energy imbalance at top-of-atmosphere",EI,W m-2,Transmission corona,210000,210000,0.0036707886101904766,0.0019604100000000001,0.01106535,0.0019604100000000001,0.0026034489999999999,0.003176108,0.0042621530000000003,0.0073024539999999999,0.00014996463741785842,0,0.00016802315626061469,0,0.0001680231087403928,0.00016802311813825664,0.00016802313008203588,0.00016802315626061469,0.049611551626509529,0,0.085708171382830475,0,0.039422124675830228,0.052902202551170431,0.064538660405736803,0.085708171382830475,5.2260658622611657e-15,2.7910159326704402e-15,1.5753631118211651e-14,2.7910159326704402e-15,3.7065050682128029e-15,4.5217941853771904e-15,6.0679852711285273e-15,1.039643208116033e-14,,,,,,,,
reference,m0,SSP2,2060,"AESA (PBs-LCIA), 0.9.1, climate change, energy imbalance at top-of-atmosphere",EI,W m-2,"electricity production, hydro, reservoir, alpine region",210000,210000,0.0036707886101904766,0.0019604100000000001,0.01106535,0.0019604100000000001,0.0026034489999999999,0.003176108,0.0042621530000000003,0.0073024539999999999,9.0374445942211712e-06,0,1.6519064445485111e-05,0,5.1520301926866915e-06,9.880803889672442e-06,1.4156029328816678e-05,1.4554507165527589e-05,0.0027000039253050894,0,0.0045942547049459999,0,0.0019930980962738812,0.0028762087146006299,0.0044502821453306519,0.0045577713677903099,5.2260658622611657e-15,2.7910159326704402e-15,1.5753631118211651e-14,2.7910159326704402e-15,3.7065050682128029e-15,4.5217941853771904e-15,6.0679852711285273e-15,1.039643208116033e-14,1.0959401061776118e-15,0,2.0032107258270567e-15,0,6.2476900912054214e-16,1.1982113610011534e-15,1.7166535496486441e-15,1.7649754454724626e-15
reference,m0,SSP2,2060,"AESA (PBs-LCIA), 0.9.1, climate change, energy imbalance at top-of-atmosphere",EI,W m-2,"electricity production, hydro, run-of-river",210000,172392,0.0036707886101904766,0.0019604100000000001,0.01106535,0.0019604100000000001,0.0026034489999999999,0.003176108,0.0042621530000000003,0.0073024539999999999,3.424205742455204e-05,0,6.1216875076050133e-05,0,1.8584589730109497e-05,4.0853533802365052e-05,5.2018953380017004e-05,5.292186640940922e-05,0.010257935460077314,0,0.016697833806385978,0,0.0071125911668509295,0.012204853598642986,0.01496198600762739,0.01666248956565999,5.2260658622611657e-15,2.7910159326704402e-15,1.5753631118211651e-14,2.7910159326704402e-15,3.7065050682128029e-15,4.5217941853771904e-15,6.0679852711285273e-15,1.039643208116033e-14,9.6348266935510398e-16,4.2927416687326353e-16,1.4140118286670149e-15,4.2927416687326353e-16,6.8557899860420517e-16,1.0145621092938106e-15,1.2015544649118112e-15,1.4140118286670149e-15
reference,m0,SSP2,2060,"AESA (PBs-LCIA), 0.9.1, climate change, energy imbalance at top-of-atmosphere",EI,W m-2,"electricity production, photovoltaic",210000,210000,0.0036707886101904766,0.0019604100000000001,0.01106535,0.0019604100000000001,0.0026034489999999999,0.003176108,0.0042621530000000003,0.0073024539999999999,0.00089684396568872292,0.00057392557184164845,0.0013385430829969064,0.00057392557184164845,0.00072559951718717303,0.00082733400384222514,0.00098374812756318571,0.0013385430829969064,0.26706566607041837,0.10319872303561196,0.31405326908651715,0.17084353664394672,0.25838083037556869,0.28678564525732503,0.30861929907540364,0.31405326908651715,5.2260658622611657e-15,2.7910159326704402e-15,1.5753631118211651e-14,2.7910159326704402e-15,3.7065050682128029e-15,4.5217941853771904e-15,6.0679852711285273e-15,1.039643208116033e-14,4.0594073700853618e-15,2.5977731620169073e-15,6.058680906245403e-15,2.5977731620169073e-15,3.2842993451971035e-15,3.7447827949088167e-15,4.4527641424451669e-15,6.058680906245403e-15
reference,m0,SSP2,2060,"AESA (PBs-LCIA), 0.9.1, climate change, energy imbalance at top-of-atmosphere",EI,W m-2,"electricity production, wave energy converter",210000,194989,0.0036707886101904766,0.0019604100000000001,0.01106535,0.0019604100000000001,0.0026034489999999999,0.003176108,0.0042621530000000003,0.0073024539999999999,9.5098020902744613e-05,0,0.0001422552198798797,0,9.1902428330368816e-05,0.00011132873031355215,0.00012311652083980628,0.00012672700267603955,0.030060952603981769,0,0.047931777371430534,0,0.016972467562296097,0.038266875369739675,0.040769670515697146,0.04687918768541724,5.2260658622611657e-15,2.7910159326704402e-15,1.5753631118211651e-14,2.7910159326704402e-15,3.7065050682128029e-15,4.5217941853771904e-15,6.0679852711285273e-15,1.039643208116033e-14,1.0851845895783343e-14,0,1.5072704563206248e-14,0,1.0646043989535539e-14,1.1997076949813157e-14,1.3044856992873312e-14,1.5072704563206248e-14
reference,m0,SSP2,2060,"AESA (PBs-LCIA), 0.9.1, climate change, energy imbalance at top-of-atmosphere",EI,W m-2,"electricity production, wind, 1-3MW turbine, offshore",210000,210000,0.0036707886101904766,0.0019604100000000001,0.01106535,0.0019604100000000001,0.0026034489999999999,0.003176108,0.0042621530000000003,0.0073024539999999999,0.00064132569275815031,0.00042219139870133533,0.00083221919960543736,0.00042219139870133533,0.00055863001836146606,0.00063412714111571445,0.00075933652362726589,0.00078462162138615737,0.19435460223222698,0.075209478200457952,0.2390776773419751,0.10300124433558505,0.18409044006307548,0.19952451224025108,0.22228236891229469,0.2390776773419751,5.2260658622611657e-15,2.7910159326704402e-15,1.5753631118211651e-14,2.7910159326704402e-15,3.7065050682128029e-15,4.5217941853771904e-15,6.0679852711285273e-15,1.039643208116033e-14,3.496406450616435e-15,2.3017203608462547e-15,4.5371278712806699e-15,2.3017203608462547e-15,3.0455629795272637e-15,3.4571615391790451e-15,4.139783133549739e-15,4.2776330405235318e-15
reference,m0,SSP2,2060,"AESA (PBs-LCIA), 0.9.1, climate change, energy imbalance at top-of-atmosphere",EI,W m-2,"electricity production, wind, 1-3MW turbine, onshore",210000,210000,0.0036707886101904766,0.0019604100000000001,0.01106535,0.0019604100000000001,0.0026034489999999999,0.003176108,0.0042621530000000003,0.0073024539999999999,0.00039973735954154264,0.00024739972427324748,0.00052370316783211424,0.00024739972427324748,0.00033900411803548921,0.00037444724322484627,0.00046706888182175809,0.0005022146498448347,0.12043326694443371,0.047328206322630031,0.14705698981953955,0.065165393333869129,0.1178312110909286,0.12614684059418876,0.13291144510825417,0.14705698981953955,5.2260658622611657e-15,2.7910159326704402e-15,1.5753631118211651e-14,2.7910159326704402e-15,3.7065050682128029e-15,4.5217941853771904e-15,6.0679852711285273e-15,1.039643208116033e-14,3.1731248570641e-15,1.9638645793707228e-15,4.1571685869131209e-15,1.9638645793707228e-15,2.6910225693436208e-15,2.9723714467323428e-15,3.7076043445465948e-15,3.9865918888920106e-15
reference,m0,SSP2,2060,"AESA (PBs-LCIA), 0.9.1, climate change, energy imbalance at top-of-atmosphere",EI,W m-2,"heat and power co-generation, wood chips, 6667 kW",210000,210000,0.0036707886101904766,0.0019604100000000001,0.01106535,0.0019604100000000001,0.0026034489999999999,0.003176108,0.0042621530000000003,0.0073024539999999999,9.4320571927066448e-05,0,0.0001952608259657339,0,7.9035921088375742e-05,0.00010330904752321657,0.0001158335158687121,0.0001952608259657339,0.028616633469161504,0,0.045812720933700382,0,0.024313307245439262,0.03301249491096675,0.039724080331461374,0.045812720933700382,5.2260658622611657e-15,2.7910159326704402e-15,1.5753631118211651e-14,2.7910159326704402e-15,3.7065050682128029e-15,4.5217941853771904e-15,6.0679852711285273e-15,1.039643208116033e-14,1.1727383946584373e-14,0,2.4277827862836575e-14,0,9.826959109627376e-15,1.2844970474277584e-14,1.4402204618588874e-14,2.4277827862836575e-14
reference,m0,SSP2,2060,"AESA (PBs-LCIA), 0.9.1, climate change, energy imbalance at top-of-atmosphere",EI,W m-2,transmission network construction,210000,210000,0.0036707886101904766,0.0019604100000000001,0.01106535,0.0019604100000000001,0.0026034489999999999,0.003176108,0.0042621530000000003,0.0073024539999999999,0.00011605031077375043,0,0.00018464682815099503,0,9.033948478212913e-05,0.00013161638479711315,0.0001519614348661677,0.00018464682815099503,0.035625533914207308,0,0.05251904549171213,0,0.024408073866563126,0.045544809052628317,0.046988004999349749,0.051013162647786554,5.2260658622611657e-15,2.7910159326704402e-15,1.5753631118211651e-14,2.7910159326704402e-15,3.7065050682128029e-15,4.5217941853771904e-15,6.0679852711285273e-15,1.039643208116033e-14,,,,,,,,
reference,m0,SSP2,2060,"AESA (PBs-LCIA), 0.9.1, freshwater use, global",FWU,km3 yr-1,EU electricity market imports,210000,210000,0.71645614407396185,0.48658581699999998,1.0087447899999999,0.50403201099999995,0.57472761999999999,0.72776362699999997,0.90975357800000001,0.922266798,0.27197958348210938,0.048052752477621689,0.56752744821736978,0.052499710176524994,0.12200378742659321,0.28139636874353313,0.47269133028175547,0.48122200117335673,0.34444569740661779,0.098754938592099759,0.56260756322455929,0.10415947604670094,0.21228105833262931,0.38665901716400719,0.51958172159203697,0.52178176880802851,1.020011594751918e-12,6.9274746185664614e-13,1.4361400766739741e-12,7.1758543640505295e-13,8.1823408342814909e-13,1.036109947562197e-12,1.2952072576956251e-12,1.3130222073326341e-12,2.6776821841859607e-12,4.7308697809757079e-13,5.5873978381655914e-12,5.1686798204201639e-13,1.2011466592340998e-12,2.7703919306649935e-12,4.6537211989382822e-12,4.7377070115614444e-12
reference,m0,SSP2,2060,"AESA (PBs-LCIA), 0.9.1, freshwater use, global",FWU,km3 yr-1,Other life cycle contributions,210000,210000,0.71645614407396185,0.48658581699999998,1.0087447899999999,0.50403201099999995,0.57472761999999999,0.72776362699999997,0.90975357800000001,0.922266798,0.0094903134091725086,-2.8369710057913852e-16,0.054495688657315362,-2.8369710057913852e-16,0,0,4.2554565115834193e-16,0.054495688657315362,0.013323049936472223,-3.0760849376162678e-16,0.077600851235514676,-3.0760849376162678e-16,0,0,4.6775924981120761e-16,0.077600851235514676,1.020011594751918e-12,6.9274746185664614e-13,1.4361400766739741e-12,7.1758543640505295e-13,8.1823408342814909e-13,1.036109947562197e-12,1.2952072576956251e-12,1.3130222073326341e-12,,,,,,,,
reference,m0,SSP2,2060,"AESA (PBs-LCIA), 0.9.1, freshwater use, global",FWU,km3 yr-1,Transmission corona,210000,210000,0.71645614407396185,0.48658581699999998,1.0087447899999999,0.50403201099999995,0.57472761999999999,0.72776362699999997,0.90975357800000001,0.922266798,-7.6524387792850709e-14,-1.2196138361332814e-12,1.1153767608498795e-12,-1.0896982944334922e-12,-3.9472905343924986e-13,0,3.1426546338043555e-13,1.0445727249946593e-12,-1.4422693971374651e-13,-1.9245293105423887e-12,1.4051736586885301e-12,-1.2894197524686866e-12,-7.0176007202178293e-13,0,3.4544020598557686e-13,1.3557154233820347e-12,1.020011594751918e-12,6.9274746185664614e-13,1.4361400766739741e-12,7.1758543640505295e-13,8.1823408342814909e-13,1.036109947562197e-12,1.2952072576956251e-12,1.3130222073326341e-12,,,,,,,,
reference,m0,SSP2,2060,"AESA (PBs-LCIA), 0.9.1, freshwater use, global",FWU,km3 yr-1,"electricity production, hydro, reservoir, alpine region",210000,210000,0.71645614407396185,0.48658581699999998,1.0087447899999999,0.50403201099999995,0.57472761999999999,0.72776362699999997,0.90975357800000001,0.922266798,0.24905351435972514,0.24898327559738154,0.24925529607613228,0.24898327559738154,0.24902211430348817,0.24904272202960384,0.24905361630941672,0.24925529607613228,0.36682425905113492,0.24689581258533649,0.51178997639521484,0.27001258402871342,0.27374845947445592,0.34242242204307977,0.43334200000587536,0.49413495114634098,1.020011594751918e-12,6.9274746185664614e-13,1.4361400766739741e-12,7.1758543640505295e-13,8.1823408342814909e-13,1.036109947562197e-12,1.2952072576956251e-12,1.3130222073326341e-12,3.0201870726369226e-11,3.019335312171198e-11,3.022634011837749e-11,3.019335312171198e-11,3.0198062966686124e-11,3.0200561949896124e-11,3.0201883096296655e-11,3.022634011837749e-11
reference,m0,SSP2,2060,"AESA (PBs-LCIA), 0.9.1, freshwater use, global",FWU,km3 yr-1,"electricity production, hydro, run-of-river",210000,172392,0.71645614407396185,0.48658581699999998,1.0087447899999999,0.50403201099999995,0.57472761999999999,0.72776362699999997,0.90975357800000001,0.922266798,0.0016164443587077927,0,0.0021482767773774152,0,0.0019039113280437205,0.001910510343777116,0.0019847848373298286,0.0021399045598644879,0.0024188406812241823,0,0.0041793347499817519,0,0.0020663116024597322,0.002395956779648576,0.0037220476041665489,0.0041091239261363622,1.020011594751918e-12,6.9274746185664614e-13,1.4361400766739741e-12,7.1758543640505295e-13,8.1823408342814909e-13,1.036109947562197e-12,1.2952072576956251e-12,1.3130222073326341e-12,4.5482550772448478e-14,4.2810616721772197e-14,4.9621752737611226e-14,4.2810616721772197e-14,4.4002746085321617e-14,4.4982150154504756e-14,4.6087464246956691e-14,4.9428367931821757e-14
reference,m0,SSP2,2060,"AESA (PBs-LCIA), 0.9.1, freshwater use, global",FWU,km3 yr-1,"electricity production, photovoltaic",210000,210000,0.71645614407396185,0.48658581699999998,1.0087447899999999,0.50403201099999995,0.57472761999999999,0.72776362699999997,0.90975357800000001,0.922266798,0.10612879493234734,0.10170785289577856,0.11183096396013263,0.10191211210910356,0.10299253170157106,0.10608483401425649,0.10963948290854275,0.11021961721530629,0.15620597863947264,0.11086150339386897,0.21578411827434091,0.11115813902721708,0.12115326598397429,0.14270873677692916,0.18715603368210038,0.21464125909323295,1.020011594751918e-12,6.9274746185664614e-13,1.4361400766739741e-12,7.1758543640505295e-13,8.1823408342814909e-13,1.036109947562197e-12,1.2952072576956251e-12,1.3130222073326341e-12,4.8037342515386848e-13,4.6036280405327777e-13,5.061832956454293e-13,4.6128734814912212e-13,4.6617767835201303e-13,4.801744438582714e-13,4.9626394032963422e-13,4.9888981644433199e-13
reference,m0,SSP2,2060,"AESA (PBs-LCIA), 0.9.1, freshwater use, global",FWU,km3 yr-1,"electricity production, wave energy converter",210000,194989,0.71645614407396185,0.48658581699999998,1.0087447899999999,0.50403201099999995,0.57472761999999999,0.72776362699999997,0.90975357800000001,0.922266798,0.0023374436776858508,0,0.0036734511509037208,0,0.002306289554739503,0.0026212049700913773,0.0030284594869060535,0.0036449924381545058,0.0035797392301476437,0,0.0072316685420888999,0,0.0025350706064928528,0.0031470957877532076,0.0052693821934398305,0.0071464637187367399,1.020011594751918e-12,6.9274746185664614e-13,1.4361400766739741e-12,7.1758543640505295e-13,8.1823408342814909e-13,1.036109947562197e-12,1.2952072576956251e-12,1.3130222073326341e-12,2.6673087750774173e-13,0,3.8922186118386169e-13,0,2.4436375378718885e-13,2.8180251849694701e-13,3.2088153341704333e-13,3.8620650743723271e-13
reference,m0,SSP2,2060,"AESA (PBs-LCIA), 0.9.1, freshwater use, global",FWU,km3 yr-1,"electricity production, wind, 1-3MW turbine, offshore",210000,210000,0.71645614407396185,0.48658581699999998,1.0087447899999999,0.50403201099999995,0.57472761999999999,0.72776362699999997,0.90975357800000001,0.922266798,0.04397891025236398,0.042768356284276131,0.046067538977718432,0.042768356284276131,0.043026397535113108,0.043420110676416566,0.044974062000291228,0.045943064533631291,0.064935923150295852,0.043192813231071665,0.090468178307686553,0.046784469017892981,0.04701092396723295,0.061751671440493004,0.078845153657327763,0.089621443811703505,1.020011594751918e-12,6.9274746185664614e-13,1.4361400766739741e-12,7.1758543640505295e-13,8.1823408342814909e-13,1.036109947562197e-12,1.2952072576956251e-12,1.3130222073326341e-12,2.3976607437509938e-13,2.3316632521049859e-13,2.5115294839831331e-13,2.3316632521049859e-13,2.3457312527579392e-13,2.3671958739485561e-13,2.4519148449811076e-13,2.5047433346590465e-13
reference,m0,SSP2,2060,"AESA (PBs-LCIA), 0.9.1, freshwater use, global",FWU,km3 yr-1,"electricity production, wind, 1-3MW turbine, onshore",210000,210000,0.71645614407396185,0.48658581699999998,1.0087447899999999,0.50403201099999995,0.57472761999999999,0.72776362699999997,0.90975357800000001,0.922266798,0.01885405411151023,0,0.024493797233155829,0,0.022284831282972591,0.022393895746626293,0.023007810965090317,0.024321633785662676,0.028135801778419352,0,0.047735156558409216,0,0.024163106957009409,0.027523987011684611,0.041497297532629519,0.0476511122838204,1.020011594751918e-12,6.9274746185664614e-13,1.4361400766739741e-12,7.1758543640505295e-13,8.1823408342814909e-13,1.036109947562197e-12,1.2952072576956251e-12,1.3130222073326341e-12,1.4966393709921478e-13,0,1.9443235429010359e-13,0,1.7689752925563498e-13,1.7776328541548128e-13,1.826365594937991e-13,1.9306571662060179e-13
reference,m0,SSP2,2060,"AESA (PBs-LCIA), 0.9.1, freshwater use, global",FWU,km3 yr-1,"heat and power co-generation, wood chips, 6667 kW",210000,210000,0.71645614407396185,0.48658581699999998,1.0087447899999999,0.50403201099999995,0.57472761999999999,0.72776362699999997,0.90975357800000001,0.922266798,0.0084295659040095998,0,0.018016144775851575,0,0.002945241605450392,0.0074848567742242262,0.014132091676361265,0.018016144775851575,0.013225608575602133,0,0.033340975348088102,0,0.0032374059049321948,0.013750438511273172,0.02310953877268071,0.03329431739789164,1.020011594751918e-12,6.9274746185664614e-13,1.4361400766739741e-12,7.1758543640505295e-13,8.1823408342814909e-13,1.036109947562197e-12,1.2952072576956251e-12,1.3130222073326341e-12,1.0480932669594101e-12,0,2.2400441796074645e-12,0,3.6619772954776312e-13,9.3063250002897704e-13,1.7571189657611223e-12,2.2400441796074645e-12
reference,m0,SSP2,2060,"AESA (PBs-LCIA), 0.9.1, freshwater use, global",FWU,km3 yr-1,transmission network construction,210000,210000,0.71645614407396185,0.48658581699999998,1.0087447899999999,0.50403201099999995,0.57472761999999999,0.72776362699999997,0.90975357800000001,0.922266798,0.0045875195864067903,0,0.0068527852195698676,0,0.004976443337160576,0.005149567750517039,0.0057802864512538988,0.0067365498051853026,0.0069051015507574556,0,0.013365321364847407,0,0.0053958825666849779,0.0061626999799919754,0.0091116951532505801,0.013331654330534203,1.020011594751918e-12,6.9274746185664614e-13,1.4361400766739741e-12,7.1758543640505295e-13,8.1823408342814909e-13,1.036109947562197e-12,1.2952072576956251e-12,1.3130222073326341e-12,,,,,,,,
reference,m0,SSP2,2060,"AESA (PBs-LCIA), 0.9.1, land-system change, global",LSC,%,EU electricity market imports,210000,210000,7.5975337619047619e-07,1.2800000000000001e-07,1.53e-06,2.8200000000000001e-07,5.13e-07,6.1900000000000002e-07,1.13e-06,1.37e-06,9.6010721371783201e-08,-4.8290294273736973e-08,7.2511815189471078e-07,-3.6080993569561099e-08,6.8463220191103791e-09,4.484196640883472e-08,6.7025395654124988e-08,5.1937768805528352e-07,0.091364601110111091,-0.28188276226219605,0.47393343261092208,-0.11389220347579475,0.024277737656419784,0.073691326000422816,0.16111873955318506,0.44391255389340473,1.0823823928233236e-18,1.818256516174135e-19,2.1844736857528521e-18,4.019374026584473e-19,7.3080543139198014e-19,8.8168379889396284e-19,1.6072430984444709e-18,1.9541355678745208e-18,9.4670950222374759e-19,-4.758221090998907e-19,7.1593136820646261e-18,-3.5443034611504802e-19,6.7479811920466168e-20,4.4109197992806025e-19,6.6006038337164841e-19,5.113173250977895e-18
reference,m0,SSP2,2060,"AESA (PBs-LCIA), 0.9.1, land-system change, global",LSC,%,Other life cycle contributions,210000,210000,7.5975337619047619e-07,1.2800000000000001e-07,1.53e-06,2.8200000000000001e-07,5.13e-07,6.1900000000000002e-07,1.13e-06,1.37e-06,2.1380470694021297e-10,-2.4729480998466904e-08,5.5606671641164138e-08,-2.4729480998466904e-08,-5.0773192133532769e-23,0,0,1.3519661208711741e-22,0.00024115881176332816,-0.020105269104444642,0.04752706977877276,-0.020105269104444642,-9.7828886577134437e-17,0,0,2.6480448815325307e-16,1.0823823928233236e-18,1.818256516174135e-19,2.1844736857528521e-18,4.019374026584473e-19,7.3080543139198014e-19,8.8168379889396284e-19,1.6072430984444709e-18,1.9541355678745208e-18,,,,,,,,
reference,m0,SSP2,2060,"AESA (PBs-LCIA), 0.9.1, land-system change, global",LSC,%,Transmission corona,210000,210000,7.5975337619047619e-07,1.2800000000000001e-07,1.53e-06,2.8200000000000001e-07,5.13e-07,6.1900000000000002e-07,1.13e-06,1.37e-06,2.1135635784146597e-21,-2.1508290999013439e-20,1.7266010869028645e-20,-9.2194330595436584e-21,-2.2340204538754417e-21,0,3.8028371920474619e-21,1.6899576510889681e-20,-1.0419276604659014e-16,-7.202682077768483e-14,2.2961381128926196e-14,-2.273603699684296e-14,-4.3044710093939143e-15,0,9.3435803244409384e-15,1.6083413070355084e-14,1.0823823928233236e-18,1.818256516174135e-19,2.1844736857528521e-18,4.019374026584473e-19,7.3080543139198014e-19,8.8168379889396284e-19,1.6072430984444709e-18,1.9541355678745208e-18,,,,,,,,
reference,m0,SSP2,2060,"AESA (PBs-LCIA), 0.9.1, land-system change, global",LSC,%,"electricity production, hydro, reservoir, alpine region",210000,210000,7.5975337619047619e-07,1.2800000000000001e-07,1.53e-06,2.8200000000000001e-07,5.13e-07,6.1900000000000002e-07,1.13e-06,1.37e-06,-8.7229457714809059e-09,-1.1412455231270047e-08,0,-1.0979962014110804e-08,-1.0870635709888444e-08,-1.0521947809775137e-08,-1.0069230096681556e-08,0,-0.017000298206197622,-0.089159806494297236,0,-0.038936035511031218,-0.020641090146249489,-0.01468252127361544,-0.0076638689136933605,0,1.0823823928233236e-18,1.818256516174135e-19,2.1844736857528521e-18,4.019374026584473e-19,7.3080543139198014e-19,8.8168379889396284e-19,1.6072430984444709e-18,1.9541355678745208e-18,-1.0579292178801702e-18,-1.3808609325172766e-18,0,-1.3330174169356504e-18,-1.3169938321139292e-18,-1.2756408847444537e-18,-1.2215257360374395e-18,0
reference,m0,SSP2,2060,"AESA (PBs-LCIA), 0.9.1, land-system change, global",LSC,%,"electricity production, hydro, run-of-river",210000,172392,7.5975337619047619e-07,1.2800000000000001e-07,1.53e-06,2.8200000000000001e-07,5.13e-07,6.1900000000000002e-07,1.13e-06,1.37e-06,-1.9786855302168248e-08,-2.8284688360022482e-08,0,-2.5906672784620105e-08,-2.4769918834851799e-08,-2.3345646433066895e-08,-2.2276905116812836e-08,0,-0.039305083271565372,-0.22097412781267561,0,-0.091867633988014549,-0.04704954314041418,-0.033240875424686796,-0.016696890986281725,0,1.0823823928233236e-18,1.818256516174135e-19,2.1844736857528521e-18,4.019374026584473e-19,7.3080543139198014e-19,8.8168379889396284e-19,1.6072430984444709e-18,1.9541355678745208e-18,-5.5681127164834928e-19,-6.518729356166044e-19,-5.0264397946258663e-19,-5.9908345059101821e-19,-5.740568421346049e-19,-5.5785784712139762e-19,-5.3006760773995122e-19,-5.0264397946258663e-19
reference,m0,SSP2,2060,"AESA (PBs-LCIA), 0.9.1, land-system change, global",LSC,%,"electricity production, photovoltaic",210000,210000,7.5975337619047619e-07,1.2800000000000001e-07,1.53e-06,2.8200000000000001e-07,5.13e-07,6.1900000000000002e-07,1.13e-06,1.37e-06,2.1967065067435187e-07,1.2309116668970454e-07,3.4123468628002438e-07,1.2309116668970454e-07,1.5264117877586723e-07,1.9042218825561046e-07,3.0146901431111434e-07,3.4123468628002438e-07,0.37135845156462322,0.10893023600858809,1.1152692842786847,0.10893023600858809,0.18244770739662913,0.36411308474613135,0.5808651528152492,0.72580816694158079,1.0823823928233236e-18,1.818256516174135e-19,2.1844736857528521e-18,4.019374026584473e-19,7.3080543139198014e-19,8.8168379889396284e-19,1.6072430984444709e-18,1.9541355678745208e-18,9.9479963660491187e-19,5.5662185938196434e-19,1.5487657225585416e-18,5.5662185938196434e-19,6.9081121157104045e-19,8.6289332328954213e-19,1.3633589370805112e-18,1.5487657225585416e-18
reference,m0,SSP2,2060,"AESA (PBs-LCIA), 0.9.1, land-system change, global",LSC,%,"electricity production, wave energy converter",210000,194989,7.5975337619047619e-07,1.2800000000000001e-07,1.53e-06,2.8200000000000001e-07,5.13e-07,6.1900000000000002e-07,1.13e-06,1.37e-06,3.4222247446356555e-08,0,4.277020993590137e-08,0,3.6434056366628085e-08,3.6973172554628808e-08,4.0180889868218805e-08,4.2007364476812637e-08,0.063938206558086116,0,0.27161327445804545,0,0.032242527758077955,0.059730488779691129,0.077419826335681702,0.13483428553712343,1.0823823928233236e-18,1.818256516174135e-19,2.1844736857528521e-18,4.019374026584473e-19,7.3080543139198014e-19,8.8168379889396284e-19,1.6072430984444709e-18,1.9541355678745208e-18,3.9058997592140177e-18,0,4.5446896111937886e-18,3.6754760971179868e-18,3.8691379702567626e-18,3.9789566436399211e-18,4.2536748973105815e-18,4.5446896111937886e-18
reference,m0,SSP2,2060,"AESA (PBs-LCIA), 0.9.1, land-system change, global",LSC,%,"electricity production, wind, 1-3MW turbine, offshore",210000,210000,7.5975337619047619e-07,1.2800000000000001e-07,1.53e-06,2.8200000000000001e-07,5.13e-07,6.1900000000000002e-07,1.13e-06,1.37e-06,4.6754510743732032e-08,0,9.2580834554613768e-08,0,2.2891952274098762e-08,3.359897269054721e-08,8.2671220501737323e-08,8.4736655028212092e-08,0.075448713336940934,0,0.18739299326552092,0,0.024524797584341028,0.066542330639541486,0.1049267580368775,0.15928944219987923,1.0823823928233236e-18,1.818256516174135e-19,2.1844736857528521e-18,4.019374026584473e-19,7.3080543139198014e-19,8.8168379889396284e-19,1.6072430984444709e-18,1.9541355678745208e-18,2.5504785935479175e-19,0,5.0617914725709167e-19,0,1.2475890750129013e-19,1.8352189834954876e-19,4.5031810270719732e-19,4.6214660976620113e-19
reference,m0,SSP2,2060,"AESA (PBs-LCIA), 0.9.1, land-system change, global",LSC,%,"electricity production, wind, 1-3MW turbine, onshore",210000,210000,7.5975337619047619e-07,1.2800000000000001e-07,1.53e-06,2.8200000000000001e-07,5.13e-07,6.1900000000000002e-07,1.13e-06,1.37e-06,-6.5689534341687961e-08,-9.8152907013203165e-08,0,-9.1184421434497246e-08,-8.6852181809499829e-08,-7.8861864730693096e-08,-4.6527953179038816e-08,0,-0.12802405574630604,-0.7668195860406497,0,-0.29393683876547222,-0.1257783810776541,-0.091366880853352733,-0.070086497556759247,0,1.0823823928233236e-18,1.818256516174135e-19,2.1844736857528521e-18,4.019374026584473e-19,7.3080543139198014e-19,8.8168379889396284e-19,1.6072430984444709e-18,1.9541355678745208e-18,-5.2149417033734447e-19,-7.7740131175338931e-19,0,-7.2416874673166608e-19,-6.8984628389506002e-19,-6.2608058324924723e-19,-3.6901851090511199e-19,0
reference,m0,SSP2,2060,"AESA (PBs-LCIA), 0.9.1, land-system change, global",LSC,%,"heat and power co-generation, wood chips, 6667 kW",210000,210000,7.5975337619047619e-07,1.2800000000000001e-07,1.53e-06,2.8200000000000001e-07,5.13e-07,6.1900000000000002e-07,1.13e-06,1.37e-06,3.6700783410818986e-07,2.8147251697082795e-08,1.0855395910002471e-06,3.0150763406291401e-08,4.4088521062373284e-08,3.1026031711741609e-07,5.294594360562487e-07,1.0097478475930485e-06,0.42249614948869219,0.059450291771130787,0.89358216601154739,0.059450291771130787,0.20379544131645347,0.38618865536546698,0.6555607819501541,0.89358216601154739,1.0823823928233236e-18,1.818256516174135e-19,2.1844736857528521e-18,4.019374026584473e-19,7.3080543139198014e-19,8.8168379889396284e-19,1.6072430984444709e-18,1.9541355678745208e-18,4.5657243209886323e-17,3.4918887846491633e-18,1.3522562992690356e-16,3.7519330007610229e-18,5.4879995575054962e-18,3.8591009460650362e-17,6.6010683609188537e-17,1.2542822767281179e-16
reference,m0,SSP2,2060,"AESA (PBs-LCIA), 0.9.1, land-system change, global",LSC,%,transmission network construction,210000,210000,7.5975337619047619e-07,1.2800000000000001e-07,1.53e-06,2.8200000000000001e-07,5.13e-07,6.1900000000000002e-07,1.13e-06,1.37e-06,9.0072942554457355e-08,7.1118522188422826e-08,1.0263609476271724e-07,7.1118522188422826e-08,8.7529932898937785e-08,8.9067224951454062e-08,9.8916353075304439e-08,1.002525341357428e-07,0.1594821563538521,0.063775520081142345,0.64975546116346239,0.066575199892418113,0.077460117609679455,0.12225918797041804,0.19059027567496037,0.31157557115708656,1.0823823928233236e-18,1.818256516174135e-19,2.1844736857528521e-18,4.019374026584473e-19,7.3080543139198014e-19,8.8168379889396284e-19,1.6072430984444709e-18,1.9541355678745208e-18,,,,,,,,
reference,m0,SSP2,2060,"AESA (PBs-LCIA), 0.9.1, ocean acidification, carbonate ion concentration",OA,aragonite saturation,EU electricity market imports,210000,210000,0.000778999847642857,0.00038482399999999997,0.0024932980000000001,0.00038482399999999997,0.00053345699999999999,0.00067187699999999998,0.00089134000000000001,0.001624323,0.00025132511162396316,5.3596022704235783e-05,0.0018098552875643939,5.3596022704235783e-05,7.7249476612590505e-05,0.00012362131380345306,0.00020637897012907002,0.00094403845060955869,0.23955658254299123,0.11497562293781526,0.7258880757793067,0.11497562293781526,0.1392741167500878,0.19815981016717271,0.26474129155517762,0.58118887106170303,1.1090544251268176e-15,5.4787031384297348e-16,3.5496844535303751e-15,5.4787031384297348e-16,7.5947821497665474e-16,9.5654427995568552e-16,1.2689919895422311e-15,2.3125328823400178e-15,2.4743356950082999e-15,5.2766150212426625e-16,1.7818315246397199e-14,5.2766150212426625e-16,7.6053302577217571e-16,1.2170712581948368e-15,2.0318338432793412e-15,9.2942089919201713e-15
reference,m0,SSP2,2060,"AESA (PBs-LCIA), 0.9.1, ocean acidification, carbonate ion concentration",OA,aragonite saturation,Other life cycle contributions,210000,210000,0.000778999847642857,0.00038482399999999997,0.0024932980000000001,0.00038482399999999997,0.00053345699999999999,0.00067187699999999998,0.00089134000000000001,0.001624323,1.830715750154651e-05,-2.7704790989373327e-19,0.00012758111200511331,-1.3852403634720713e-19,-1.3852397908227629e-19,0,1.3852399651118152e-19,0.00012758111200511331,0.024184193672579148,-2.0617469618279408e-16,0.15537758806944077,-2.0617469618279408e-16,-1.2349381689761249e-16,0,2.3545488719871077e-16,0.15537758806944077,1.1090544251268176e-15,5.4787031384297348e-16,3.5496844535303751e-15,5.4787031384297348e-16,7.5947821497665474e-16,9.5654427995568552e-16,1.2689919895422311e-15,2.3125328823400178e-15,,,,,,,,
reference,m0,SSP2,2060,"AESA (PBs-LCIA), 0.9.1, ocean acidification, carbonate ion concentration",OA,aragonite saturation,Transmission corona,210000,210000,0.000778999847642857,0.00038482399999999997,0.0024932980000000001,0.00038482399999999997,0.00053345699999999999,0.00067187699999999998,0.00089134000000000001,0.001624323,1.6587319402957075e-20,-2.5107469054982523e-19,2.683901627095541e-19,-2.2726588290401056e-19,-3.4631000591146775e-20,0,3.0302132950951554e-20,2.4241696572406973e-19,2.0519176842686352e-17,-3.3420479001920138e-16,3.5529693317553683e-16,-2.0602302629887182e-16,-6.1746908448806245e-17,0,6.7493810118781589e-17,2.9476875313245275e-16,1.1090544251268176e-15,5.4787031384297348e-16,3.5496844535303751e-15,5.4787031384297348e-16,7.5947821497665474e-16,9.5654427995568552e-16,1.2689919895422311e-15,2.3125328823400178e-15,,,,,,,,
reference,m0,SSP2,2060,"AESA (PBs-LCIA), 0.9.1, ocean acidification, carbonate ion concentration",OA,aragonite saturation,"electricity production, hydro, reservoir, alpine region",210000,210000,0.000778999847642857,0.00038482399999999997,0.0024932980000000001,0.00038482399999999997,0.00053345699999999999,0.00067187699999999998,0.00089134000000000001,0.001624323,2.044391810906756e-06,0,3.7740084601395622e-06,0,1.1204408226777879e-06,2.228308140562652e-06,3.2257547488730799e-06,3.3250548440843546e-06,0.002926881753852386,0,0.0050783575901414231,0,0.0020470404248935431,0.0031156590710477135,0.0048011090554864657,0.0049460439550896912,1.1090544251268176e-15,5.4787031384297348e-16,3.5496844535303751e-15,5.4787031384297348e-16,7.5947821497665474e-16,9.5654427995568552e-16,1.2689919895422311e-15,2.3125328823400178e-15,2.4791639759553535e-16,0,4.5766120738099817e-16,0,1.3587207754076843e-16,2.7021932179306457e-16,3.9117610921189383e-16,4.0321809059626295e-16
reference,m0,SSP2,2060,"AESA (PBs-LCIA), 0.9.1, ocean acidification, carbonate ion concentration",OA,aragonite saturation,"electricity production, hydro, run-of-river",210000,172392,0.000778999847642857,0.00038482399999999997,0.0024932980000000001,0.00038482399999999997,0.00053345699999999999,0.00067187699999999998,0.00089134000000000001,0.001624323,7.8455911081634446e-06,0,1.4112125439682374e-05,0,4.135954240382736e-06,9.3718096225667194e-06,1.198621268260673e-05,1.2184782188065493e-05,0.011270799171110932,0,0.018307607658605337,0,0.0073734319117715755,0.01344740804026155,0.016623436753689602,0.018135435783730496,1.1090544251268176e-15,5.4787031384297348e-16,3.5496844535303751e-15,5.4787031384297348e-16,7.5947821497665474e-16,9.5654427995568552e-16,1.2689919895422311e-15,2.3125328823400178e-15,2.207545547429074e-16,9.5533945445653115e-17,3.2596754179285e-16,9.5533945445653115e-17,1.5616528601487672e-16,2.328378090899606e-16,2.7686230678063193e-16,3.2596754179285e-16
reference,m0,SSP2,2060,"AESA (PBs-LCIA), 0.9.1, ocean acidification, carbonate ion concentration",OA,aragonite saturation,"electricity production, photovoltaic",210000,210000,0.000778999847642857,0.00038482399999999997,0.0024932980000000001,0.00038482399999999997,0.00053345699999999999,0.00067187699999999998,0.00089134000000000001,0.001624323,0.0001957082848236366,0.00012078196194905689,0.00029822819656735294,0.00012078196194905689,0.00015630180750855413,0.00017964811266621083,0.00021613767755532097,0.00029822819656735294,0.27883755417471345,0.10152955785213552,0.33458410546744555,0.17083897415540261,0.26567255769949283,0.296126666013108,0.32169232992842584,0.33458410546744555,1.1090544251268176e-15,5.4787031384297348e-16,3.5496844535303751e-15,5.4787031384297348e-16,7.5947821497665474e-16,9.5654427995568552e-16,1.2689919895422311e-15,2.3125328823400178e-15,8.8583927383051365e-16,5.4669857637147082e-16,1.3498777223495595e-15,5.4669857637147082e-16,7.0747267964933984e-16,8.1314620751504792e-16,9.7830895481730603e-16,1.3498777223495595e-15
reference,m0,SSP2,2060,"AESA (PBs-LCIA), 0.9.1, ocean acidification, carbonate ion concentration",OA,aragonite saturation,"electricity production, wave energy converter",210000,194989,0.000778999847642857,0.00038482399999999997,0.0024932980000000001,0.00038482399999999997,0.00053345699999999999,0.00067187699999999998,0.00089134000000000001,0.001624323,2.1777246875792831e-05,0,3.2737975455381625e-05,0,2.0901804249915629e-05,2.5523158707640969e-05,2.8269767716055438e-05,2.9116157147349614e-05,0.03326361343595468,0,0.055208730839039155,0,0.01751727059560769,0.041424607899698151,0.045049875791717653,0.054315230468774373,1.1090544251268176e-15,5.4787031384297348e-16,3.5496844535303751e-15,5.4787031384297348e-16,7.5947821497665474e-16,9.5654427995568552e-16,1.2689919895422311e-15,2.3125328823400178e-15,2.4850495914121739e-15,0,3.4687646720448832e-15,0,2.428743605200436e-15,2.7332207729367518e-15,2.9953322572041832e-15,3.4687646720448832e-15
reference,m0,SSP2,2060,"AESA (PBs-LCIA), 0.9.1, ocean acidification, carbonate ion concentration",OA,aragonite saturation,"electricity production, wind, 1-3MW turbine, offshore",210000,210000,0.000778999847642857,0.00038482399999999997,0.0024932980000000001,0.00038482399999999997,0.00053345699999999999,0.00067187699999999998,0.00089134000000000001,0.001624323,0.00014583545570553001,9.4494486255387918e-05,0.00019047643497110975,9.4494486255387918e-05,0.00012667959004625744,0.0001433589305317797,0.00017347925656207354,0.00017939328284704607,0.21228103254308714,0.076395374708963681,0.25820091558733749,0.10583731641309375,0.20126246196406092,0.2249741692195544,0.24652572128802627,0.25820091558733749,1.1090544251268176e-15,5.4787031384297348e-16,3.5496844535303751e-15,5.4787031384297348e-16,7.5947821497665474e-16,9.5654427995568552e-16,1.2689919895422311e-15,2.3125328823400178e-15,7.950718336903761e-16,5.1516916338705792e-16,1.0384475968907412e-15,5.1516916338705792e-16,6.9063692058855332e-16,7.8157009798432064e-16,9.4578109493847236e-16,9.7802382242825346e-16
reference,m0,SSP2,2060,"AESA (PBs-LCIA), 0.9.1, ocean acidification, carbonate ion concentration",OA,aragonite saturation,"electricity production, wind, 1-3MW turbine, onshore",210000,210000,0.000778999847642857,0.00038482399999999997,0.0024932980000000001,0.00038482399999999997,0.00053345699999999999,0.00067187699999999998,0.00089134000000000001,0.001624323,9.0696931214103129e-05,5.4952720481306375e-05,0.00011972928552862125,5.4952720481306375e-05,7.5719404203607838e-05,8.4954379567734285e-05,0.00010650064050066984,0.00011470173977154094,0.13109467753977813,0.048020447426910556,0.15938519242069946,0.0668713680276012,0.12868460943247351,0.13808093967116497,0.14402377683201942,0.15851210936029933,1.1090544251268176e-15,5.4787031384297348e-16,3.5496844535303751e-15,5.4787031384297348e-16,7.5947821497665474e-16,9.5654427995568552e-16,1.2689919895422311e-15,2.3125328823400178e-15,7.1995439277036106e-16,4.362161458805701e-16,9.5041409872830933e-16,4.362161458805701e-16,6.0106279382648178e-16,6.7437021698329119e-16,8.4540428291364672e-16,9.1050515462774064e-16
reference,m0,SSP2,2060,"AESA (PBs-LCIA), 0.9.1, ocean acidification, carbonate ion concentration",OA,aragonite saturation,"heat and power co-generation, wood chips, 6667 kW",210000,210000,0.000778999847642857,0.00038482399999999997,0.0024932980000000001,0.00038482399999999997,0.00053345699999999999,0.00067187699999999998,0.00089134000000000001,0.001624323,1.9943093311204963e-05,0,4.2848198988786007e-05,0,1.5605933581004662e-05,2.1892008767326664e-05,2.4644023639930362e-05,4.2848198988786007e-05,0.028939880031217557,0,0.048071666242719954,0,0.023888532881226235,0.032803588158467588,0.040553431129567448,0.048071666242719954,1.1090544251268176e-15,5.4787031384297348e-16,3.5496844535303751e-15,5.4787031384297348e-16,7.5947821497665474e-16,9.5654427995568552e-16,1.2689919895422311e-15,2.3125328823400178e-15,2.4796318018951299e-15,0,5.3275468783011235e-15,0,1.940370204579846e-15,2.7219499887093498e-15,3.064124177263396e-15,5.3275468783011235e-15
reference,m0,SSP2,2060,"AESA (PBs-LCIA), 0.9.1, ocean acidification, carbonate ion concentration",OA,aragonite saturation,transmission network construction,210000,210000,0.000778999847642857,0.00038482399999999997,0.0024932980000000001,0.00038482399999999997,0.00053345699999999999,0.00067187699999999998,0.00089134000000000001,0.001624323,2.551658366800968e-05,0,4.1157129162184555e-05,0,1.9234675716032226e-05,2.8563154502766992e-05,3.366264357129822e-05,4.1157129162184555e-05,0.037644785134715288,0,0.056002508869552187,0,0.024437194528700572,0.047798150839900973,0.04961691407303763,0.055584148042550824,1.1090544251268176e-15,5.4787031384297348e-16,3.5496844535303751e-15,5.4787031384297348e-16,7.5947821497665474e-16,9.5654427995568552e-16,1.2689919895422311e-15,2.3125328823400178e-15,,,,,,,,
reference,m0,SSP2,2060,"AESA (PBs-LCIA), 0.9.1, ozone depletion, stratospheric O3 concentration",SOD,DU,EU electricity market imports,210000,210000,0.00061967729709523818,0.00059953299999999997,0.000657907,0.00060126699999999995,0.00061592799999999996,0.00061934100000000003,0.00062279499999999999,0.00064469699999999996,1.3671430614309552e-05,0,5.8423375208772363e-05,0,4.9988215909619576e-06,1.0529945789163091e-05,1.2973619917091765e-05,4.0664089634533596e-05,0.021675018945414754,0,0.088801875050383047,0,0.0083138133158180277,0.016968238435051582,0.021241052441934492,0.063074730663449027,8.8222862829054788e-16,8.5354908788319037e-16,9.3665634659288075e-16,8.5601790492665895e-16,8.7689125426888776e-16,8.8174998865606262e-16,8.866672630539022e-16,9.1784856800530897e-16,1.3459743610771636e-16,0,5.7518777062765214e-16,0,4.9214190339357755e-17,1.0366902417334425e-16,1.2772728809716223e-16,4.0034431606368972e-16
reference,m0,SSP2,2060,"AESA (PBs-LCIA), 0.9.1, ozone depletion, stratospheric O3 concentration",SOD,DU,Other life cycle contributions,210000,210000,0.00061967729709523818,0.00059953299999999997,0.000657907,0.00060126699999999995,0.00061592799999999996,0.00061934100000000003,0.00062279499999999999,0.00064469699999999996,1.0498557838888914e-05,-1.3852403994285271e-19,6.4112893638242424e-05,-1.3852392692253928e-19,0,0,6.9261990194609307e-20,6.4112893638242424e-05,0.016765215781863504,-2.2490271780584938e-16,0.10263695698318025,-2.2490271780584938e-16,0,0,1.1519340026079814e-16,0.10263695698318025,8.8222862829054788e-16,8.5354908788319037e-16,9.3665634659288075e-16,8.5601790492665895e-16,8.7689125426888776e-16,8.8174998865606262e-16,8.866672630539022e-16,9.1784856800530897e-16,,,,,,,,
reference,m0,SSP2,2060,"AESA (PBs-LCIA), 0.9.1, ozone depletion, stratospheric O3 concentration",SOD,DU,Transmission corona,210000,210000,0.00061967729709523818,0.00059953299999999997,0.000657907,0.00060126699999999995,0.00061592799999999996,0.00061934100000000003,0.00062279499999999999,0.00064469699999999996,0.00051058745802839815,0.00051058714606526932,0.00051058792635638088,0.00051058718569361886,0.00051058735432353802,0.00051058741143357033,0.00051058755139714806,0.00051058781893228392,0.82437369661628346,0.77607808868423089,0.85164225178955089,0.79198082620264298,0.81983230633109205,0.82440428303912483,0.82897219430455982,0.84918605444361339,8.8222862829054788e-16,8.5354908788319037e-16,9.3665634659288075e-16,8.5601790492665895e-16,8.7689125426888776e-16,8.8174998865606262e-16,8.866672630539022e-16,9.1784856800530897e-16,,,,,,,,
reference,m0,SSP2,2060,"AESA (PBs-LCIA), 0.9.1, ozone depletion, stratospheric O3 concentration",SOD,DU,"electricity production, hydro, reservoir, alpine region",210000,210000,0.00061967729709523818,0.00059953299999999997,0.000657907,0.00060126699999999995,0.00061592799999999996,0.00061934100000000003,0.00062279499999999999,0.00064469699999999996,2.1440650882820866e-07,0,2.9430086283340862e-07,0,2.3328549719235665e-07,2.5182393888555646e-07,2.7647002051372533e-07,2.8529041123084034e-07,0.0003468124625303106,0,0.00045520029363374742,0,0.00038492377386616588,0.00041882215203155413,0.00044546039591404147,0.00044833544042392531,8.8222862829054788e-16,8.5354908788319037e-16,9.3665634659288075e-16,8.5601790492665895e-16,8.7689125426888776e-16,8.8174998865606262e-16,8.866672630539022e-16,9.1784856800530897e-16,2.600034929064942e-17,0,3.5688885101286663e-17,0,2.828974379814419e-17,3.0537829463650255e-17,3.3526588593306023e-17,3.4596207364219094e-17
reference,m0,SSP2,2060,"AESA (PBs-LCIA), 0.9.1, ozone depletion, stratospheric O3 concentration",SOD,DU,"electricity production, hydro, run-of-river",210000,172392,0.00061967729709523818,0.00059953299999999997,0.000657907,0.00060126699999999995,0.00061592799999999996,0.00061934100000000003,0.00062279499999999999,0.00064469699999999996,3.3289670251735631e-07,0,5.2852942069079221e-07,0,2.709322548133973e-07,3.6236620081216369e-07,4.890019721084477e-07,5.0338675378515278e-07,0.00053793688626943982,0,0.00084330470994293009,0,0.00045190549112959137,0.00060267102770011276,0.00079235128421711919,0.00080827038397089375,8.8222862829054788e-16,8.5354908788319037e-16,9.3665634659288075e-16,8.5601790492665895e-16,8.7689125426888776e-16,8.8174998865606262e-16,8.866672630539022e-16,9.1784856800530897e-16,9.3668505672154906e-18,6.2533076707626631e-18,1.2208187210803011e-17,6.2580998828682971e-18,7.5643404083110854e-18,1.0306032051853982e-17,1.1387829136124782e-17,1.2208187210803011e-17
reference,m0,SSP2,2060,"AESA (PBs-LCIA), 0.9.1, ozone depletion, stratospheric O3 concentration",SOD,DU,"electricity production, photovoltaic",210000,210000,0.00061967729709523818,0.00059953299999999997,0.000657907,0.00060126699999999995,0.00061592799999999996,0.00061934100000000003,0.00062279499999999999,0.00064469699999999996,1.7587461414334264e-05,0,2.7686892170089968e-05,0,1.6887459174824448e-05,1.8441679970096832e-05,2.4309866422951272e-05,2.6392613630866389e-05,0.028437445892298512,0,0.044176323316500038,0,0.027856889348826748,0.0292947537040508,0.039173573924132843,0.04237769030076733,8.8222862829054788e-16,8.5354908788319037e-16,9.3665634659288075e-16,8.5601790492665895e-16,8.7689125426888776e-16,8.8174998865606262e-16,8.866672630539022e-16,9.1784856800530897e-16,7.9606576654972027e-17,0,1.2531991643794677e-16,0,7.6438086773690972e-17,8.3473091387137714e-17,1.1003439598140204e-16,1.194615651401553e-16
reference,m0,SSP2,2060,"AESA (PBs-LCIA), 0.9.1, ozone depletion, stratospheric O3 concentration",SOD,DU,"electricity production, wave energy converter",210000,194989,0.00061967729709523818,0.00059953299999999997,0.000657907,0.00060126699999999995,0.00061592799999999996,0.00061934100000000003,0.00062279499999999999,0.00064469699999999996,1.7830255549651012e-06,0,2.562282522856767e-06,0,1.9119735489220795e-06,2.0035898941508555e-06,2.330596247724866e-06,2.5087065152169216e-06,0.0028846212631326758,0,0.0041141668171015616,0,0.0031193840974904547,0.0032339340554580491,0.0037838777385098034,0.0040403975686543452,8.8222862829054788e-16,8.5354908788319037e-16,9.3665634659288075e-16,8.5601790492665895e-16,8.7689125426888776e-16,8.8174998865606262e-16,8.866672630539022e-16,9.1784856800530897e-16,2.0346501883641135e-16,0,2.7148761976696801e-16,0,2.0602573269892044e-16,2.1336975397887261e-16,2.5499100174426903e-16,2.6581100671518486e-16
reference,m0,SSP2,2060,"AESA (PBs-LCIA), 0.9.1, ozone depletion, stratospheric O3 concentration",SOD,DU,"electricity production, wind, 1-3MW turbine, offshore",210000,210000,0.00061967729709523818,0.00059953299999999997,0.000657907,0.00060126699999999995,0.00061592799999999996,0.00061934100000000003,0.00062279499999999999,0.00064469699999999996,1.1084198538449071e-05,0,1.5323091313175014e-05,0,1.195823441735715e-05,1.308198446508498e-05,1.4510554209762482e-05,1.4738343966728071e-05,0.017933482584689464,0,0.024449036457415901,0,0.019727085258097316,0.021371461549333361,0.023382698124560855,0.023664839901938954,8.8222862829054788e-16,8.5354908788319037e-16,9.3665634659288075e-16,8.5601790492665895e-16,8.7689125426888776e-16,8.8174998865606262e-16,8.866672630539022e-16,9.1784856800530897e-16,6.0429306588575654e-17,0,8.3539102500981515e-17,0,6.5194392694408265e-17,7.1320967455898674e-17,7.910927774039635e-17,8.035113513505541e-17
reference,m0,SSP2,2060,"AESA (PBs-LCIA), 0.9.1, ozone depletion, stratospheric O3 concentration",SOD,DU,"electricity production, wind, 1-3MW turbine, onshore",210000,210000,0.00061967729709523818,0.00059953299999999997,0.000657907,0.00060126699999999995,0.00061592799999999996,0.00061934100000000003,0.00062279499999999999,0.00064469699999999996,5.3312403687877438e-06,0,7.4755437835737242e-06,0,5.4339436165569077e-06,6.3156292593309592e-06,7.0286153017560136e-06,7.2710780610870916e-06,0.0086231852168357753,0,0.011927739564304147,0,0.009011475020481911,0.010352151181575002,0.011330007224513767,0.011715527396230788,8.8222862829054788e-16,8.5354908788319037e-16,9.3665634659288075e-16,8.5601790492665895e-16,8.7689125426888776e-16,8.8174998865606262e-16,8.866672630539022e-16,9.1784856800530897e-16,4.2319519265050949e-17,0,5.9341067214572165e-17,0,4.3134767041902632e-17,5.013365160127797e-17,5.5793294624496282e-17,5.771796625624185e-17
reference,m0,SSP2,2060,"AESA (PBs-LCIA), 0.9.1, ozone depletion, stratospheric O3 concentration",SOD,DU,"heat and power co-generation, wood chips, 6667 kW",210000,210000,0.00061967729709523818,0.00059953299999999997,0.000657907,0.00060126699999999995,0.00061592799999999996,0.00061934100000000003,0.00062279499999999999,0.00064469699999999996,4.7347558932447328e-05,4.5121125417418208e-05,5.0153967022765519e-05,4.5121125417418208e-05,4.5938410309264998e-05,4.764469984292941e-05,4.8148004618755235e-05,5.0153967022765519e-05,0.076419882384347895,0.069825082130551885,0.08071345212657173,0.073331720293315708,0.075043409030294717,0.07660033125800815,0.07803411244532002,0.08071345212657173,8.8222862829054788e-16,8.5354908788319037e-16,9.3665634659288075e-16,8.5601790492665895e-16,8.7689125426888776e-16,8.8174998865606262e-16,8.866672630539022e-16,9.1784856800530897e-16,5.886977540079722e-15,5.6101519846361556e-15,6.2359144533298489e-15,5.6101519846361556e-15,5.7117732586039011e-15,5.9239192942280865e-15,5.9865044286606173e-15,6.2359144533298489e-15
reference,m0,SSP2,2060,"AESA (PBs-LCIA), 0.9.1, ozone depletion, stratospheric O3 concentration",SOD,DU,transmission network construction,210000,210000,0.00061967729709523818,0.00059953299999999997,0.000657907,0.00060126699999999995,0.00061592799999999996,0.00061934100000000003,0.00062279499999999999,0.00064469699999999996,1.2390625933124053e-06,0,1.8714184935407296e-06,0,1.2268046655402178e-06,1.4653217554152526e-06,1.5998732029478198e-06,1.815285504567919e-06,0.0020027019663342179,0,0.0030048707737549748,0,0.0020236887898166314,0.0023660316851876928,0.002564628069208159,0.0029251999854454608,8.8222862829054788e-16,8.5354908788319037e-16,9.3665634659288075e-16,8.5601790492665895e-16,8.7689125426888776e-16,8.8174998865606262e-16,8.866672630539022e-16,9.1784856800530897e-16,,,,,,,,
reference,m0,SSP2,2060,"IPCC 2021, climate change, global warming potential (GWP100)",GWP_100,kg CO2-eq,EU electricity market imports,20000,20000,11635554643.97965,6419521402,35259717810,6419521402,8584995055,10177443235,13157908496,22108006831,3388908906.80481,753648353.79338026,24953489410.737663,753648353.79338026,1054105481.7549938,1704382528.2324755,2383512588.8545785,11899713788.452583,0.21807983739486636,0.10357272032035988,0.7077053068093645,0.10357272032035988,0.12356844685795121,0.18748465323353233,0.20082037101605385,0.53825357841697075,0.016565425177154758,0.0091394097414148091,0.050198914879729217,0.0091394097414148091,0.01222237337079848,0.01448952624608197,0.018732785444705718,0.031474952779186292,0.033364346275359703,0.0074197877068209314,0.24567106534165475,0.0074197877068209314,0.010377835837617432,0.016779916610911352,0.023466059888922194,0.11715457167410426
reference,m0,SSP2,2060,"IPCC 2021, climate change, global warming potential (GWP100)",GWP_100,kg CO2-eq,Other life cycle contributions,20000,20000,11635554643.97965,6419521402,35259717810,6419521402,8584995055,10177443235,13157908496,22108006831,256772319.54558906,-1.2184697695150312e-06,1763338395.5875502,-1.2184697694340176e-06,0,0,1.2184697695240387e-06,1763338395.5875502,0.022159157792826661,-1.4193016555372e-16,0.13757704685032474,-1.2853946008774787e-16,0,0,1.3174955225307172e-16,0.13757704685032474,0.016565425177154758,0.0091394097414148091,0.050198914879729217,0.0091394097414148091,0.01222237337079848,0.01448952624608197,0.018732785444705718,0.031474952779186292,,,,,,,,
reference,m0,SSP2,2060,"IPCC 2021, climate change, global warming potential (GWP100)",GWP_100,kg CO2-eq,Transmission corona,20000,20000,11635554643.97965,6419521402,35259717810,6419521402,8584995055,10177443235,13157908496,22108006831,988584345.80079293,988584345.75325418,988584345.83832002,988584345.75383544,988584345.78816199,988584345.80806756,988584345.81591368,988584345.83687532,0.098658204127155744,0.028037216608607238,0.15399658072252315,0.044716122685677588,0.075132331716198389,0.097134842512920552,0.11515258185146163,0.15399658072252315,0.016565425177154758,0.0091394097414148091,0.050198914879729217,0.0091394097414148091,0.01222237337079848,0.01448952624608197,0.018732785444705718,0.031474952779186292,,,,,,,,
reference,m0,SSP2,2060,"IPCC 2021, climate change, global warming potential (GWP100)",GWP_100,kg CO2-eq,"electricity production, hydro, reservoir, alpine region",20000,20000,11635554643.97965,6419521402,35259717810,6419521402,8584995055,10177443235,13157908496,22108006831,28955358.229625463,0,51816259.289975502,0,18490387.118464477,32356492.793689243,44390109.938454777,45495334.610858284,0.0027365990200199333,0,0.0045104828954545574,0,0.0020578668605739894,0.002978029408233592,0.004361617049928432,0.0044412618179569176,0.016565425177154758,0.0091394097414148091,0.050198914879729217,0.0091394097414148091,0.01222237337079848,0.01448952624608197,0.018732785444705718,0.031474952779186292,0.0035113175907812329,0,0.0062835811351646103,0,0.0022422662167574173,0.0039237615857646378,0.0053830373171279353,0.0055170641458479018
reference,m0,SSP2,2060,"IPCC 2021, climate change, global warming potential (GWP100)",GWP_100,kg CO2-eq,"electricity production, hydro, run-of-river",20000,16433,11635554643.97965,6419521402,35259717810,6419521402,8584995055,10177443235,13157908496,22108006831,101814506.56582248,0,182857195.52397767,0,56899112.854770385,120012333.83096099,153628189.63881144,157023806.88459083,0.0095774613974307279,0,0.015428610433766849,0,0.0069340886286286662,0.011675730203285299,0.013735149951487115,0.015428610433766849,0.016565425177154758,0.0091394097414148091,0.050198914879729217,0.0091394097414148091,0.01222237337079848,0.01448952624608197,0.018732785444705718,0.031474952779186292,0.0028622309117691115,0.0012549133911531807,0.0042237083401320047,0.0012549133911531807,0.0020378438873061744,0.0030632965266614866,0.0035485651192848711,0.0042237083401320047
reference,m0,SSP2,2060,"IPCC 2021, climate change, global warming potential (GWP100)",GWP_100,kg CO2-eq,"electricity production, photovoltaic",20000,20000,11635554643.97965,6419521402,35259717810,6419521402,8584995055,10177443235,13157908496,22108006831,2734789241.060605,1746714879.2837338,4103199296.2946858,1746714879.2837338,2221214991.0806007,2503400671.1629758,3009242191.2882299,4103199296.2946858,0.25505995542187704,0.099321353907537061,0.31184282042560618,0.1718401751901151,0.24433700502183725,0.26637721862451008,0.29160187689391465,0.31184282042560618,0.016565425177154758,0.0091394097414148091,0.050198914879729217,0.0091394097414148091,0.01222237337079848,0.01448952624608197,0.018732785444705718,0.031474952779186292,0.01237854510205018,0.0079061993478055492,0.018572413840435269,0.0079061993478055492,0.010053941099353958,0.011331205217715169,0.013620808370921632,0.018572413840435269
reference,m0,SSP2,2060,"IPCC 2021, climate change, global warming potential (GWP100)",GWP_100,kg CO2-eq,"electricity production, wave energy converter",20000,18569,11635554643.97965,6419521402,35259717810,6419521402,8584995055,10177443235,13157908496,22108006831,290053879.62058562,0,435933278.6887145,0,302283496.09380364,340638324.59875637,376708975.86059362,387061239.51525587,0.028713223065717847,0,0.044635482184743058,0,0.017039799376263355,0.036532994055626891,0.038359806414199081,0.043445962205089186,0.016565425177154758,0.0091394097414148091,0.050198914879729217,0.0091394097414148091,0.01222237337079848,0.01448952624608197,0.018732785444705718,0.031474952779186292,0.03310115242807446,0,0.046189470090431242,0,0.032413940393048804,0.036495883255725885,0.039914337408059185,0.046189470090431242
reference,m0,SSP2,2060,"IPCC 2021, climate change, global warming potential (GWP100)",GWP_100,kg CO2-eq,"electricity production, wind, 1-3MW turbine, offshore",20000,20000,11635554643.97965,6419521402,35259717810,6419521402,8584995055,10177443235,13157908496,22108006831,1962353134.4734387,1289224807.7946675,2553030767.3440204,1289224807.7946675,1731004118.344732,1922864595.9807248,2326493463.4319429,2390467290.5876393,0.18619905294987948,0.072406443554121583,0.22859311614052377,0.10358157748375332,0.1788776187497009,0.19449107462139648,0.21158857398149264,0.22859311614052377,0.016565425177154758,0.0091394097414148091,0.050198914879729217,0.0091394097414148091,0.01222237337079848,0.01448952624608197,0.018732785444705718,0.031474952779186292,0.010698439430419883,0.0070286500815516318,0.013918720615943368,0.0070286500815516318,0.0094371611247805968,0.010483154154372004,0.012683675005376706,0.013032450209494326
reference,m0,SSP2,2060,"IPCC 2021, climate change, global warming potential (GWP100)",GWP_100,kg CO2-eq,"electricity production, wind, 1-3MW turbine, onshore",20000,20000,11635554643.97965,6419521402,35259717810,6419521402,8584995055,10177443235,13157908496,22108006831,1227438149.1279585,754691666.40952873,1613701585.8442843,754691666.40952873,1025444101.0455062,1155837097.8152473,1437653355.1081212,1533987015.0608015,0.11578466610998525,0.045766151463260511,0.14125879377681649,0.065699992481315514,0.111886255961874,0.11884745486737362,0.12678145697980217,0.14125879377681649,0.016565425177154758,0.0091394097414148091,0.050198914879729217,0.0091394097414148091,0.01222237337079848,0.01448952624608197,0.018732785444705718,0.031474952779186292,0.009743433685660571,0.0059907606832568464,0.012809602179441142,0.0059907606832568464,0.0081400000516210439,0.0091750628100945638,0.011412127069883657,0.012176825990270082
reference,m0,SSP2,2060,"IPCC 2021, climate change, global warming potential (GWP100)",GWP_100,kg CO2-eq,"heat and power co-generation, wood chips, 6667 kW",20000,20000,11635554643.97965,6419521402,35259717810,6419521402,8584995055,10177443235,13157908496,22108006831,308022242.32377112,0,622883988.23493016,0,266361486.73085049,335652186.72604734,379301144.00730002,622883988.23493016,0.029540213979120843,0,0.047339133603512037,0,0.025696823621951546,0.033826670420913967,0.041384390376757625,0.047339133603512037,0.016565425177154758,0.0091394097414148091,0.050198914879729217,0.0091394097414148091,0.01222237337079848,0.01448952624608197,0.018732785444705718,0.031474952779186292,0.038298062070434111,0,0.077446516406744312,0,0.033118156257802123,0.041733441663543897,0.047160551287300907,0.077446516406744312
reference,m0,SSP2,2060,"IPCC 2021, climate change, global warming potential (GWP100)",GWP_100,kg CO2-eq,transmission network construction,20000,20000,11635554643.97965,6419521402,35259717810,6419521402,8584995055,10177443235,13157908496,22108006831,347862560.42665035,0,556821821.39581037,0,316216581.47523379,388815367.66920531,456535974.7758584,556821821.39581037,0.03349162874112005,0,0.049224780728921537,0,0.024179975254749967,0.042318414173885162,0.043978561988129092,0.046692855453075048,0.016565425177154758,0.0091394097414148091,0.050198914879729217,0.0091394097414148091,0.01222237337079848,0.01448952624608197,0.018732785444705718,0.031474952779186292,,,,,,,,
reference,m0,SSP5,2060,"AESA (PBs-LCIA), 0.9.1, atmospheric aerosol loading, AOD (Global)",AAL,AOD,EU electricity market imports,220000,220000,0.00013226501317272727,0.000120729,0.000161767,0.000120729,0.000120729,0.00012328999999999999,0.00012328999999999999,0.000161767,2.4001444919906364e-05,1.1578870842547528e-05,4.7455401747407238e-05,1.1578870842547528e-05,1.1578870842547528e-05,1.849365950818754e-05,1.849365950818754e-05,4.7455401747407238e-05,0.17229340132399182,0.095907949560979783,0.29335650501899174,0.095907949560979783,0.095907949560979783,0.15000129376419452,0.15000129376419452,0.29335650501899174,1.8830478171395873e-16,1.718814014941339e-16,2.3030678056207649e-16,1.718814014941339e-16,1.718814014941339e-16,1.7552682428056371e-16,1.7552682428056371e-16,2.3030678056207649e-16,2.3629853234540903e-16,1.1399629064703748e-16,4.6720735911966933e-16,1.1399629064703748e-16,1.1399629064703748e-16,1.820730753586747e-16,1.820730753586747e-16,4.6720735911966933e-16
reference,m0,SSP5,2060,"AESA (PBs-LCIA), 0.9.1, atmospheric aerosol loading, AOD (Global)",AAL,AOD,Other life cycle contributions,220000,220000,0.00013226501317272727,0.000120729,0.000161767,0.000120729,0.000120729,0.00012328999999999999,0.00012328999999999999,0.000161767,2.3477069063337977e-06,0,9.3942437139584485e-06,0,0,0,0,9.3942437139584485e-06,0.014512891419966976,0,0.058072683019147593,0,0,0,0,0.058072683019147593,1.8830478171395873e-16,1.718814014941339e-16,2.3030678056207649e-16,1.718814014941339e-16,1.718814014941339e-16,1.7552682428056371e-16,1.7552682428056371e-16,2.3030678056207649e-16,,,,,,,,
reference,m0,SSP5,2060,"AESA (PBs-LCIA), 0.9.1, atmospheric aerosol loading, AOD (Global)",AAL,AOD,Transmission corona,220000,220000,0.00013226501317272727,0.000120729,0.000161767,0.000120729,0.000120729,0.00012328999999999999,0.00012328999999999999,0.000161767,1.3025267258944354e-20,0,3.097837874240536e-20,0,1.0551627363911707e-20,1.0551627363911707e-20,3.097837874240536e-20,3.097837874240536e-20,1.0698091688146376e-16,0,2.565943455375706e-16,0,8.5583805368738e-17,8.5583805368738e-17,2.565943455375706e-16,2.565943455375706e-16,1.8830478171395873e-16,1.718814014941339e-16,2.3030678056207649e-16,1.718814014941339e-16,1.718814014941339e-16,1.7552682428056371e-16,1.7552682428056371e-16,2.3030678056207649e-16,,,,,,,,
reference,m0,SSP5,2060,"AESA (PBs-LCIA), 0.9.1, atmospheric aerosol loading, AOD (Global)",AAL,AOD,"electricity production, hydro, reservoir, alpine region",220000,220000,0.00013226501317272727,0.000120729,0.000161767,0.000120729,0.000120729,0.00012328999999999999,0.00012328999999999999,0.000161767,2.8111397479963422e-07,0,3.7594167575693893e-07,0,3.7243851676034477e-07,3.7243851676034477e-07,3.7594167575693893e-07,3.7594167575693893e-07,0.0022961359308201071,0,0.0030849134570844184,0,0.0030492471064720492,0.0030492471064720492,0.0030849134570844184,0.0030849134570844184,1.8830478171395873e-16,1.718814014941339e-16,2.3030678056207649e-16,1.718814014941339e-16,1.718814014941339e-16,1.7552682428056371e-16,1.7552682428056371e-16,2.3030678056207649e-16,3.4089787583657606e-17,0,4.558918082321105e-17,0,4.5164535079204396e-17,4.5164535079204396e-17,4.558918082321105e-17,4.558918082321105e-17
reference,m0,SSP5,2060,"AESA (PBs-LCIA), 0.9.1, atmospheric aerosol loading, AOD (Global)",AAL,AOD,"electricity production, hydro, run-of-river",220000,165020,0.00013226501317272727,0.000120729,0.000161767,0.000120729,0.000120729,0.00012328999999999999,0.00012328999999999999,0.000161767,1.6783444508895159e-06,0,2.2392439559938e-06,0,2.2340795647579555e-06,2.2340795647579555e-06,2.2392439559938e-06,2.2392439559938e-06,0.013709151337646906,0,0.018504912363706778,0,0.018162413464139833,0.018162413464139833,0.018504912363706778,0.018504912363706778,1.8830478171395873e-16,1.718814014941339e-16,2.3030678056207649e-16,1.718814014941339e-16,1.718814014941339e-16,1.7552682428056371e-16,1.7552682428056371e-16,2.3030678056207649e-16,5.168324260031083e-17,5.1603871872713088e-17,5.172296621401934e-17,5.1603871872713088e-17,5.1603871872713088e-17,5.172296621401934e-17,5.172296621401934e-17,5.172296621401934e-17
reference,m0,SSP5,2060,"AESA (PBs-LCIA), 0.9.1, atmospheric aerosol loading, AOD (Global)",AAL,AOD,"electricity production, photovoltaic",220000,220000,0.00013226501317272727,0.000120729,0.000161767,0.000120729,0.000120729,0.00012328999999999999,0.00012328999999999999,0.000161767,2.219425419693788e-05,2.0589006090857777e-05,2.3902578744280187e-05,2.0589006090857777e-05,2.0589006090857777e-05,2.3695258749781125e-05,2.3695258749781125e-05,2.3902578744280187e-05,0.16951248312281106,0.14775930037819943,0.19626816050643281,0.14775930037819943,0.16699656169079227,0.16699656169079227,0.19626816050643281,0.19626816050643281,1.8830478171395873e-16,1.718814014941339e-16,2.3030678056207649e-16,1.718814014941339e-16,1.718814014941339e-16,1.7552682428056371e-16,1.7552682428056371e-16,2.3030678056207649e-16,1.0045861581101381e-16,9.3192565699210362e-17,1.0819116420640852e-16,9.3192565699210362e-17,9.3192565699210362e-17,1.072528847041703e-16,1.072528847041703e-16,1.0819116420640852e-16
reference,m0,SSP5,2060,"AESA (PBs-LCIA), 0.9.1, atmospheric aerosol loading, AOD (Global)",AAL,AOD,"electricity production, wave energy converter",220000,165020,0.00013226501317272727,0.000120729,0.000161767,0.000120729,0.000120729,0.00012328999999999999,0.00012328999999999999,0.000161767,2.1399735240773739e-06,0,2.8826283548291333e-06,0,2.8380998507930419e-06,2.8380998507930419e-06,2.8826283548291333e-06,2.8826283548291333e-06,0.017481323317480445,0,0.023876851086558602,0,0.023019708417495677,0.023019708417495677,0.023876851086558602,0.023876851086558602,1.8830478171395873e-16,1.718814014941339e-16,2.3030678056207649e-16,1.718814014941339e-16,1.718814014941339e-16,1.7552682428056371e-16,1.7552682428056371e-16,2.3030678056207649e-16,3.0228608272005363e-16,3.007120093076858e-16,3.0543119819088295e-16,3.007120093076858e-16,3.007120093076858e-16,3.007120093076858e-16,3.0543119819088295e-16,3.0543119819088295e-16
reference,m0,SSP5,2060,"AESA (PBs-LCIA), 0.9.1, atmospheric aerosol loading, AOD (Global)",AAL,AOD,"electricity production, wind, 1-3MW turbine, offshore",220000,220000,0.00013226501317272727,0.000120729,0.000161767,0.000120729,0.000120729,0.00012328999999999999,0.00012328999999999999,0.000161767,2.3888802388191089e-05,2.347760773366848e-05,2.482926938964478e-05,2.347760773366848e-05,2.347760773366848e-05,2.3770992170087883e-05,2.3770992170087883e-05,2.482926938964478e-05,0.18281336553890984,0.15348785221735448,0.19689546148885423,0.15348785221735448,0.19042588801742624,0.19042588801742624,0.19689546148885423,0.19689546148885423,1.8830478171395873e-16,1.718814014941339e-16,2.3030678056207649e-16,1.718814014941339e-16,1.718814014941339e-16,1.7552682428056371e-16,1.7552682428056371e-16,2.3030678056207649e-16,1.3023823426234242e-16,1.2799625316087374e-16,1.3536566001689223e-16,1.2799625316087374e-16,1.2799625316087374e-16,1.2959622869554204e-16,1.2959622869554204e-16,1.3536566001689223e-16
reference,m0,SSP5,2060,"AESA (PBs-LCIA), 0.9.1, atmospheric aerosol loading, AOD (Global)",AAL,AOD,"electricity production, wind, 1-3MW turbine, onshore",220000,220000,0.00013226501317272727,0.000120729,0.000161767,0.000120729,0.000120729,0.00012328999999999999,0.00012328999999999999,0.000161767,1.1554600179936674e-05,1.1148343572345382e-05,1.2405790140278343e-05,1.1148343572345382e-05,1.1148343572345382e-05,1.1516099856003865e-05,1.1516099856003865e-05,1.2405790140278343e-05,0.088233386036677172,0.076689251455972746,0.095388016599192119,0.076689251455972746,0.090423745416054691,0.090423745416054691,0.095388016599192119,0.095388016599192119,1.8830478171395873e-16,1.718814014941339e-16,2.3030678056207649e-16,1.718814014941339e-16,1.718814014941339e-16,1.7552682428056371e-16,1.7552682428056371e-16,2.3030678056207649e-16,9.1720877729728281e-17,8.8495850343079605e-17,9.8477755712546548e-17,8.8495850343079605e-17,8.8495850343079605e-17,9.1415454787856574e-17,9.1415454787856574e-17,9.8477755712546548e-17
reference,m0,SSP5,2060,"AESA (PBs-LCIA), 0.9.1, atmospheric aerosol loading, AOD (Global)",AAL,AOD,"heat and power co-generation, wood chips, 6667 kW",220000,220000,0.00013226501317272727,0.000120729,0.000161767,0.000120729,0.000120729,0.00012328999999999999,0.00012328999999999999,0.000161767,4.1605175849022876e-05,4.0797937795472194e-05,4.3779716264431069e-05,4.0797937795472194e-05,4.0797937795472194e-05,4.10460063895965e-05,4.10460063895965e-05,4.3779716264431069e-05,0.31811715362070053,0.27063440791033444,0.33998464651903437,0.27063440791033444,0.33091035603432717,0.33091035603432717,0.33998464651903437,0.33998464651903437,1.8830478171395873e-16,1.718814014941339e-16,2.3030678056207649e-16,1.718814014941339e-16,1.718814014941339e-16,1.7552682428056371e-16,1.7552682428056371e-16,2.3030678056207649e-16,5.1730054444178373e-15,5.0726287378956686e-15,5.4433838314230836e-15,5.0726287378956686e-15,5.0726287378956686e-15,5.1034917223936857e-15,5.1034917223936857e-15,5.4433838314230836e-15
reference,m0,SSP5,2060,"AESA (PBs-LCIA), 0.9.1, atmospheric aerosol loading, AOD (Global)",AAL,AOD,transmission network construction,220000,220000,0.00013226501317272727,0.000120729,0.000161767,0.000120729,0.000120729,0.00012328999999999999,0.00012328999999999999,0.000161767,2.5735967826320808e-06,0,3.6326255556356697e-06,0,3.3301598169248323e-06,3.3301598169248323e-06,3.6326255556356697e-06,3.6326255556356697e-06,0.021030708350995277,0,0.030089088418156943,0,0.027010786089097513,0.027010786089097513,0.030089088418156943,0.030089088418156943,1.8830478171395873e-16,1.718814014941339e-16,2.3030678056207649e-16,1.718814014941339e-16,1.718814014941339e-16,1.7552682428056371e-16,1.7552682428056371e-16,2.3030678056207649e-16,,,,,,,,
reference,m0,SSP5,2060,"AESA (PBs-LCIA), 0.9.1, biogeochemical flows, nitrogen, inverse modelling, surface water",N,Tg N yr-1,EU electricity market imports,220000,220000,0.017260886095281817,0.0014981409999999999,0.062180948,0.0014981409999999999,0.0014981409999999999,0.0026935000000000001,0.0026935000000000001,0.062180948,0.015716141985869871,0.00046229502610359806,0.059094190262833322,0.00046229502610359806,0.00046229502610359806,0.0016649422012948217,0.0016649422012948217,0.059094190262833322,0.62371177552131052,0.30857911645405744,0.95035846450641637,0.30857911645405744,0.30857911645405744,0.61813335856499785,0.61813335856499785,0.95035846450641637,2.457415466570956e-14,2.1328881361910539e-15,8.8526407212744438e-14,2.1328881361910539e-15,2.1328881361910539e-15,3.8347099338702813e-15,3.8347099338702813e-15,8.8526407212744438e-14,1.5472791473585561e-13,4.5513668009867989e-15,5.8179169002366974e-13,4.5513668009867989e-15,4.5513668009867989e-15,1.6391621896442479e-14,1.6391621896442479e-14,5.8179169002366974e-13
reference,m0,SSP5,2060,"AESA (PBs-LCIA), 0.9.1, biogeochemical flows, nitrogen, inverse modelling, surface water",N,Tg N yr-1,Other life cycle contributions,220000,220000,0.017260886095281817,0.0014981409999999999,0.062180948,0.0014981409999999999,0.0014981409999999999,0.0026935000000000001,0.0026935000000000001,0.062180948,0.00077140881995192776,0,0.0030867577371666809,0,0,0,0,0.0030867577371666809,0.012405871006532865,0,0.049641535493583674,0,0,0,0,0.049641535493583674,2.457415466570956e-14,2.1328881361910539e-15,8.8526407212744438e-14,2.1328881361910539e-15,2.1328881361910539e-15,3.8347099338702813e-15,3.8347099338702813e-15,8.8526407212744438e-14,,,,,,,,
reference,m0,SSP5,2060,"AESA (PBs-LCIA), 0.9.1, biogeochemical flows, nitrogen, inverse modelling, surface water",N,Tg N yr-1,Transmission corona,220000,220000,0.017260886095281817,0.0014981409999999999,0.062180948,0.0014981409999999999,0.0014981409999999999,0.0026935000000000001,0.0026935000000000001,0.062180948,-3.8410549635671062e-19,-7.7919728462578435e-19,2.1644376477929153e-20,-7.7919728462578435e-19,-7.7919728462578435e-19,0,2.1644376477929153e-20,2.1644376477929153e-20,-1.4100045115885128e-16,-2.8928802102312392e-16,1.4447489574031518e-17,-2.8928802102312392e-16,-2.8928802102312392e-16,0,1.4447489574031518e-17,1.4447489574031518e-17,2.457415466570956e-14,2.1328881361910539e-15,8.8526407212744438e-14,2.1328881361910539e-15,2.1328881361910539e-15,3.8347099338702813e-15,3.8347099338702813e-15,8.8526407212744438e-14,,,,,,,,
reference,m0,SSP5,2060,"AESA (PBs-LCIA), 0.9.1, biogeochemical flows, nitrogen, inverse modelling, surface water",N,Tg N yr-1,"electricity production, hydro, reservoir, alpine region",220000,220000,0.017260886095281817,0.0014981409999999999,0.062180948,0.0014981409999999999,0.0014981409999999999,0.0026935000000000001,0.0026935000000000001,0.062180948,1.2070892592898809e-06,0,1.6932624498133376e-06,0,1.4414087303913832e-06,1.4414087303913832e-06,1.6932624498133376e-06,1.6932624498133376e-06,0.00055497752956329839,0,0.00096213155530179291,0,0.00062864765168492204,0.00062864765168492204,0.00096213155530179291,0.00096213155530179291,2.457415466570956e-14,2.1328881361910539e-15,8.8526407212744438e-14,2.1328881361910539e-15,2.1328881361910539e-15,3.8347099338702813e-15,3.8347099338702813e-15,8.8526407212744438e-14,1.4637959871908604e-16,0,2.0533618499732438e-16,0,1.7479467978204259e-16,1.7479467978204259e-16,2.0533618499732438e-16,2.0533618499732438e-16
reference,m0,SSP5,2060,"AESA (PBs-LCIA), 0.9.1, biogeochemical flows, nitrogen, inverse modelling, surface water",N,Tg N yr-1,"electricity production, hydro, run-of-river",220000,165020,0.017260886095281817,0.0014981409999999999,0.062180948,0.0014981409999999999,0.0014981409999999999,0.0026935000000000001,0.0026935000000000001,0.062180948,5.3675089793309692e-06,0,7.382076887602512e-06,0,6.7037157717391129e-06,6.7037157717391129e-06,7.382076887602512e-06,7.382076887602512e-06,0.0024896028256260602,0,0.0044746894796545275,0,0.0027407005337302809,0.0027407005337302809,0.0044746894796545275,0.0044746894796545275,2.457415466570956e-14,2.1328881361910539e-15,8.8526407212744438e-14,2.1328881361910539e-15,2.1328881361910539e-15,3.8347099338702813e-15,3.8347099338702813e-15,8.8526407212744438e-14,1.6528777705482624e-16,1.5484505862816984e-16,1.7051416876625963e-16,1.5484505862816984e-16,1.5484505862816984e-16,1.7051416876625963e-16,1.7051416876625963e-16,1.7051416876625963e-16
reference,m0,SSP5,2060,"AESA (PBs-LCIA), 0.9.1, biogeochemical flows, nitrogen, inverse modelling, surface water",N,Tg N yr-1,"electricity production, photovoltaic",220000,220000,0.017260886095281817,0.0014981409999999999,0.062180948,0.0014981409999999999,0.0014981409999999999,0.0026935000000000001,0.0026935000000000001,0.062180948,0.00040916023089390268,0,0.00054735144151966464,0,0.00054454466122800204,0.00054454466122800204,0.00054735144151966464,0.00054735144151966464,0.19247292799191132,0,0.36535375610150489,0,0.20216991320883682,0.20216991320883682,0.36535375610150489,0.36535375610150489,2.457415466570956e-14,2.1328881361910539e-15,8.8526407212744438e-14,2.1328881361910539e-15,2.1328881361910539e-15,3.8347099338702813e-15,3.8347099338702813e-15,8.8526407212744438e-14,1.851992173965752e-15,0,2.4774899345066921e-15,0,2.4647863872533427e-15,2.4647863872533427e-15,2.4774899345066921e-15,2.4774899345066921e-15
reference,m0,SSP5,2060,"AESA (PBs-LCIA), 0.9.1, biogeochemical flows, nitrogen, inverse modelling, surface water",N,Tg N yr-1,"electricity production, wave energy converter",220000,165020,0.017260886095281817,0.0014981409999999999,0.062180948,0.0014981409999999999,0.0014981409999999999,0.0026935000000000001,0.0026935000000000001,0.062180948,1.5731391875541178e-05,0,2.1237607081658405e-05,0,2.084003931359378e-05,2.084003931359378e-05,2.1237607081658405e-05,2.1237607081658405e-05,0.0074145057628343487,0,0.014175973477568804,0,0.0077371595743804637,0.0077371595743804637,0.014175973477568804,0.014175973477568804,2.457415466570956e-14,2.1328881361910539e-15,8.8526407212744438e-14,2.1328881361910539e-15,2.1328881361910539e-15,3.8347099338702813e-15,3.8347099338702813e-15,8.8526407212744438e-14,2.2221644453329508e-15,2.2081142037486934e-15,2.2502378705165091e-15,2.2081142037486934e-15,2.2081142037486934e-15,2.2081142037486934e-15,2.2502378705165091e-15,2.2502378705165091e-15
reference,m0,SSP5,2060,"AESA (PBs-LCIA), 0.9.1, biogeochemical flows, nitrogen, inverse modelling, surface water",N,Tg N yr-1,"electricity production, wind, 1-3MW turbine, offshore",220000,220000,0.017260886095281817,0.0014981409999999999,0.062180948,0.0014981409999999999,0.0014981409999999999,0.0026935000000000001,0.0026935000000000001,0.062180948,0.00014537076165639567,0,0.00019460179185870835,0,0.00019340500588226758,0.00019340500588226758,0.00019460179185870835,0.00019460179185870835,0.068393668722543571,0,0.1298955117433595,0,0.071804345974482112,0.071804345974482112,0.1298955117433595,0.1298955117433595,2.457415466570956e-14,2.1328881361910539e-15,8.8526407212744438e-14,2.1328881361910539e-15,2.1328881361910539e-15,3.8347099338702813e-15,3.8347099338702813e-15,8.8526407212744438e-14,7.9253842253120787e-16,0,1.0609379769895678e-15,0,1.0544136538890135e-15,1.0544136538890135e-15,1.0609379769895678e-15,1.0609379769895678e-15
reference,m0,SSP5,2060,"AESA (PBs-LCIA), 0.9.1, biogeochemical flows, nitrogen, inverse modelling, surface water",N,Tg N yr-1,"electricity production, wind, 1-3MW turbine, onshore",220000,220000,0.017260886095281817,0.0014981409999999999,0.062180948,0.0014981409999999999,0.0014981409999999999,0.0026935000000000001,0.0026935000000000001,0.062180948,0.00010301096126079006,0,0.00013854720207294099,0,0.00013672276619755764,0.00013672276619755764,0.00013854720207294099,0.00013854720207294099,0.048512563778251479,0,0.092479414202629118,0,0.050760262185839101,0.050760262185839101,0.092479414202629118,0.092479414202629118,2.457415466570956e-14,2.1328881361910539e-15,8.8526407212744438e-14,2.1328881361910539e-15,2.1328881361910539e-15,3.8347099338702813e-15,3.8347099338702813e-15,8.8526407212744438e-14,8.1770348279644487e-16,0,1.0997907637264929e-15,0,1.0853087253649297e-15,1.0853087253649297e-15,1.0997907637264929e-15,1.0997907637264929e-15
reference,m0,SSP5,2060,"AESA (PBs-LCIA), 0.9.1, biogeochemical flows, nitrogen, inverse modelling, surface water",N,Tg N yr-1,"heat and power co-generation, wood chips, 6667 kW",220000,220000,0.017260886095281817,0.0014981409999999999,0.062180948,0.0014981409999999999,0.0014981409999999999,0.0026935000000000001,0.0026935000000000001,0.062180948,3.8937934401702595e-05,0,5.2631933726361378e-05,0,5.1550116134210368e-05,5.1550116134210368e-05,5.2631933726361378e-05,5.2631933726361378e-05,0.018357022052642589,0,0.035131495450936447,0,0.019138710278154954,0.019138710278154954,0.035131495450936447,0.035131495450936447,2.457415466570956e-14,2.1328881361910539e-15,8.8526407212744438e-14,2.1328881361910539e-15,2.1328881361910539e-15,3.8347099338702813e-15,3.8347099338702813e-15,8.8526407212744438e-14,4.8413627082954449e-15,0,6.5440097682618078e-15,0,6.4095038113107293e-15,6.4095038113107293e-15,6.5440097682618078e-15,6.5440097682618078e-15
reference,m0,SSP5,2060,"AESA (PBs-LCIA), 0.9.1, biogeochemical flows, nitrogen, inverse modelling, surface water",N,Tg N yr-1,transmission network construction,220000,220000,0.017260886095281817,0.0014981409999999999,0.062180948,0.0014981409999999999,0.0014981409999999999,0.0026935000000000001,0.0026935000000000001,0.062180948,5.4549411133064688e-05,0,7.3330873134937484e-05,0,7.241987061213154e-05,7.241987061213154e-05,7.3330873134937484e-05,7.3330873134937484e-05,0.025687084808783914,0,0.04894791153498735,0,0.026886902027893646,0.026886902027893646,0.04894791153498735,0.04894791153498735,2.457415466570956e-14,2.1328881361910539e-15,8.8526407212744438e-14,2.1328881361910539e-15,2.1328881361910539e-15,3.8347099338702813e-15,3.8347099338702813e-15,8.8526407212744438e-14,,,,,,,,
reference,m0,SSP5,2060,"AESA (PBs-LCIA), 0.9.1, biogeochemical flows, phosphorus",P GLO,Tg P yr-1,EU electricity market imports,220000,220000,0.00027562942740909092,0.00024697100000000002,0.00029513899999999998,0.00024697100000000002,0.00026527400000000002,0.00026527400000000002,0.00029513899999999998,0.00029513899999999998,3.7981018426604434e-05,2.4704089198887462e-05,4.9396617216327248e-05,2.4704089198887462e-05,2.4704089198887462e-05,2.8437984866325451e-05,4.9396617216327248e-05,4.9396617216327248e-05,0.13574266098535326,0.093126688627183443,0.16736729885351395,0.093126688627183443,0.093126688627183443,0.11514706125952216,0.16736729885351395,0.16736729885351395,3.9241134185423132e-16,3.5161053439968618e-16,4.2018694062070129e-16,3.5161053439968618e-16,3.7766848354079908e-16,3.7766848354079908e-16,4.2018694062070129e-16,4.2018694062070129e-16,3.7392955639804683e-16,2.432159949769212e-16,4.8631804563802847e-16,2.432159949769212e-16,2.432159949769212e-16,2.7997674770592046e-16,4.8631804563802847e-16,4.8631804563802847e-16
reference,m0,SSP5,2060,"AESA (PBs-LCIA), 0.9.1, biogeochemical flows, phosphorus",P GLO,Tg P yr-1,Other life cycle contributions,220000,220000,0.00027562942740909092,0.00024697100000000002,0.00029513899999999998,0.00024697100000000002,0.00026527400000000002,0.00026527400000000002,0.00029513899999999998,0.00029513899999999998,2.5761640814325302e-06,0,1.0308404836579787e-05,0,0,0,0,1.0308404836579787e-05,0.01043103879173073,0,0.041739333106234275,0,0,0,0,0.041739333106234275,3.9241134185423132e-16,3.5161053439968618e-16,4.2018694062070129e-16,3.5161053439968618e-16,3.7766848354079908e-16,3.7766848354079908e-16,4.2018694062070129e-16,4.2018694062070129e-16,,,,,,,,
reference,m0,SSP5,2060,"AESA (PBs-LCIA), 0.9.1, biogeochemical flows, phosphorus",P GLO,Tg P yr-1,Transmission corona,220000,220000,0.00027562942740909092,0.00024697100000000002,0.00029513899999999998,0.00024697100000000002,0.00026527400000000002,0.00026527400000000002,0.00029513899999999998,0.00029513899999999998,-3.7118730328882999e-20,-8.9688769370643204e-20,3.0843188937363056e-20,-8.9688769370643204e-20,-8.9688769370643204e-20,0,3.0843188937363056e-20,3.0843188937363056e-20,-1.2282339066587068e-16,-3.0388653946324684e-16,1.1626917427777715e-16,-3.0388653946324684e-16,-3.0388653946324684e-16,0,1.1626917427777715e-16,1.1626917427777715e-16,3.9241134185423132e-16,3.5161053439968618e-16,4.2018694062070129e-16,3.5161053439968618e-16,3.7766848354079908e-16,3.7766848354079908e-16,4.2018694062070129e-16,4.2018694062070129e-16,,,,,,,,
reference,m0,SSP5,2060,"AESA (PBs-LCIA), 0.9.1, biogeochemical flows, phosphorus",P GLO,Tg P yr-1,"electricity production, hydro, reservoir, alpine region",220000,220000,0.00027562942740909092,0.00024697100000000002,0.00029513899999999998,0.00024697100000000002,0.00026527400000000002,0.00026527400000000002,0.00029513899999999998,0.00029513899999999998,3.150703885542684e-07,0,4.2902085601893573e-07,0,4.0210438898820053e-07,4.0210438898820053e-07,4.2902085601893573e-07,4.2902085601893573e-07,0.0011059074898805564,0,0.0015158077647571962,0,0.0014536230590295955,0.0014536230590295955,0.0015158077647571962,0.0015158077647571962,3.9241134185423132e-16,3.5161053439968618e-16,4.2018694062070129e-16,3.5161053439968618e-16,3.7766848354079908e-16,3.7766848354079908e-16,4.2018694062070129e-16,4.2018694062070129e-16,3.820755484855373e-17,0,5.2025950913120568e-17,0,4.8761891594757589e-17,4.8761891594757589e-17,5.2025950913120568e-17,5.2025950913120568e-17
reference,m0,SSP5,2060,"AESA (PBs-LCIA), 0.9.1, biogeochemical flows, phosphorus",P GLO,Tg P yr-1,"electricity production, hydro, run-of-river",220000,165020,0.00027562942740909092,0.00024697100000000002,0.00029513899999999998,0.00024697100000000002,0.00026527400000000002,0.00026527400000000002,0.00029513899999999998,0.00029513899999999998,2.2092636097482831e-06,0,2.9947022204825918e-06,0,2.8466740550922514e-06,2.8466740550922514e-06,2.9947022204825918e-06,2.9947022204825918e-06,0.0077571776340536669,0,0.010731070723449155,0,0.010146751938857935,0.010146751938857935,0.010731070723449155,0.010731070723449155,3.9241134185423132e-16,3.5161053439968618e-16,4.2018694062070129e-16,3.5161053439968618e-16,3.7766848354079908e-16,3.7766848354079908e-16,4.2018694062070129e-16,4.2018694062070129e-16,6.8032431135133852e-17,6.5753696223484927e-17,6.9172896746501406e-17,6.5753696223484927e-17,6.5753696223484927e-17,6.9172896746501406e-17,6.9172896746501406e-17,6.9172896746501406e-17
reference,m0,SSP5,2060,"AESA (PBs-LCIA), 0.9.1, biogeochemical flows, phosphorus",P GLO,Tg P yr-1,"electricity production, photovoltaic",220000,220000,0.00027562942740909092,0.00024697100000000002,0.00029513899999999998,0.00024697100000000002,0.00026527400000000002,0.00026527400000000002,0.00029513899999999998,0.00029513899999999998,0.00011538199866527717,0.00011254690313695415,0.00011702827416124123,0.00011254690313695415,0.00011492452011529828,0.00011492452011529828,0.00011702827416124123,0.00011702827416124123,0.42049583577163024,0.39651917964498501,0.45570898258076514,0.39651917964498501,0.39651917964498501,0.43322949145147382,0.43322949145147382,0.45570898258076514,3.9241134185423132e-16,3.5161053439968618e-16,4.2018694062070129e-16,3.5161053439968618e-16,3.7766848354079908e-16,3.7766848354079908e-16,4.2018694062070129e-16,4.2018694062070129e-16,5.222570002389988e-16,5.0942436289164874e-16,5.2970856233589183e-16,5.0942436289164874e-16,5.2018640878275107e-16,5.2018640878275107e-16,5.2970856233589183e-16,5.2970856233589183e-16
reference,m0,SSP5,2060,"AESA (PBs-LCIA), 0.9.1, biogeochemical flows, phosphorus",P GLO,Tg P yr-1,"electricity production, wave energy converter",220000,165020,0.00027562942740909092,0.00024697100000000002,0.00029513899999999998,0.00024697100000000002,0.00026527400000000002,0.00026527400000000002,0.00029513899999999998,0.00029513899999999998,6.8370854971267826e-06,0,9.1966553928765473e-06,0,8.9518738884872472e-06,8.9518738884872472e-06,9.1966553928765473e-06,9.1966553928765473e-06,0.024019977744643522,0,0.033745764336072313,0,0.031160420658999818,0.031160420658999818,0.033745764336072313,0.033745764336072313,3.9241134185423132e-16,3.5161053439968618e-16,4.2018694062070129e-16,3.5161053439968618e-16,3.7766848354079908e-16,3.7766848354079908e-16,4.2018694062070129e-16,4.2018694062070129e-16,9.6578521467090965e-16,9.4850029994128752e-16,9.7443600188787889e-16,9.4850029994128752e-16,9.4850029994128752e-16,9.7443600188787889e-16,9.7443600188787889e-16,9.7443600188787889e-16
reference,m0,SSP5,2060,"AESA (PBs-LCIA), 0.9.1, biogeochemical flows, phosphorus",P GLO,Tg P yr-1,"electricity production, wind, 1-3MW turbine, offshore",220000,220000,0.00027562942740909092,0.00024697100000000002,0.00029513899999999998,0.00024697100000000002,0.00026527400000000002,0.00026527400000000002,0.00029513899999999998,0.00029513899999999998,4.9921314744399352e-05,3.9363871314545202e-05,5.4060534178237892e-05,3.9363871314545202e-05,5.2196398587259077e-05,5.2196398587259077e-05,5.4060534178237892e-05,5.4060534178237892e-05,0.18062730503414942,0.15938661346694633,0.1967640951893479,0.15938661346694633,0.18316974096353886,0.18316974096353886,0.1967640951893479,0.1967640951893479,3.9241134185423132e-16,3.5161053439968618e-16,4.2018694062070129e-16,3.5161053439968618e-16,3.7766848354079908e-16,3.7766848354079908e-16,4.2018694062070129e-16,4.2018694062070129e-16,2.7216342261502651e-16,2.1460581877384861e-16,2.9472980274864797e-16,2.1460581877384861e-16,2.8456689096378812e-16,2.8456689096378812e-16,2.9472980274864797e-16,2.9472980274864797e-16
reference,m0,SSP5,2060,"AESA (PBs-LCIA), 0.9.1, biogeochemical flows, phosphorus",P GLO,Tg P yr-1,"electricity production, wind, 1-3MW turbine, onshore",220000,220000,0.00027562942740909092,0.00024697100000000002,0.00029513899999999998,0.00024697100000000002,0.00026527400000000002,0.00026527400000000002,0.00029513899999999998,0.00029513899999999998,4.1766278101925053e-05,3.2173400198611851e-05,4.5488035916336998e-05,3.2173400198611851e-05,4.391200220734933e-05,4.391200220734933e-05,4.5488035916336998e-05,4.5488035916336998e-05,0.15101802417063512,0.13027197605634608,0.16553451226787896,0.13027197605634608,0.15412411072862955,0.15412411072862955,0.16553451226787896,0.16553451226787896,3.9241134185423132e-16,3.5161053439968618e-16,4.2018694062070129e-16,3.5161053439968618e-16,3.7766848354079908e-16,3.7766848354079908e-16,4.2018694062070129e-16,4.2018694062070129e-16,3.315420871207691e-16,2.5539347567933325e-16,3.6108550390029988e-16,2.5539347567933325e-16,3.4857498502547671e-16,3.4857498502547671e-16,3.6108550390029988e-16,3.6108550390029988e-16
reference,m0,SSP5,2060,"AESA (PBs-LCIA), 0.9.1, biogeochemical flows, phosphorus",P GLO,Tg P yr-1,"heat and power co-generation, wood chips, 6667 kW",220000,220000,0.00027562942740909092,0.00024697100000000002,0.00029513899999999998,0.00024697100000000002,0.00026527400000000002,0.00026527400000000002,0.00029513899999999998,0.00029513899999999998,1.7486715855483372e-05,1.4924837058850248e-05,2.4140435646983568e-05,1.4924837058850248e-05,1.4924837058850248e-05,1.5959314819173579e-05,1.5959314819173579e-05,2.4140435646983568e-05,0.064758877382707442,0.050568840644070245,0.097746033530186002,0.050568840644070245,0.050568840644070245,0.060161624656670382,0.060161624656670382,0.097746033530186002,3.9241134185423132e-16,3.5161053439968618e-16,4.2018694062070129e-16,3.5161053439968618e-16,3.7766848354079908e-16,3.7766848354079908e-16,4.2018694062070129e-16,4.2018694062070129e-16,2.174219767494e-15,1.855687194784006e-15,3.0015131110385657e-15,1.855687194784006e-15,1.855687194784006e-15,1.9843100122783373e-15,1.9843100122783373e-15,3.0015131110385657e-15
reference,m0,SSP5,2060,"AESA (PBs-LCIA), 0.9.1, biogeochemical flows, phosphorus",P GLO,Tg P yr-1,transmission network construction,220000,220000,0.00027562942740909092,0.00024697100000000002,0.00029513899999999998,0.00024697100000000002,0.00026527400000000002,0.00026527400000000002,0.00029513899999999998,0.00029513899999999998,1.1545180385397198e-06,0,1.6203229996283799e-06,0,1.3770227394645617e-06,1.3770227394645617e-06,1.6203229996283799e-06,1.6203229996283799e-06,0.0040431949952161855,0,0.0054900335083753081,0,0.0051909449831666933,0.0051909449831666933,0.0054900335083753081,0.0054900335083753081,3.9241134185423132e-16,3.5161053439968618e-16,4.2018694062070129e-16,3.5161053439968618e-16,3.7766848354079908e-16,3.7766848354079908e-16,4.2018694062070129e-16,4.2018694062070129e-16,,,,,,,,
reference,m0,SSP5,2060,"AESA (PBs-LCIA), 0.9.1, change in biosphere integrity, functional diversity, total",BI FD,%BII loss,EU electricity market imports,220000,220000,0.011667738870463637,0.0065055920000000001,0.022454898000000001,0.0065055920000000001,0.0065055920000000001,0.011207083,0.011207083,0.022454898000000001,0.0052159349801051639,0.00091547131965189008,0.014330092441413167,0.00091547131965189008,0.00091547131965189008,0.0047046892991091278,0.0047046892991091278,0.014330092441413167,0.33486046834770805,0.14072067840280947,0.63817223491343256,0.14072067840280947,0.14072067840280947,0.41979606103650058,0.41979606103650058,0.63817223491343256,1.6611245605162521e-14,9.2619482156839772e-15,3.196881777138787e-14,9.2619482156839772e-15,9.2619482156839772e-15,1.5955413887583239e-14,1.5955413887583239e-14,3.196881777138787e-14,5.1351707434955612e-14,9.012961090461644e-15,1.4108203290232273e-13,9.012961090461644e-15,9.012961090461644e-15,4.6318411974741848e-14,4.6318411974741848e-14,1.4108203290232273e-13
reference,m0,SSP5,2060,"AESA (PBs-LCIA), 0.9.1, change in biosphere integrity, functional diversity, total",BI FD,%BII loss,Other life cycle contributions,220000,220000,0.011667738870463637,0.0065055920000000001,0.022454898000000001,0.0065055920000000001,0.0065055920000000001,0.011207083,0.011207083,0.022454898000000001,0.00047374698481789904,0,0.0018956772764630349,0,0,1.1081917269690943e-18,1.1081917269690943e-18,0.0018956772764630349,0.021097712615657412,0,0.084421549207795765,0,0,1.7034448624646216e-16,1.7034448624646216e-16,0.084421549207795765,1.6611245605162521e-14,9.2619482156839772e-15,3.196881777138787e-14,9.2619482156839772e-15,9.2619482156839772e-15,1.5955413887583239e-14,1.5955413887583239e-14,3.196881777138787e-14,,,,,,,,
reference,m0,SSP5,2060,"AESA (PBs-LCIA), 0.9.1, change in biosphere integrity, functional diversity, total",BI FD,%BII loss,Transmission corona,220000,220000,0.011667738870463637,0.0065055920000000001,0.022454898000000001,0.0065055920000000001,0.0065055920000000001,0.011207083,0.011207083,0.022454898000000001,0.00016811314233061868,0,0.00022412370353315809,0,0.00022412368312629821,0.00022412368312629821,0.00022412370353315809,0.00022412370353315809,0.022225436340561879,0,0.034450928236246327,0,0.019998397757307419,0.019998397757307419,0.034450928236246327,0.034450928236246327,1.6611245605162521e-14,9.2619482156839772e-15,3.196881777138787e-14,9.2619482156839772e-15,9.2619482156839772e-15,1.5955413887583239e-14,1.5955413887583239e-14,3.196881777138787e-14,,,,,,,,
reference,m0,SSP5,2060,"AESA (PBs-LCIA), 0.9.1, change in biosphere integrity, functional diversity, total",BI FD,%BII loss,"electricity production, hydro, reservoir, alpine region",220000,220000,0.011667738870463637,0.0065055920000000001,0.022454898000000001,0.0065055920000000001,0.0065055920000000001,0.011207083,0.011207083,0.022454898000000001,2.447427455630371e-05,0,3.3802258921292988e-05,0,3.2040921519222094e-05,3.2040921519222094e-05,3.3802258921292988e-05,3.3802258921292988e-05,0.0032166888483998067,0,0.004925135409540299,0,0.0030161513858060112,0.0030161513858060112,0.004925135409540299,0.004925135409540299,1.6611245605162521e-14,9.2619482156839772e-15,3.196881777138787e-14,9.2619482156839772e-15,9.2619482156839772e-15,1.5955413887583239e-14,1.5955413887583239e-14,3.196881777138787e-14,2.967911949794539e-15,0,4.0990846112172458e-15,0,3.8854935876646145e-15,3.8854935876646145e-15,4.0990846112172458e-15,4.0990846112172458e-15
reference,m0,SSP5,2060,"AESA (PBs-LCIA), 0.9.1, change in biosphere integrity, functional diversity, total",BI FD,%BII loss,"electricity production, hydro, run-of-river",220000,165020,0.011667738870463637,0.0065055920000000001,0.022454898000000001,0.0065055920000000001,0.0065055920000000001,0.011207083,0.011207083,0.022454898000000001,0.00014159372539433856,0,0.00019218381486644235,0,0.00018705957599588795,0.00018705957599588795,0.00019218381486644235,0.00019218381486644235,0.01866433416485987,0,0.028753659312770911,0,0.017148424337219807,0.017148424337219807,0.028753659312770911,0.028753659312770911,1.6611245605162521e-14,9.2619482156839772e-15,3.196881777138787e-14,9.2619482156839772e-15,9.2619482156839772e-15,1.5955413887583239e-14,1.5955413887583239e-14,3.196881777138787e-14,4.3602559957956841e-15,4.3207768814255779e-15,4.4391381955739548e-15,4.3207768814255779e-15,4.3207768814255779e-15,4.3207768814255779e-15,4.4391381955739548e-15,4.4391381955739548e-15
reference,m0,SSP5,2060,"AESA (PBs-LCIA), 0.9.1, change in biosphere integrity, functional diversity, total",BI FD,%BII loss,"electricity production, photovoltaic",220000,220000,0.011667738870463637,0.0065055920000000001,0.022454898000000001,0.0065055920000000001,0.0065055920000000001,0.011207083,0.011207083,0.022454898000000001,0.0021691811917851503,0.001934738499557857,0.0024167248292626749,0.001934738499557857,0.001934738499557857,0.0023903502847915634,0.0023903502847915634,0.0024167248292626749,0.22892805186005516,0.10762573177854892,0.29739622459537224,0.10762573177854892,0.21328924616615791,0.21328924616615791,0.29739622459537224,0.29739622459537224,1.6611245605162521e-14,9.2619482156839772e-15,3.196881777138787e-14,9.2619482156839772e-15,9.2619482156839772e-15,1.5955413887583239e-14,1.5955413887583239e-14,3.196881777138787e-14,9.8184193784690829e-15,8.7572559478340362e-15,1.0938881987164518e-14,8.7572559478340362e-15,8.7572559478340362e-15,1.0819502143417777e-14,1.0819502143417777e-14,1.0938881987164518e-14
reference,m0,SSP5,2060,"AESA (PBs-LCIA), 0.9.1, change in biosphere integrity, functional diversity, total",BI FD,%BII loss,"electricity production, wave energy converter",220000,165020,0.011667738870463637,0.0065055920000000001,0.022454898000000001,0.0065055920000000001,0.0065055920000000001,0.011207083,0.011207083,0.022454898000000001,6.5973984256260221e-05,0,9.4533966508695869e-05,0,8.4661822835527207e-05,8.4661822835527207e-05,9.4533966508695869e-05,9.4533966508695869e-05,0.0086159585568875759,0,0.013013700034605185,0,0.0084351982142628797,0.0084351982142628797,0.013013700034605185,0.013013700034605185,1.6611245605162521e-14,9.2619482156839772e-15,3.196881777138787e-14,9.2619482156839772e-15,9.2619482156839772e-15,1.5955413887583239e-14,1.5955413887583239e-14,3.196881777138787e-14,9.3192675620268118e-15,8.970375011842169e-15,1.0016380764385127e-14,8.970375011842169e-15,8.970375011842169e-15,8.970375011842169e-15,1.0016380764385127e-14,1.0016380764385127e-14
reference,m0,SSP5,2060,"AESA (PBs-LCIA), 0.9.1, change in biosphere integrity, functional diversity, total",BI FD,%BII loss,"electricity production, wind, 1-3MW turbine, offshore",220000,220000,0.011667738870463637,0.0065055920000000001,0.022454898000000001,0.0065055920000000001,0.0065055920000000001,0.011207083,0.011207083,0.022454898000000001,0.00041759939343202009,0,0.00063070108661624207,0,0.00051971137268829425,0.00051971137268829425,0.00063070108661624207,0.00063070108661624207,0.054015441070019682,0,0.079886868510704978,0,0.056277006837215544,0.056277006837215544,0.079886868510704978,0.079886868510704978,1.6611245605162521e-14,9.2619482156839772e-15,3.196881777138787e-14,9.2619482156839772e-15,9.2619482156839772e-15,1.5955413887583239e-14,1.5955413887583239e-14,3.196881777138787e-14,2.2766860242813038e-15,0,3.4384826478265357e-15,0,2.8333845263618049e-15,2.8333845263618049e-15,3.4384826478265357e-15,3.4384826478265357e-15
reference,m0,SSP5,2060,"AESA (PBs-LCIA), 0.9.1, change in biosphere integrity, functional diversity, total",BI FD,%BII loss,"electricity production, wind, 1-3MW turbine, onshore",220000,220000,0.011667738870463637,0.0065055920000000001,0.022454898000000001,0.0065055920000000001,0.0065055920000000001,0.011207083,0.011207083,0.022454898000000001,0.00034157095800928369,0,0.00050915074955537273,0,0.00042845782979337305,0.00042845782979337305,0.00050915074955537273,0.00050915074955537273,0.044289841226179724,0,0.065859929395107014,0,0.045431157202580966,0.045431157202580966,0.065859929395107014,0.065859929395107014,1.6611245605162521e-14,9.2619482156839772e-15,3.196881777138787e-14,9.2619482156839772e-15,9.2619482156839772e-15,1.5955413887583239e-14,1.5955413887583239e-14,3.196881777138787e-14,2.7113986035254885e-15,0,4.0416508492226686e-15,0,3.4011088284265337e-15,3.4011088284265337e-15,4.0416508492226686e-15,4.0416508492226686e-15
reference,m0,SSP5,2060,"AESA (PBs-LCIA), 0.9.1, change in biosphere integrity, functional diversity, total",BI FD,%BII loss,"heat and power co-generation, wood chips, 6667 kW",220000,220000,0.011667738870463637,0.0065055920000000001,0.022454898000000001,0.0065055920000000001,0.0065055920000000001,0.011207083,0.011207083,0.022454898000000001,0.0025404251567492991,0.0020464245471220432,0.0038124034528611238,0.0020464245471220432,0.0020464245471220432,0.0022569295047991183,0.0022569295047991183,0.0038124034528611238,0.25006468944239557,0.16978048410022276,0.31456392394758897,0.16978048410022276,0.20138420539931029,0.20138420539931029,0.31456392394758897,0.31456392394758897,1.6611245605162521e-14,9.2619482156839772e-15,3.196881777138787e-14,9.2619482156839772e-15,9.2619482156839772e-15,1.5955413887583239e-14,1.5955413887583239e-14,3.196881777138787e-14,3.1586472773466434e-13,2.5444298721458001e-13,4.7401661770858395e-13,2.5444298721458001e-13,2.5444298721458001e-13,2.8061617695801631e-13,2.8061617695801631e-13,4.7401661770858395e-13
reference,m0,SSP5,2060,"AESA (PBs-LCIA), 0.9.1, change in biosphere integrity, functional diversity, total",BI FD,%BII loss,transmission network construction,220000,220000,0.011667738870463637,0.0065055920000000001,0.022454898000000001,0.0065055920000000001,0.0065055920000000001,0.011207083,0.011207083,0.022454898000000001,0.00010912507902729984,0,0.00017061833129898411,0,0.00013290242770960814,0.00013290242770960814,0.00017061833129898411,0.00017061833129898411,0.014021377527275435,0,0.020428952155254761,0,0.015224151663638443,0.015224151663638443,0.020428952155254761,0.020428952155254761,1.6611245605162521e-14,9.2619482156839772e-15,3.196881777138787e-14,9.2619482156839772e-15,9.2619482156839772e-15,1.5955413887583239e-14,1.5955413887583239e-14,3.196881777138787e-14,,,,,,,,
reference,m0,SSP5,2060,"AESA (PBs-LCIA), 0.9.1, climate change, atmospheric CO2 concentration",aCO2,ppm,EU electricity market imports,220000,220000,0.79547171452335452,0.19951638399999999,1.96650353,0.19951638399999999,0.19951638399999999,0.81652193299999998,0.81652193299999998,1.96650353,0.58217791995659807,0.038001709419848456,1.6962579090093399,0.038001709419848456,0.038001709419848456,0.55665728997024022,0.55665728997024022,1.6962579090093399,0.48134663768977293,0.19046911666085758,0.86257557290494158,0.19046911666085758,0.19046911666085758,0.68174199304728322,0.68174199304728322,0.86257557290494158,1.1325052884960512e-12,2.8404952144093169e-13,2.7996918143768049e-12,2.8404952144093169e-13,2.8404952144093169e-13,1.162474278653824e-12,1.162474278653824e-12,2.7996918143768049e-12,5.7316340607244417e-12,3.7413286283769596e-13,1.6699928447356283e-11,3.7413286283769596e-13,3.7413286283769596e-13,5.4803794072629036e-12,5.4803794072629036e-12,1.6699928447356283e-11
reference,m0,SSP5,2060,"AESA (PBs-LCIA), 0.9.1, climate change, atmospheric CO2 concentration",aCO2,ppm,Other life cycle contributions,220000,220000,0.79547171452335452,0.19951638399999999,1.96650353,0.19951638399999999,0.19951638399999999,0.81652193299999998,0.81652193299999998,1.96650353,0.038188188451221419,-1.4184855029906194e-16,0.15280832046687379,-1.4184855029906194e-16,-1.4184855029906194e-16,0,0,0.15280832046687379,0.019419333791494072,-1.7372289042854402e-16,0.077705591744792746,-1.7372289042854402e-16,-1.7372289042854402e-16,0,0,0.077705591744792746,1.1325052884960512e-12,2.8404952144093169e-13,2.7996918143768049e-12,2.8404952144093169e-13,2.8404952144093169e-13,1.162474278653824e-12,1.162474278653824e-12,2.7996918143768049e-12,,,,,,,,
reference,m0,SSP5,2060,"AESA (PBs-LCIA), 0.9.1, climate change, atmospheric CO2 concentration",aCO2,ppm,Transmission corona,220000,220000,0.79547171452335452,0.19951638399999999,1.96650353,0.19951638399999999,0.19951638399999999,0.81652193299999998,0.81652193299999998,1.96650353,9.0965899922684409e-17,0,3.226223375454251e-16,0,2.0501548307982356e-17,2.0501548307982356e-17,3.226223375454251e-16,3.226223375454251e-16,1.5022270934118546e-16,0,3.9511778496882718e-16,0,1.0275621428655382e-16,1.0275621428655382e-16,3.9511778496882718e-16,3.9511778496882718e-16,1.1325052884960512e-12,2.8404952144093169e-13,2.7996918143768049e-12,2.8404952144093169e-13,2.8404952144093169e-13,1.162474278653824e-12,1.162474278653824e-12,2.7996918143768049e-12,,,,,,,,
reference,m0,SSP5,2060,"AESA (PBs-LCIA), 0.9.1, climate change, atmospheric CO2 concentration",aCO2,ppm,"electricity production, hydro, reservoir, alpine region",220000,220000,0.79547171452335452,0.19951638399999999,1.96650353,0.19951638399999999,0.19951638399999999,0.81652193299999998,0.81652193299999998,1.96650353,0.00072130272353492354,0,0.0011564291093258089,0,0.00086412217118125444,0.00086412217118125444,0.0011564291093258089,0.0011564291093258089,0.0025194508164176591,0,0.0043310837629317424,0,0.0014162866453286183,0.0014162866453286183,0.0043310837629317424,0.0043310837629317424,1.1325052884960512e-12,2.8404952144093169e-13,2.7996918143768049e-12,2.8404952144093169e-13,2.8404952144093169e-13,1.162474278653824e-12,1.162474278653824e-12,2.7996918143768049e-12,8.7469922512369077e-14,0,1.4023621615449574e-13,0,1.047891500404212e-13,1.047891500404212e-13,1.4023621615449574e-13,1.4023621615449574e-13
reference,m0,SSP5,2060,"AESA (PBs-LCIA), 0.9.1, climate change, atmospheric CO2 concentration",aCO2,ppm,"electricity production, hydro, run-of-river",220000,165020,0.79547171452335452,0.19951638399999999,1.96650353,0.19951638399999999,0.19951638399999999,0.81652193299999998,0.81652193299999998,1.96650353,0.0026296901820670833,0,0.0041811294162842089,0,0.0031678527953194536,0.0031678527953194536,0.0041811294162842089,0.0041811294162842089,0.0092183829790426722,0,0.015877657422457364,0,0.0051206578137126526,0.0051206578137126526,0.015877657422457364,0.015877657422457364,1.1325052884960512e-12,2.8404952144093169e-13,2.7996918143768049e-12,2.8404952144093169e-13,2.8404952144093169e-13,1.162474278653824e-12,1.162474278653824e-12,2.7996918143768049e-12,8.0979026090072919e-14,7.3172325669776101e-14,9.6577392770487949e-14,7.3172325669776101e-14,7.3172325669776101e-14,7.3172325669776101e-14,9.6577392770487949e-14,9.6577392770487949e-14
reference,m0,SSP5,2060,"AESA (PBs-LCIA), 0.9.1, climate change, atmospheric CO2 concentration",aCO2,ppm,"electricity production, photovoltaic",220000,220000,0.79547171452335452,0.19951638399999999,1.96650353,0.19951638399999999,0.19951638399999999,0.81652193299999998,0.81652193299999998,1.96650353,0.086601174853094764,0.057483188032001302,0.11743730052378583,0.057483188032001302,0.057483188032001302,0.11397968154317904,0.11397968154317904,0.11743730052378583,0.19387635170483447,0.059718835350265467,0.28811261952302275,0.059718835350265467,0.13959169611574787,0.13959169611574787,0.28811261952302275,0.28811261952302275,1.1325052884960512e-12,2.8404952144093169e-13,2.7996918143768049e-12,2.8404952144093169e-13,2.8404952144093169e-13,1.162474278653824e-12,1.162474278653824e-12,2.7996918143768049e-12,3.9198506877336387e-13,2.601875948809273e-13,5.3155939756690131e-13,2.601875948809273e-13,2.601875948809273e-13,5.1590909018744241e-13,5.1590909018744241e-13,5.3155939756690131e-13
reference,m0,SSP5,2060,"AESA (PBs-LCIA), 0.9.1, climate change, atmospheric CO2 concentration",aCO2,ppm,"electricity production, wave energy converter",220000,165020,0.79547171452335452,0.19951638399999999,1.96650353,0.19951638399999999,0.19951638399999999,0.81652193299999998,0.81652193299999998,1.96650353,0.0067136879582514707,0,0.0099115725669227037,0,0.0084694991142479775,0.0084694991142479775,0.0099115725669227037,0.0099115725669227037,0.024257836784890522,0,0.042450143414026482,0,0.012138770762110935,0.012138770762110935,0.042450143414026482,0.042450143414026482,1.1325052884960512e-12,2.8404952144093169e-13,2.7996918143768049e-12,2.8404952144093169e-13,2.8404952144093169e-13,1.162474278653824e-12,1.162474278653824e-12,2.7996918143768049e-12,9.4835340075945544e-13,8.973888777292968e-13,1.050184299233544e-12,8.973888777292968e-13,8.973888777292968e-13,8.973888777292968e-13,1.050184299233544e-12,1.050184299233544e-12
reference,m0,SSP5,2060,"AESA (PBs-LCIA), 0.9.1, climate change, atmospheric CO2 concentration",aCO2,ppm,"electricity production, wind, 1-3MW turbine, offshore",220000,220000,0.79547171452335452,0.19951638399999999,1.96650353,0.19951638399999999,0.19951638399999999,0.81652193299999998,0.81652193299999998,1.96650353,0.038224623104845652,0,0.062158158848235091,0,0.045355504771331427,0.045355504771331427,0.062158158848235091,0.062158158848235091,0.13268679060706351,0,0.22732721925900296,0,0.076125522580708302,0.076125522580708302,0.22732721925900296,0.22732721925900296,1.1325052884960512e-12,2.8404952144093169e-13,2.7996918143768049e-12,2.8404952144093169e-13,2.8404952144093169e-13,1.162474278653824e-12,1.162474278653824e-12,2.7996918143768049e-12,2.0839460937710528e-13,0,3.3887646728935176e-13,0,2.4727105012295786e-13,2.4727105012295786e-13,3.3887646728935176e-13,3.3887646728935176e-13
reference,m0,SSP5,2060,"AESA (PBs-LCIA), 0.9.1, climate change, atmospheric CO2 concentration",aCO2,ppm,"electricity production, wind, 1-3MW turbine, onshore",220000,220000,0.79547171452335452,0.19951638399999999,1.96650353,0.19951638399999999,0.19951638399999999,0.81652193299999998,0.81652193299999998,1.96650353,0.023979705651125012,0,0.040057310889620772,0,0.027921045456918619,0.027921045456918619,0.040057310889620772,0.040057310889620772,0.082231798127887321,0,0.13994362215846204,0,0.049058462817337174,0.049058462817337174,0.13994362215846204,0.13994362215846204,1.1325052884960512e-12,2.8404952144093169e-13,2.7996918143768049e-12,2.8404952144093169e-13,2.8404952144093169e-13,1.162474278653824e-12,1.162474278653824e-12,2.7996918143768049e-12,1.9035148281335163e-13,0,3.1797590183861321e-13,0,2.216379333133573e-13,2.216379333133573e-13,3.1797590183861321e-13,3.1797590183861321e-13
reference,m0,SSP5,2060,"AESA (PBs-LCIA), 0.9.1, climate change, atmospheric CO2 concentration",aCO2,ppm,"heat and power co-generation, wood chips, 6667 kW",220000,220000,0.79547171452335452,0.19951638399999999,1.96650353,0.19951638399999999,0.19951638399999999,0.81652193299999998,0.81652193299999998,1.96650353,0.007519146008558633,0,0.013397933672130592,0,0.0083358767817335033,0.0083358767817335033,0.013397933672130592,0.013397933672130592,0.024991295909919407,0,0.041780412288012915,0,0.016408541069931788,0.016408541069931788,0.041780412288012915,0.041780412288012915,1.1325052884960512e-12,2.8404952144093169e-13,2.7996918143768049e-12,2.8404952144093169e-13,2.8404952144093169e-13,1.162474278653824e-12,1.162474278653824e-12,2.7996918143768049e-12,9.3489586436186948e-13,0,1.66583715417345e-12,0,1.0364443936023229e-12,1.0364443936023229e-12,1.66583715417345e-12,1.66583715417345e-12
reference,m0,SSP5,2060,"AESA (PBs-LCIA), 0.9.1, climate change, atmospheric CO2 concentration",aCO2,ppm,transmission network construction,220000,220000,0.79547171452335452,0.19951638399999999,1.96650353,0.19951638399999999,0.19951638399999999,0.81652193299999998,0.81652193299999998,1.96650353,0.0087162756340574098,0,0.015022426984061518,0,0.009917585457417992,0.009917585457417992,0.015022426984061518,0.015022426984061518,0.029452121588677306,0,0.049708125511226144,0,0.018398069147839435,0.018398069147839435,0.049708125511226144,0.049708125511226144,1.1325052884960512e-12,2.8404952144093169e-13,2.7996918143768049e-12,2.8404952144093169e-13,2.8404952144093169e-13,1.162474278653824e-12,1.162474278653824e-12,2.7996918143768049e-12,,,,,,,,
reference,m0,SSP5,2060,"AESA (PBs-LCIA), 0.9.1, climate change, energy imbalance at top-of-atmosphere",EI,W m-2,EU electricity market imports,220000,220000,0.010862435453372728,0.0031071549999999999,0.026216776000000001,0.0031071549999999999,0.0031071549999999999,0.011021016,0.011021016,0.026216776000000001,0.0077848552204520536,0.00070161752350408879,0.022397993407451459,0.00070161752350408879,0.00070161752350408879,0.0073410119355735238,0.0073410119355735238,0.022397993407451459,0.49303802563833343,0.22580705613465979,0.85433820723995424,0.22580705613465979,0.22580705613465979,0.66609212213951274,0.66609212213951274,0.85433820723995424,1.5464743002863511e-14,4.4236258850663791e-15,3.7324567839938781e-14,4.4236258850663791e-15,4.4236258850663791e-15,1.5690512575893089e-14,1.5690512575893089e-14,3.7324567839938781e-14,7.6643136518451181e-14,6.9075355243632877e-15,2.20511805211888e-13,6.9075355243632877e-15,6.9075355243632877e-15,7.2273428320395875e-14,7.2273428320395875e-14,2.20511805211888e-13
reference,m0,SSP5,2060,"AESA (PBs-LCIA), 0.9.1, climate change, energy imbalance at top-of-atmosphere",EI,W m-2,Other life cycle contributions,220000,220000,0.010862435453372728,0.0031071549999999999,0.026216776000000001,0.0031071549999999999,0.0031071549999999999,0.011021016,0.011021016,0.026216776000000001,0.00055460922215363529,0,0.00221924388639141,0,0,5.5409593162854291e-19,5.5409593162854291e-19,0.00221924388639141,0.021154745425358078,0,0.084649763433589625,0,0,1.7832902820378865e-16,1.7832902820378865e-16,0.084649763433589625,1.5464743002863511e-14,4.4236258850663791e-15,3.7324567839938781e-14,4.4236258850663791e-15,4.4236258850663791e-15,1.5690512575893089e-14,1.5690512575893089e-14,3.7324567839938781e-14,,,,,,,,
reference,m0,SSP5,2060,"AESA (PBs-LCIA), 0.9.1, climate change, energy imbalance at top-of-atmosphere",EI,W m-2,Transmission corona,220000,220000,0.010862435453372728,0.0031071549999999999,0.026216776000000001,0.0031071549999999999,0.0031071549999999999,0.011021016,0.011021016,0.026216776000000001,0.00012603262043428364,0,0.0001680231308585788,0,0.00016802312070741658,0.00016802312070741658,0.0001680231308585788,0.0001680231308585788,0.030847027610132041,0,0.054076198599226244,0,0.015245701549423082,0.015245701549423082,0.054076198599226244,0.054076198599226244,1.5464743002863511e-14,4.4236258850663791e-15,3.7324567839938781e-14,4.4236258850663791e-15,4.4236258850663791e-15,1.5690512575893089e-14,1.5690512575893089e-14,3.7324567839938781e-14,,,,,,,,
reference,m0,SSP5,2060,"AESA (PBs-LCIA), 0.9.1, climate change, energy imbalance at top-of-atmosphere",EI,W m-2,"electricity production, hydro, reservoir, alpine region",220000,220000,0.010862435453372728,0.0031071549999999999,0.026216776000000001,0.0031071549999999999,0.0031071549999999999,0.011021016,0.011021016,0.026216776000000001,9.6971170119809529e-06,0,1.5448213502735367e-05,0,1.1666562176237519e-05,1.1666562176237519e-05,1.5448213502735367e-05,1.5448213502735367e-05,0.0022276888648833661,0,0.0037547409692266784,0,0.0014017050245399669,0.0014017050245399669,0.0037547409692266784,0.0037547409692266784,1.5464743002863511e-14,4.4236258850663791e-15,3.7324567839938781e-14,4.4236258850663791e-15,4.4236258850663791e-15,1.5690512575893089e-14,1.5690512575893089e-14,3.7324567839938781e-14,1.1759362857222073e-15,0,1.8733521978830826e-15,0,1.4147641454018528e-15,1.4147641454018528e-15,1.8733521978830826e-15,1.8733521978830826e-15
reference,m0,SSP5,2060,"AESA (PBs-LCIA), 0.9.1, climate change, energy imbalance at top-of-atmosphere",EI,W m-2,"electricity production, hydro, run-of-river",220000,165020,0.010862435453372728,0.0031071549999999999,0.026216776000000001,0.0031071549999999999,0.0031071549999999999,0.011021016,0.011021016,0.026216776000000001,3.4975999741845003e-05,0,5.5366319868564976e-05,0,4.2256150912003736e-05,4.2256150912003736e-05,5.5366319868564976e-05,5.5366319868564976e-05,0.008055338858569858,0,0.013599627605318607,0,0.0050237037917887951,0.0050237037917887951,0.013599627605318607,0.013599627605318607,1.5464743002863511e-14,4.4236258850663791e-15,3.7324567839938781e-14,4.4236258850663791e-15,4.4236258850663791e-15,1.5690512575893089e-14,1.5690512575893089e-14,3.7324567839938781e-14,1.0770555105295085e-15,9.7604934969270897e-16,1.2788733143249658e-15,9.7604934969270897e-16,9.7604934969270897e-16,9.7604934969270897e-16,1.2788733143249658e-15,1.2788733143249658e-15
reference,m0,SSP5,2060,"AESA (PBs-LCIA), 0.9.1, climate change, energy imbalance at top-of-atmosphere",EI,W m-2,"electricity production, photovoltaic",220000,220000,0.010862435453372728,0.0031071549999999999,0.026216776000000001,0.0031071549999999999,0.0031071549999999999,0.011021016,0.011021016,0.026216776000000001,0.0011987111114975895,0.00082095051263948737,0.0015995387061571284,0.00082095051263948737,0.00082095051263948737,0.0015531287196301957,0.0015531287196301957,0.0015995387061571284,0.18258547541602566,0.061012029326456017,0.26421292553460879,0.061012029326456017,0.14092427772813285,0.14092427772813285,0.26421292553460879,0.26421292553460879,1.5464743002863511e-14,4.4236258850663791e-15,3.7324567839938781e-14,4.4236258850663791e-15,4.4236258850663791e-15,1.5690512575893089e-14,1.5690512575893089e-14,3.7324567839938781e-14,5.4257560848593263e-15,3.7158886729028416e-15,7.2400322697814506e-15,3.7158886729028416e-15,3.7158886729028416e-15,7.0299654810500868e-15,7.0299654810500868e-15,7.2400322697814506e-15
reference,m0,SSP5,2060,"AESA (PBs-LCIA), 0.9.1, climate change, energy imbalance at top-of-atmosphere",EI,W m-2,"electricity production, wave energy converter",220000,165020,0.010862435453372728,0.0031071549999999999,0.026216776000000001,0.0031071549999999999,0.0031071549999999999,0.011021016,0.011021016,0.026216776000000001,8.9555884230396835e-05,0,0.00013181668885130346,0,0.00011317572917250594,0.00011317572917250594,0.00013181668885130346,0.00013181668885130346,0.021200877147297854,0,0.036424230259676761,0,0.011960484301202673,0.011960484301202673,0.036424230259676761,0.036424230259676761,1.5464743002863511e-14,4.4236258850663791e-15,3.7324567839938781e-14,4.4236258850663791e-15,4.4236258850663791e-15,1.5690512575893089e-14,1.5690512575893089e-14,3.7324567839938781e-14,1.2650368163694927e-14,1.1991575116840803e-14,1.396668555236036e-14,1.1991575116840803e-14,1.1991575116840803e-14,1.1991575116840803e-14,1.396668555236036e-14,1.396668555236036e-14
reference,m0,SSP5,2060,"AESA (PBs-LCIA), 0.9.1, climate change, energy imbalance at top-of-atmosphere",EI,W m-2,"electricity production, wind, 1-3MW turbine, offshore",220000,220000,0.010862435453372728,0.0031071549999999999,0.026216776000000001,0.0031071549999999999,0.0031071549999999999,0.011021016,0.011021016,0.026216776000000001,0.00051370442763083138,0,0.00082977633117496436,0,0.00061232633125034568,0.00061232633125034568,0.00082977633117496436,0.00082977633117496436,0.11735214481913678,0,0.19706977323318139,0,0.07529036625797153,0.07529036625797153,0.19706977323318139,0.19706977323318139,1.5464743002863511e-14,4.4236258850663791e-15,3.7324567839938781e-14,4.4236258850663791e-15,4.4236258850663791e-15,1.5690512575893089e-14,1.5690512575893089e-14,3.7324567839938781e-14,2.800635332218507e-15,0,4.5238095480407177e-15,0,3.3383062789359172e-15,3.3383062789359172e-15,4.5238095480407177e-15,4.5238095480407177e-15
reference,m0,SSP5,2060,"AESA (PBs-LCIA), 0.9.1, climate change, energy imbalance at top-of-atmosphere",EI,W m-2,"electricity production, wind, 1-3MW turbine, onshore",220000,220000,0.010862435453372728,0.0031071549999999999,0.026216776000000001,0.0031071549999999999,0.0031071549999999999,0.011021016,0.011021016,0.026216776000000001,0.0003228940253319542,0,0.00053520139020560016,0,0.00037805861766292609,0.00037805861766292609,0.00053520139020560016,0.00053520139020560016,0.072974357765417719,0,0.12167356236265205,0,0.048561892134590869,0.048561892134590869,0.12167356236265205,0.12167356236265205,1.5464743002863511e-14,4.4236258850663791e-15,3.7324567839938781e-14,4.4236258850663791e-15,4.4236258850663791e-15,1.5690512575893089e-14,1.5690512575893089e-14,3.7324567839938781e-14,2.5631404920002783e-15,0,4.2484415798934065e-15,0,3.001038269468151e-15,3.001038269468151e-15,4.2484415798934065e-15,4.2484415798934065e-15
reference,m0,SSP5,2060,"AESA (PBs-LCIA), 0.9.1, climate change, energy imbalance at top-of-atmosphere",EI,W m-2,"heat and power co-generation, wood chips, 6667 kW",220000,220000,0.010862435453372728,0.0031071549999999999,0.026216776000000001,0.0031071549999999999,0.0031071549999999999,0.011021016,0.011021016,0.026216776000000001,0.00010669423410586134,0,0.00018618914639231016,0,0.00012024685398501481,0.00012024685398501481,0.00018618914639231016,0.00018618914639231016,0.02357285037384442,0,0.03869998567339409,0,0.016894009263057976,0.016894009263057976,0.03869998567339409,0.03869998567339409,1.5464743002863511e-14,4.4236258850663791e-15,3.7324567839938781e-14,4.4236258850663791e-15,4.4236258850663791e-15,1.5690512575893089e-14,1.5690512575893089e-14,3.7324567839938781e-14,1.3265867564017504e-14,0,2.3149898049031082e-14,0,1.4950937238984904e-14,1.4950937238984904e-14,2.3149898049031082e-14,2.3149898049031082e-14
reference,m0,SSP5,2060,"AESA (PBs-LCIA), 0.9.1, climate change, energy imbalance at top-of-atmosphere",EI,W m-2,transmission network construction,220000,220000,0.010862435453372728,0.0031071549999999999,0.026216776000000001,0.0031071549999999999,0.0031071549999999999,0.011021016,0.011021016,0.026216776000000001,0.00012070559078229498,0,0.0002050541340933853,0,0.00013883358783881126,0.00013883358783881126,0.0002050541340933853,0.0002050541340933853,0.026991468081000863,0,0.044681899628055646,0,0.018605737809779543,0.018605737809779543,0.044681899628055646,0.044681899628055646,1.5464743002863511e-14,4.4236258850663791e-15,3.7324567839938781e-14,4.4236258850663791e-15,4.4236258850663791e-15,1.5690512575893089e-14,1.5690512575893089e-14,3.7324567839938781e-14,,,,,,,,
reference,m0,SSP5,2060,"AESA (PBs-LCIA), 0.9.1, freshwater use, global",FWU,km3 yr-1,EU electricity market imports,220000,220000,0.76536560598818182,0.66699032300000005,0.83732839000000003,0.66699032300000005,0.66699032300000005,0.77862515300000001,0.77862515300000001,0.83732839000000003,0.31937052039653785,0.23318518972516736,0.38289924535270348,0.23318518972516736,0.23318518972516736,0.330745556064795,0.330745556064795,0.38289924535270348,0.41409716226381743,0.34960805529582972,0.45728683026345668,0.34960805529582972,0.34960805529582972,0.4247814943948966,0.4247814943948966,0.45728683026345668,1.08964351690594e-12,9.4958758995194793e-13,1.192096227690556e-12,9.4958758995194793e-13,9.4958758995194793e-13,1.1085210041530569e-12,1.1085210041530569e-12,1.192096227690556e-12,3.1442534837275088e-12,2.2957452183103241e-12,3.7697038682226239e-12,2.2957452183103241e-12,2.2957452183103241e-12,3.2562425161299098e-12,3.2562425161299098e-12,3.7697038682226239e-12
reference,m0,SSP5,2060,"AESA (PBs-LCIA), 0.9.1, freshwater use, global",FWU,km3 yr-1,Other life cycle contributions,220000,220000,0.76536560598818182,0.66699032300000005,0.83732839000000003,0.66699032300000005,0.66699032300000005,0.77862515300000001,0.77862515300000001,0.83732839000000003,0.012926468951841692,-1.4184855031701445e-16,0.051724684783651879,-1.4184855031701445e-16,-1.4184855031701445e-16,0,0,0.051724684783651879,0.015437753104061936,-2.1266957769193069e-16,0.06177347549824732,-2.1266957769193069e-16,-2.1266957769193069e-16,0,0,0.06177347549824732,1.08964351690594e-12,9.4958758995194793e-13,1.192096227690556e-12,9.4958758995194793e-13,9.4958758995194793e-13,1.1085210041530569e-12,1.1085210041530569e-12,1.192096227690556e-12,,,,,,,,
reference,m0,SSP5,2060,"AESA (PBs-LCIA), 0.9.1, freshwater use, global",FWU,km3 yr-1,Transmission corona,220000,220000,0.76536560598818182,0.66699032300000005,0.83732839000000003,0.66699032300000005,0.66699032300000005,0.77862515300000001,0.77862515300000001,0.83732839000000003,1.5806534990242497e-13,-3.1429233687847985e-13,4.734915690865335e-13,-3.1429233687847985e-13,-3.1429233687847985e-13,0,4.734915690865335e-13,4.734915690865335e-13,1.8610296888071497e-13,-4.7120974029255864e-13,6.0811234682336741e-13,-4.7120974029255864e-13,-4.7120974029255864e-13,0,6.0811234682336741e-13,6.0811234682336741e-13,1.08964351690594e-12,9.4958758995194793e-13,1.192096227690556e-12,9.4958758995194793e-13,9.4958758995194793e-13,1.1085210041530569e-12,1.1085210041530569e-12,1.192096227690556e-12,,,,,,,,
reference,m0,SSP5,2060,"AESA (PBs-LCIA), 0.9.1, freshwater use, global",FWU,km3 yr-1,"electricity production, hydro, reservoir, alpine region",220000,220000,0.76536560598818182,0.66699032300000005,0.83732839000000003,0.66699032300000005,0.66699032300000005,0.77862515300000001,0.77862515300000001,0.83732839000000003,0.24901326554004535,0.24898662686572706,0.24902926213003571,0.24898662686572706,0.24898662686572706,0.24900793583720543,0.24902926213003571,0.24902926213003571,0.3275989008207767,0.29738384463138223,0.37329870956122857,0.29738384463138223,0.31983202850632247,0.31983202850632247,0.37329870956122857,0.37329870956122857,1.08964351690594e-12,9.4958758995194793e-13,1.192096227690556e-12,9.4958758995194793e-13,9.4958758995194793e-13,1.1085210041530569e-12,1.1085210041530569e-12,1.192096227690556e-12,3.0196989896719758e-11,3.0193759512555086e-11,3.0198929749773256e-11,3.0193759512555086e-11,3.0193759512555086e-11,3.0196343582534132e-11,3.0198929749773256e-11,3.0198929749773256e-11
reference,m0,SSP5,2060,"AESA (PBs-LCIA), 0.9.1, freshwater use, global",FWU,km3 yr-1,"electricity production, hydro, run-of-river",220000,165020,0.76536560598818182,0.66699032300000005,0.83732839000000003,0.66699032300000005,0.66699032300000005,0.77862515300000001,0.77862515300000001,0.83732839000000003,0.0014434325469914993,0,0.0019798244307244932,0,0.001813488410593938,0.001813488410593938,0.0019798244307244932,0.0019798244307244932,0.0019513521032317779,0,0.0027189126259541518,0,0.0025427183068724899,0.0025427183068724899,0.0027189126259541518,0.0027189126259541518,1.08964351690594e-12,9.4958758995194793e-13,1.192096227690556e-12,9.4958758995194793e-13,9.4958758995194793e-13,1.1085210041530569e-12,1.1085210041530569e-12,1.192096227690556e-12,4.4449252141044504e-14,4.1888677688465838e-14,4.5730773345456608e-14,4.1888677688465838e-14,4.1888677688465838e-14,4.5730773345456608e-14,4.5730773345456608e-14,4.5730773345456608e-14
reference,m0,SSP5,2060,"AESA (PBs-LCIA), 0.9.1, freshwater use, global",FWU,km3 yr-1,"electricity production, photovoltaic",220000,220000,0.76536560598818182,0.66699032300000005,0.83732839000000003,0.66699032300000005,0.66699032300000005,0.77862515300000001,0.77862515300000001,0.83732839000000003,0.10634537597714289,0.09985717150309395,0.11021483006928713,0.09985717150309395,0.09985717150309395,0.10765819458335969,0.10765819458335969,0.11021483006928713,0.13947126900387211,0.13162676840479173,0.14971307387782587,0.13162676840479173,0.13826703924033096,0.13826703924033096,0.14971307387782587,0.14971307387782587,1.08964351690594e-12,9.4958758995194793e-13,1.192096227690556e-12,9.4958758995194793e-13,9.4958758995194793e-13,1.1085210041530569e-12,1.1085210041530569e-12,1.192096227690556e-12,4.8135374148871823e-13,4.5198601886614511e-13,4.9886814856852267e-13,4.5198601886614511e-13,4.5198601886614511e-13,4.8729598527696701e-13,4.8729598527696701e-13,4.9886814856852267e-13
reference,m0,SSP5,2060,"AESA (PBs-LCIA), 0.9.1, freshwater use, global",FWU,km3 yr-1,"electricity production, wave energy converter",220000,165020,0.76536560598818182,0.66699032300000005,0.83732839000000003,0.66699032300000005,0.66699032300000005,0.77862515300000001,0.77862515300000001,0.83732839000000003,0.0020486683341461066,0,0.0028072517794249055,0,0.0025793230135996372,0.0025793230135996372,0.0028072517794249055,0.0028072517794249055,0.0027698523518609316,0,0.0038671070998426418,0,0.0036053957011390118,0.0036053957011390118,0.0038671070998426418,0.0038671070998426418,1.08964351690594e-12,9.4958758995194793e-13,1.192096227690556e-12,9.4958758995194793e-13,9.4958758995194793e-13,1.1085210041530569e-12,1.1085210041530569e-12,1.192096227690556e-12,2.893881269249627e-13,2.7329311397376652e-13,2.9744338982172153e-13,2.7329311397376652e-13,2.7329311397376652e-13,2.9744338982172153e-13,2.9744338982172153e-13,2.9744338982172153e-13
reference,m0,SSP5,2060,"AESA (PBs-LCIA), 0.9.1, freshwater use, global",FWU,km3 yr-1,"electricity production, wind, 1-3MW turbine, offshore",220000,220000,0.76536560598818182,0.66699032300000005,0.83732839000000003,0.66699032300000005,0.66699032300000005,0.77862515300000001,0.77862515300000001,0.83732839000000003,0.0443329142145183,0.042720419349231445,0.045565479201380474,0.042720419349231445,0.042720419349231445,0.043481693957151811,0.045565479201380474,0.045565479201380474,0.058256523844091711,0.051929081202121675,0.064049533967873537,0.051929081202121675,0.058520430563820322,0.058520430563820322,0.064049533967873537,0.064049533967873537,1.08964351690594e-12,9.4958758995194793e-13,1.192096227690556e-12,9.4958758995194793e-13,9.4958758995194793e-13,1.1085210041530569e-12,1.1085210041530569e-12,1.192096227690556e-12,2.4169604813933457e-13,2.3290498072347677e-13,2.4841579783478327e-13,2.3290498072347677e-13,2.3290498072347677e-13,2.370553297089525e-13,2.4841579783478327e-13,2.4841579783478327e-13
reference,m0,SSP5,2060,"AESA (PBs-LCIA), 0.9.1, freshwater use, global",FWU,km3 yr-1,"electricity production, wind, 1-3MW turbine, onshore",220000,220000,0.76536560598818182,0.66699032300000005,0.83732839000000003,0.66699032300000005,0.66699032300000005,0.77862515300000001,0.77862515300000001,0.83732839000000003,0.017566317422653698,0,0.024149812671254909,0,0.021958535936640041,0.021958535936640041,0.024149812671254909,0.024149812671254909,0.023741622594336001,0,0.032921820871215306,0,0.031015967796836522,0.031015967796836522,0.032921820871215306,0.032921820871215306,1.08964351690594e-12,9.4958758995194793e-13,1.192096227690556e-12,9.4958758995194793e-13,9.4958758995194793e-13,1.1085210041530569e-12,1.1085210041530569e-12,1.192096227690556e-12,1.3944185219149391e-13,0,1.9170179657324148e-13,0,1.7430738887752456e-13,1.7430738887752456e-13,1.9170179657324148e-13,1.9170179657324148e-13
reference,m0,SSP5,2060,"AESA (PBs-LCIA), 0.9.1, freshwater use, global",FWU,km3 yr-1,"heat and power co-generation, wood chips, 6667 kW",220000,220000,0.76536560598818182,0.66699032300000005,0.83732839000000003,0.66699032300000005,0.66699032300000005,0.77862515300000001,0.77862515300000001,0.83732839000000003,0.0083327441571141147,0,0.011157441585216881,0,0.011012147158644726,0.011012147158644726,0.011157441585216881,0.011157441585216881,0.011294105360742485,0,0.016510205289207359,0,0.014329670114339192,0.014329670114339192,0.016510205289207359,0.016510205289207359,1.08964351690594e-12,9.4958758995194793e-13,1.192096227690556e-12,9.4958758995194793e-13,9.4958758995194793e-13,1.1085210041530569e-12,1.1085210041530569e-12,1.192096227690556e-12,1.036054898637478e-12,0,1.3872647225426403e-12,0,1.369199484837954e-12,1.369199484837954e-12,1.3872647225426403e-12,1.3872647225426403e-12
reference,m0,SSP5,2060,"AESA (PBs-LCIA), 0.9.1, freshwater use, global",FWU,km3 yr-1,transmission network construction,220000,220000,0.76536560598818182,0.66699032300000005,0.83732839000000003,0.66699032300000005,0.66699032300000005,0.77862515300000001,0.77862515300000001,0.83732839000000003,0.0039858984470323815,0,0.0055323305533347827,0,0.0048774210376162077,0.0048774210376162077,0.0055323305533347827,0.0055323305533347827,0.005381458553022871,0,0.0073125814114940423,0,0.0071052553748347531,0.0071052553748347531,0.0073125814114940423,0.0073125814114940423,1.08964351690594e-12,9.4958758995194793e-13,1.192096227690556e-12,9.4958758995194793e-13,9.4958758995194793e-13,1.1085210041530569e-12,1.1085210041530569e-12,1.192096227690556e-12,,,,,,,,
reference,m0,SSP5,2060,"AESA (PBs-LCIA), 0.9.1, land-system change, global",LSC,%,EU electricity market imports,220000,220000,1.2002057727272728e-06,6.1500000000000004e-07,2.0999999999999998e-06,6.1500000000000004e-07,6.1500000000000004e-07,1.4699999999999999e-06,2.0999999999999998e-06,2.0999999999999998e-06,4.8239006693485999e-07,5.6739224845012755e-08,1.3535801339205383e-06,5.6739224845012755e-08,5.6739224845012755e-08,4.6165861266660806e-07,1.3535801339205383e-06,1.3535801339205383e-06,0.28586858926107395,0.092258902187012604,0.64456196853358971,0.092258902187012604,0.092258902187012604,0.31405347800449529,0.64456196853358971,0.64456196853358971,1.7113270217470919e-18,8.7496671076385125e-19,2.9954602943050501e-18,8.7496671076385125e-19,8.7496671076385125e-19,2.0987400936492329e-18,2.9954602943050501e-18,2.9954602943050501e-18,4.7585937614108959e-18,5.5822211788268643e-19,1.335166637355367e-17,5.5822211788268643e-19,5.5822211788268643e-19,4.5579493433385574e-18,1.335166637355367e-17,1.335166637355367e-17
reference,m0,SSP5,2060,"AESA (PBs-LCIA), 0.9.1, land-system change, global",LSC,%,Other life cycle contributions,220000,220000,1.2002057727272728e-06,6.1500000000000004e-07,2.0999999999999998e-06,6.1500000000000004e-07,6.1500000000000004e-07,1.4699999999999999e-06,2.0999999999999998e-06,2.0999999999999998e-06,-5.2529262479815069e-09,-2.1019348391341334e-08,2.7003882447732541e-22,-2.1019348391341334e-08,0,0,2.7003882447732541e-22,2.7003882447732541e-22,-0.0035734192163139637,-0.014298876456694781,1.2858991641777403e-16,-0.014298876456694781,0,0,1.2858991641777403e-16,1.2858991641777403e-16,1.7113270217470919e-18,8.7496671076385125e-19,2.9954602943050501e-18,8.7496671076385125e-19,8.7496671076385125e-19,2.0987400936492329e-18,2.9954602943050501e-18,2.9954602943050501e-18,,,,,,,,
reference,m0,SSP5,2060,"AESA (PBs-LCIA), 0.9.1, land-system change, global",LSC,%,Transmission corona,220000,220000,1.2002057727272728e-06,6.1500000000000004e-07,2.0999999999999998e-06,6.1500000000000004e-07,6.1500000000000004e-07,1.4699999999999999e-06,2.0999999999999998e-06,2.0999999999999998e-06,-2.6585124434881368e-21,-1.4818380493193231e-20,2.0982429353048044e-21,-1.4818380493193231e-20,-1.4818380493193231e-20,0,2.0982429353048044e-21,2.0982429353048044e-21,-5.9892653780317331e-17,-7.0563716634253488e-15,3.4117771305769174e-15,-7.0563716634253488e-15,-7.0563716634253488e-15,0,3.4117771305769174e-15,3.4117771305769174e-15,1.7113270217470919e-18,8.7496671076385125e-19,2.9954602943050501e-18,8.7496671076385125e-19,8.7496671076385125e-19,2.0987400936492329e-18,2.9954602943050501e-18,2.9954602943050501e-18,,,,,,,,
reference,m0,SSP5,2060,"AESA (PBs-LCIA), 0.9.1, land-system change, global",LSC,%,"electricity production, hydro, reservoir, alpine region",220000,220000,1.2002057727272728e-06,6.1500000000000004e-07,2.0999999999999998e-06,6.1500000000000004e-07,6.1500000000000004e-07,1.4699999999999999e-06,2.0999999999999998e-06,2.0999999999999998e-06,-7.6413565062435079e-09,-1.0340687016563345e-08,0,-1.0340687016563345e-08,-1.0340687016563345e-08,-9.8806430483261509e-09,-9.8806430483261509e-09,0,-0.0095825464724088889,-0.016814125230184298,0,-0.016814125230184298,-0.016814125230184298,-0.0047050681182505489,-0.0047050681182505489,0,1.7113270217470919e-18,8.7496671076385125e-19,2.9954602943050501e-18,8.7496671076385125e-19,8.7496671076385125e-19,2.0987400936492329e-18,2.9954602943050501e-18,2.9954602943050501e-18,-9.2678232363238065e-19,-1.2531165924800992e-18,0,-1.2531165924800992e-18,-1.2531165924800992e-18,-1.200480625546808e-18,-1.200480625546808e-18,0
reference,m0,SSP5,2060,"AESA (PBs-LCIA), 0.9.1, land-system change, global",LSC,%,"electricity production, hydro, run-of-river",220000,165020,1.2002057727272728e-06,6.1500000000000004e-07,2.0999999999999998e-06,6.1500000000000004e-07,6.1500000000000004e-07,1.4699999999999999e-06,2.0999999999999998e-06,2.0999999999999998e-06,-1.7265249229781119e-08,-2.3565574475908695e-08,0,-2.3565574475908695e-08,-2.3565574475908695e-08,-2.1922533353445736e-08,-2.1922533353445736e-08,0,-0.021766990195019681,-0.038318007277900315,0,-0.038318007277900315,-0.038318007277900315,-0.010439301596878923,-0.010439301596878923,0,1.7113270217470919e-18,8.7496671076385125e-19,2.9954602943050501e-18,8.7496671076385125e-19,8.7496671076385125e-19,2.0987400936492329e-18,2.9954602943050501e-18,2.9954602943050501e-18,-5.3174124586791097e-19,-5.4395229694516742e-19,-5.0734265978138612e-19,-5.4395229694516742e-19,-5.4395229694516742e-19,-5.4395229694516742e-19,-5.0734265978138612e-19,-5.0734265978138612e-19
reference,m0,SSP5,2060,"AESA (PBs-LCIA), 0.9.1, land-system change, global",LSC,%,"electricity production, photovoltaic",220000,220000,1.2002057727272728e-06,6.1500000000000004e-07,2.0999999999999998e-06,6.1500000000000004e-07,6.1500000000000004e-07,1.4699999999999999e-06,2.0999999999999998e-06,2.0999999999999998e-06,2.8916407189150056e-07,2.448657126439154e-07,3.549970769732601e-07,2.448657126439154e-07,2.448657126439154e-07,3.1191663055462633e-07,3.1191663055462633e-07,3.549970769732601e-07,0.29655098635183186,0.14853172883553636,0.39815563031530954,0.14853172883553636,0.14853172883553636,0.24149461018589125,0.39815563031530954,0.39815563031530954,1.7113270217470919e-18,8.7496671076385125e-19,2.9954602943050501e-18,8.7496671076385125e-19,8.7496671076385125e-19,2.0987400936492329e-18,2.9954602943050501e-18,2.9954602943050501e-18,1.3102789155014897e-18,1.1075788018109074e-18,1.6113739750819869e-18,1.1075788018109074e-18,1.1075788018109074e-18,1.41453288025072e-18,1.41453288025072e-18,1.6113739750819869e-18
reference,m0,SSP5,2060,"AESA (PBs-LCIA), 0.9.1, land-system change, global",LSC,%,"electricity production, wave energy converter",220000,165020,1.2002057727272728e-06,6.1500000000000004e-07,2.0999999999999998e-06,6.1500000000000004e-07,6.1500000000000004e-07,1.4699999999999999e-06,2.0999999999999998e-06,2.0999999999999998e-06,3.0865173634319811e-08,0,4.2402800807577393e-08,0,4.0520860876717929e-08,4.0520860876717929e-08,4.2402800807577393e-08,4.2402800807577393e-08,0.037989007849964812,0,0.065887578661329965,0,0.02019180990837019,0.02019180990837019,0.065887578661329965,0.065887578661329965,1.7113270217470919e-18,8.7496671076385125e-19,2.9954602943050501e-18,8.7496671076385125e-19,8.7496671076385125e-19,2.0987400936492329e-18,2.9954602943050501e-18,2.9954602943050501e-18,4.3608051995329179e-18,4.2904469516257043e-18,4.5013861992847363e-18,4.2904469516257043e-18,4.2904469516257043e-18,4.2904469516257043e-18,4.5013861992847363e-18,4.5013861992847363e-18
reference,m0,SSP5,2060,"AESA (PBs-LCIA), 0.9.1, land-system change, global",LSC,%,"electricity production, wind, 1-3MW turbine, offshore",220000,220000,1.2002057727272728e-06,6.1500000000000004e-07,2.0999999999999998e-06,6.1500000000000004e-07,6.1500000000000004e-07,1.4699999999999999e-06,2.0999999999999998e-06,2.0999999999999998e-06,7.7806688765912982e-08,6.9249129968826086e-08,8.6573203438818004e-08,6.9249129968826086e-08,6.9249129968826086e-08,8.6148686234567893e-08,8.6148686234567893e-08,8.6573203438818004e-08,0.081270453302193124,0.041023183921222811,0.11260021133142452,0.041023183921222811,0.041023183921222811,0.05889333567266531,0.11260021133142452,0.11260021133142452,1.7113270217470919e-18,8.7496671076385125e-19,2.9954602943050501e-18,8.7496671076385125e-19,8.7496671076385125e-19,2.0987400936492329e-18,2.9954602943050501e-18,2.9954602943050501e-18,4.2461771123348365e-19,3.7727541666763975e-19,4.7331752412371781e-19,3.7727541666763975e-19,3.7727541666763975e-19,4.7056617166474175e-19,4.7056617166474175e-19,4.7331752412371781e-19
reference,m0,SSP5,2060,"AESA (PBs-LCIA), 0.9.1, land-system change, global",LSC,%,"electricity production, wind, 1-3MW turbine, onshore",220000,220000,1.2002057727272728e-06,6.1500000000000004e-07,2.0999999999999998e-06,6.1500000000000004e-07,6.1500000000000004e-07,1.4699999999999999e-06,2.0999999999999998e-06,2.0999999999999998e-06,-3.8441618050525004e-08,-5.518111024391639e-08,0,-5.518111024391639e-08,-5.518111024391639e-08,-4.3393187542423323e-08,-4.3393187542423323e-08,0,-0.050023519212008961,-0.089725382510433146,0,-0.089725382510433146,-0.089725382510433146,-0.020663422639249203,-0.020663422639249203,0,1.7113270217470919e-18,8.7496671076385125e-19,2.9954602943050501e-18,8.7496671076385125e-19,8.7496671076385125e-19,2.0987400936492329e-18,2.9954602943050501e-18,2.9954602943050501e-18,-3.0516436384248818e-19,-4.3772743560283601e-19,0,-4.3772743560283601e-19,-4.3772743560283601e-19,-3.451141334366247e-19,-3.451141334366247e-19,0
reference,m0,SSP5,2060,"AESA (PBs-LCIA), 0.9.1, land-system change, global",LSC,%,"heat and power co-generation, wood chips, 6667 kW",220000,220000,1.2002057727272728e-06,6.1500000000000004e-07,2.0999999999999998e-06,6.1500000000000004e-07,6.1500000000000004e-07,1.4699999999999999e-06,2.0999999999999998e-06,2.0999999999999998e-06,2.9469668577704447e-07,1.9716317662008045e-07,5.0482743066557435e-07,1.9716317662008045e-07,1.9716317662008045e-07,2.7968182287404712e-07,2.7968182287404712e-07,5.0482743066557435e-07,0.27940787242932369,0.13318182041621293,0.34342002086093493,0.13318182041621293,0.13318182041621293,0.3205905310895617,0.3205905310895617,0.34342002086093493,1.7113270217470919e-18,8.7496671076385125e-19,2.9954602943050501e-18,8.7496671076385125e-19,8.7496671076385125e-19,2.0987400936492329e-18,2.9954602943050501e-18,2.9954602943050501e-18,3.6693744360953964e-17,2.4497481844234555e-17,6.2945326843309136e-17,2.4497481844234555e-17,2.4497481844234555e-17,3.4840769436058068e-17,3.4840769436058068e-17,6.2945326843309136e-17
reference,m0,SSP5,2060,"AESA (PBs-LCIA), 0.9.1, land-system change, global",LSC,%,transmission network construction,220000,220000,1.2002057727272728e-06,6.1500000000000004e-07,2.0999999999999998e-06,6.1500000000000004e-07,6.1500000000000004e-07,1.4699999999999999e-06,2.0999999999999998e-06,2.0999999999999998e-06,9.3884235758168631e-08,8.2963024647080557e-08,1.0146628955285228e-07,8.2963024647080557e-08,9.5549266781833767e-08,9.5549266781833767e-08,1.0146628955285228e-07,1.0146628955285228e-07,0.10385956590136407,0.048317280739453475,0.15536466143387603,0.048317280739453475,0.048317280739453475,0.05643743173270787,0.15536466143387603,0.15536466143387603,1.7113270217470919e-18,8.7496671076385125e-19,2.9954602943050501e-18,8.7496671076385125e-19,8.7496671076385125e-19,2.0987400936492329e-18,2.9954602943050501e-18,2.9954602943050501e-18,,,,,,,,
reference,m0,SSP5,2060,"AESA (PBs-LCIA), 0.9.1, ocean acidification, carbonate ion concentration",OA,aragonite saturation,EU electricity market imports,220000,220000,0.0024307535821818183,0.00060966000000000004,0.0060091379999999998,0.00060966000000000004,0.00060966000000000004,0.0024950800000000002,0.0024950800000000002,0.0060091379999999998,0.0017789926103938553,0.00011612245872378046,0.0051833483136061176,0.00011612245872378046,0.00011612245872378046,0.0017010095606820228,0.0017010095606820228,0.0051833483136061176,0.48134890823487314,0.1904708505130408,0.86257767979469235,0.1904708505130408,0.1904708505130408,0.6817454994156591,0.6817454994156591,0.86257767979469235,3.4606399966687202e-15,8.6796643416417212e-16,8.5551511523901262e-15,8.6796643416417212e-16,8.6796643416417212e-16,3.5522215110679489e-15,3.5522215110679489e-15,8.5551511523901262e-15,1.7514465375824525e-14,1.143243337620348e-15,5.1030888591613881e-14,1.143243337620348e-15,1.143243337620348e-15,1.6746711822420216e-14,1.6746711822420216e-14,5.1030888591613881e-14
reference,m0,SSP5,2060,"AESA (PBs-LCIA), 0.9.1, ocean acidification, carbonate ion concentration",OA,aragonite saturation,Other life cycle contributions,220000,220000,0.0024307535821818183,0.00060966000000000004,0.0060091379999999998,0.00060966000000000004,0.00060966000000000004,0.0024950800000000002,0.0024950800000000002,0.0060091379999999998,0.00011669059063786744,-6.9262030267934726e-20,0.00046693215606276545,-6.9262030267934726e-20,-6.9262030267934726e-20,0,0,0.00046693215606276545,0.019418856853989228,-1.1360763420256326e-16,0.077703683300793802,-1.1360763420256326e-16,-1.1360763420256326e-16,0,0,0.077703683300793802,3.4606399966687202e-15,8.6796643416417212e-16,8.5551511523901262e-15,8.6796643416417212e-16,8.6796643416417212e-16,3.5522215110679489e-15,3.5522215110679489e-15,8.5551511523901262e-15,,,,,,,,
reference,m0,SSP5,2060,"AESA (PBs-LCIA), 0.9.1, ocean acidification, carbonate ion concentration",OA,aragonite saturation,Transmission corona,220000,220000,0.0024307535821818183,0.00060966000000000004,0.0060091379999999998,0.00060966000000000004,0.00060966000000000004,0.0024950800000000002,0.0024950800000000002,0.0060091379999999998,1.3503177056692398e-19,-1.1904411452301283e-19,7.7757390995485586e-19,-1.1904411452301283e-19,-1.1904411452301283e-19,0,7.7757390995485586e-19,7.7757390995485586e-19,-1.964181958128117e-17,-1.9526312128565565e-16,3.1164287716420148e-16,-1.9526312128565565e-16,-1.9526312128565565e-16,0,3.1164287716420148e-16,3.1164287716420148e-16,3.4606399966687202e-15,8.6796643416417212e-16,8.5551511523901262e-15,8.6796643416417212e-16,8.6796643416417212e-16,3.5522215110679489e-15,3.5522215110679489e-15,8.5551511523901262e-15,,,,,,,,
reference,m0,SSP5,2060,"AESA (PBs-LCIA), 0.9.1, ocean acidification, carbonate ion concentration",OA,aragonite saturation,"electricity production, hydro, reservoir, alpine region",220000,220000,0.0024307535821818183,0.00060966000000000004,0.0060091379999999998,0.00060966000000000004,0.00060966000000000004,0.0024950800000000002,0.0024950800000000002,0.0060091379999999998,2.2041112373354901e-06,0,3.5337463349642436e-06,0,2.6405281642210803e-06,2.6405281642210803e-06,3.5337463349642436e-06,3.5337463349642436e-06,0.0025194831022411074,0,0.0043311487783700428,0,0.001416285784409415,0.001416285784409415,0.0043311487783700428,0.0043311487783700428,3.4606399966687202e-15,8.6796643416417212e-16,8.5551511523901262e-15,8.6796643416417212e-16,8.6796643416417212e-16,3.5522215110679489e-15,3.5522215110679489e-15,8.5551511523901262e-15,2.6728497430522517e-16,0,4.2852543922156765e-16,0,3.2020765172594528e-16,3.2020765172594528e-16,4.2852543922156765e-16,4.2852543922156765e-16
reference,m0,SSP5,2060,"AESA (PBs-LCIA), 0.9.1, ocean acidification, carbonate ion concentration",OA,aragonite saturation,"electricity production, hydro, run-of-river",220000,165020,0.0024307535821818183,0.00060966000000000004,0.0060091379999999998,0.00060966000000000004,0.00060966000000000004,0.0024950800000000002,0.0024950800000000002,0.0060091379999999998,8.0356683476501779e-06,0,1.2776476043077331e-05,0,9.6801564141917172e-06,9.6801564141917172e-06,1.2776476043077331e-05,1.2776476043077331e-05,0.0092185362018712951,0,0.015877958885594786,0,0.005120667891641683,0.005120667891641683,0.015877958885594786,0.015877958885594786,3.4606399966687202e-15,8.6796643416417212e-16,8.5551511523901262e-15,8.6796643416417212e-16,8.6796643416417212e-16,3.5522215110679489e-15,3.5522215110679489e-15,8.5551511523901262e-15,2.4745135365691211e-16,2.2359597062799748e-16,2.9511617896765614e-16,2.2359597062799748e-16,2.2359597062799748e-16,2.2359597062799748e-16,2.9511617896765614e-16,2.9511617896765614e-16
reference,m0,SSP5,2060,"AESA (PBs-LCIA), 0.9.1, ocean acidification, carbonate ion concentration",OA,aragonite saturation,"electricity production, photovoltaic",220000,220000,0.0024307535821818183,0.00060966000000000004,0.0060091379999999998,0.00060966000000000004,0.00060966000000000004,0.0024950800000000002,0.0024950800000000002,0.0060091379999999998,0.00026462996099444998,0.00017565261231871899,0.00035885753033111623,0.00017565261231871899,0.00017565261231871899,0.00034829187536038203,0.00034829187536038203,0.00035885753033111623,0.19387778012511755,0.059718636904513803,0.28811569123563785,0.059718636904513803,0.13959146614953508,0.13959146614953508,0.28811569123563785,0.28811569123563785,3.4606399966687202e-15,8.6796643416417212e-16,8.5551511523901262e-15,8.6796643416417212e-16,8.6796643416417212e-16,3.5522215110679489e-15,3.5522215110679489e-15,8.5551511523901262e-15,1.197801054042952e-15,7.9506033147708819e-16,1.6243058817127063e-15,7.9506033147708819e-16,7.9506033147708819e-16,1.5764824929635121e-15,1.5764824929635121e-15,1.6243058817127063e-15
reference,m0,SSP5,2060,"AESA (PBs-LCIA), 0.9.1, ocean acidification, carbonate ion concentration",OA,aragonite saturation,"electricity production, wave energy converter",220000,165020,0.0024307535821818183,0.00060966000000000004,0.0060091379999999998,0.00060966000000000004,0.00060966000000000004,0.0024950800000000002,0.0024950800000000002,0.0060091379999999998,2.0515383093449191e-05,0,3.0287309973160488e-05,0,2.588072309931188e-05,2.588072309931188e-05,3.0287309973160488e-05,3.0287309973160488e-05,0.024258313681806021,0,0.04245107617247626,0,0.01213881317358982,0.01213881317358982,0.04245107617247626,0.04245107617247626,3.4606399966687202e-15,8.6796643416417212e-16,8.5551511523901262e-15,8.6796643416417212e-16,8.6796643416417212e-16,3.5522215110679489e-15,3.5522215110679489e-15,8.5551511523901262e-15,2.8979343384267196e-15,2.742199793829905e-15,3.209103513705025e-15,2.742199793829905e-15,2.742199793829905e-15,2.742199793829905e-15,3.209103513705025e-15,3.209103513705025e-15
reference,m0,SSP5,2060,"AESA (PBs-LCIA), 0.9.1, ocean acidification, carbonate ion concentration",OA,aragonite saturation,"electricity production, wind, 1-3MW turbine, offshore",220000,220000,0.0024307535821818183,0.00060966000000000004,0.0060091379999999998,0.00060966000000000004,0.00060966000000000004,0.0024950800000000002,0.0024950800000000002,0.0060091379999999998,0.00011680419889866107,0,0.00018993885057161931,0,0.00013859416923877834,0.00013859416923877834,0.00018993885057161931,0.00018993885057161931,0.13268827112827483,0,0.22733026480132917,0,0.07612535492714434,0.07612535492714434,0.22733026480132917,0.22733026480132917,3.4606399966687202e-15,8.6796643416417212e-16,8.5551511523901262e-15,8.6796643416417212e-16,8.6796643416417212e-16,3.5522215110679489e-15,3.5522215110679489e-15,8.5551511523901262e-15,6.367978558768971e-16,0,1.0355167832247406e-15,0,7.5559305961793441e-16,7.5559305961793441e-16,1.0355167832247406e-15,1.0355167832247406e-15
reference,m0,SSP5,2060,"AESA (PBs-LCIA), 0.9.1, ocean acidification, carbonate ion concentration",OA,aragonite saturation,"electricity production, wind, 1-3MW turbine, onshore",220000,220000,0.0024307535821818183,0.00060966000000000004,0.0060091379999999998,0.00060966000000000004,0.00060966000000000004,0.0024950800000000002,0.0024950800000000002,0.0060091379999999998,7.3275592224164815e-05,0,0.00012240456454553134,0,8.5319229733229606e-05,8.5319229733229606e-05,0.00012240456454553134,0.00012240456454553134,0.082232760397946122,0,0.13994559218782535,0,0.049058372695677629,0.049058372695677629,0.13994559218782535,0.13994559218782535,3.4606399966687202e-15,8.6796643416417212e-16,8.5551511523901262e-15,8.6796643416417212e-16,8.6796643416417212e-16,3.5522215110679489e-15,3.5522215110679489e-15,8.5551511523901262e-15,5.8166325034344438e-16,0,9.7165054254920581e-16,0,6.7726568870650837e-16,6.7726568870650837e-16,9.7165054254920581e-16,9.7165054254920581e-16
reference,m0,SSP5,2060,"AESA (PBs-LCIA), 0.9.1, ocean acidification, carbonate ion concentration",OA,aragonite saturation,"heat and power co-generation, wood chips, 6667 kW",220000,220000,0.0024307535821818183,0.00060966000000000004,0.0060091379999999998,0.00060966000000000004,0.00060966000000000004,0.0024950800000000002,0.0024950800000000002,0.0060091379999999998,2.2971262214296501e-05,0,4.0933581377610708e-05,0,2.5465197593689475e-05,2.5465197593689475e-05,4.0933581377610708e-05,4.0933581377610708e-05,0.024985138265691698,0,0.041769506927942582,0,0.016405719006048185,0.016405719006048185,0.041769506927942582,0.041769506927942582,3.4606399966687202e-15,8.6796643416417212e-16,8.5551511523901262e-15,8.6796643416417212e-16,8.6796643416417212e-16,3.5522215110679489e-15,3.5522215110679489e-15,8.5551511523901262e-15,2.856139801652854e-15,0,5.0894931259505293e-15,0,3.1662230239235013e-15,3.1662230239235013e-15,5.0894931259505293e-15,5.0894931259505293e-15
reference,m0,SSP5,2060,"AESA (PBs-LCIA), 0.9.1, ocean acidification, carbonate ion concentration",OA,aragonite saturation,transmission network construction,220000,220000,0.0024307535821818183,0.00060966000000000004,0.0060091379999999998,0.00060966000000000004,0.00060966000000000004,0.0024950800000000002,0.0024950800000000002,0.0060091379999999998,2.6634204140087927e-05,0,4.5904035111631226e-05,0,3.0304924714078618e-05,3.0304924714078618e-05,4.5904035111631226e-05,4.5904035111631226e-05,0.029451952008189002,0,0.049707910497783378,0,0.018397820956294476,0.018397820956294476,0.049707910497783378,0.049707910497783378,3.4606399966687202e-15,8.6796643416417212e-16,8.5551511523901262e-15,8.6796643416417212e-16,8.6796643416417212e-16,3.5522215110679489e-15,3.5522215110679489e-15,8.5551511523901262e-15,,,,,,,,
reference,m0,SSP5,2060,"AESA (PBs-LCIA), 0.9.1, ozone depletion, stratospheric O3 concentration",SOD,DU,EU electricity market imports,220000,220000,0.00068566591707272734,0.00060782800000000004,0.00085099800000000005,0.00060782800000000004,0.00060782800000000004,0.00067604600000000003,0.00067604600000000003,0.00085099800000000005,8.3305566823535214e-05,1.2247487792913429e-05,0.00023916552833180539,1.2247487792913429e-05,1.2247487792913429e-05,6.9600482195524447e-05,6.9600482195524447e-05,0.00023916552833180539,0.10606526814253441,0.020149594610504005,0.28104123432934669,0.020149594610504005,0.020149594610504005,0.10295228755961051,0.10295228755961051,0.28104123432934669,9.7617546751527791e-16,8.653581101284357e-16,1.211556887086127e-15,8.653581101284357e-16,8.653581101284357e-16,9.6248048700375691e-16,9.6248048700375691e-16,1.211556887086127e-15,8.2015625515668373e-16,1.2057837002478828e-16,2.3546213764348017e-15,1.2057837002478828e-16,1.2057837002478828e-16,6.8522809635367293e-16,6.8522809635367293e-16,2.3546213764348017e-15
reference,m0,SSP5,2060,"AESA (PBs-LCIA), 0.9.1, ozone depletion, stratospheric O3 concentration",SOD,DU,Other life cycle contributions,220000,220000,0.00068566591707272734,0.00060782800000000004,0.00085099800000000005,0.00060782800000000004,0.00060782800000000004,0.00067604600000000003,0.00067604600000000003,0.00085099800000000005,1.2770654987402067e-05,1.3852391470066306e-19,5.1101202204955116e-05,1.3852391470066306e-19,1.3852391470066306e-19,1.3852408057616503e-19,1.3852408057616503e-19,5.1101202204955116e-05,0.015006680376924628,2.049030904711559e-16,0.060048557346733027,2.049030904711559e-16,2.049030904711559e-16,2.2790013058984618e-16,2.2790013058984618e-16,0.060048557346733027,9.7617546751527791e-16,8.653581101284357e-16,1.211556887086127e-15,8.653581101284357e-16,8.653581101284357e-16,9.6248048700375691e-16,9.6248048700375691e-16,1.211556887086127e-15,,,,,,,,
reference,m0,SSP5,2060,"AESA (PBs-LCIA), 0.9.1, ozone depletion, stratospheric O3 concentration",SOD,DU,Transmission corona,220000,220000,0.00068566591707272734,0.00060782800000000004,0.00085099800000000005,0.00060782800000000004,0.00060782800000000004,0.00067604600000000003,0.00067604600000000003,0.00085099800000000005,0.00051058773677066722,0.00051058730927474693,0.00051058792067766893,0.00051058730927474693,0.00051058730927474693,0.00051058779687445429,0.00051058792067766893,0.00051058792067766893,0.7588264265259913,0.59998707032737353,0.84002040162294089,0.59998707032737353,0.7552552774141803,0.7552552774141803,0.84002040162294089,0.84002040162294089,9.7617546751527791e-16,8.653581101284357e-16,1.211556887086127e-15,8.653581101284357e-16,8.653581101284357e-16,9.6248048700375691e-16,9.6248048700375691e-16,1.211556887086127e-15,,,,,,,,
reference,m0,SSP5,2060,"AESA (PBs-LCIA), 0.9.1, ozone depletion, stratospheric O3 concentration",SOD,DU,"electricity production, hydro, reservoir, alpine region",220000,220000,0.00068566591707272734,0.00060782800000000004,0.00085099800000000005,0.00060782800000000004,0.00060782800000000004,0.00067604600000000003,0.00067604600000000003,0.00085099800000000005,1.846815102142476e-07,0,2.5499892437873247e-07,0,2.4181455792504207e-07,2.4181455792504207e-07,2.5499892437873247e-07,2.5499892437873247e-07,0.00029324707389151417,0,0.00039783385748113292,0,0.00037719167686626716,0.00037719167686626716,0.00039783385748113292,0.00039783385748113292,9.7617546751527791e-16,8.653581101284357e-16,1.211556887086127e-15,8.653581101284357e-16,8.653581101284357e-16,9.6248048700375691e-16,9.6248048700375691e-16,1.211556887086127e-15,2.2395689397038475e-17,0,3.0922863780274541e-17,0,2.932400479327314e-17,2.932400479327314e-17,3.0922863780274541e-17,3.0922863780274541e-17
reference,m0,SSP5,2060,"AESA (PBs-LCIA), 0.9.1, ozone depletion, stratospheric O3 concentration",SOD,DU,"electricity production, hydro, run-of-river",220000,165020,0.00068566591707272734,0.00060782800000000004,0.00085099800000000005,0.00060782800000000004,0.00060782800000000004,0.00067604600000000003,0.00067604600000000003,0.00085099800000000005,2.3886553965895715e-07,0,3.5461488493289377e-07,0,3.0034830810247724e-07,3.0034830810247724e-07,3.5461488493289377e-07,3.5461488493289377e-07,0.00037825321898793396,0,0.00052454253842622214,0,0.00049413371562757424,0.00049413371562757424,0.00052454253842622214,0.00052454253842622214,9.7617546751527791e-16,8.653581101284357e-16,1.211556887086127e-15,8.653581101284357e-16,8.653581101284357e-16,9.6248048700375691e-16,9.6248048700375691e-16,1.211556887086127e-15,7.3556545785683814e-18,6.9375595690406948e-18,8.1910394293702376e-18,6.9375595690406948e-18,6.9375595690406948e-18,6.9375595690406948e-18,8.1910394293702376e-18,8.1910394293702376e-18
reference,m0,SSP5,2060,"AESA (PBs-LCIA), 0.9.1, ozone depletion, stratospheric O3 concentration",SOD,DU,"electricity production, photovoltaic",220000,220000,0.00068566591707272734,0.00060782800000000004,0.00085099800000000005,0.00060782800000000004,0.00060782800000000004,0.00067604600000000003,0.00067604600000000003,0.00085099800000000005,1.448922374380578e-05,0,2.3462413838134215e-05,0,1.7241730538459404e-05,1.7241730538459404e-05,2.3462413838134215e-05,2.3462413838134215e-05,0.022863193780671181,0,0.034705351171568526,0,0.028366134068288071,0.028366134068288071,0.034705351171568526,0.034705351171568526,9.7617546751527791e-16,8.653581101284357e-16,1.211556887086127e-15,8.653581101284357e-16,8.653581101284357e-16,9.6248048700375691e-16,9.6248048700375691e-16,1.211556887086127e-15,6.5582918480625068e-17,0,1.0619855814126186e-16,0,7.8041617673772757e-17,7.8041617673772757e-17,1.0619855814126186e-16,1.0619855814126186e-16
reference,m0,SSP5,2060,"AESA (PBs-LCIA), 0.9.1, ozone depletion, stratospheric O3 concentration",SOD,DU,"electricity production, wave energy converter",220000,165020,0.00068566591707272734,0.00060782800000000004,0.00085099800000000005,0.00060782800000000004,0.00060782800000000004,0.00067604600000000003,0.00067604600000000003,0.00085099800000000005,1.4784974538553378e-06,0,2.0646233761583827e-06,0,1.9242797648408282e-06,1.9242797648408282e-06,2.0646233761583827e-06,2.0646233761583827e-06,0.0023466733519537058,0,0.0031658294202320859,0,0.00305396877750683,0.00305396877750683,0.0031658294202320859,0.0031658294202320859,9.7617546751527791e-16,8.653581101284357e-16,1.211556887086127e-15,8.653581101284357e-16,8.653581101284357e-16,9.6248048700375691e-16,9.6248048700375691e-16,1.211556887086127e-15,2.0884759837360317e-16,2.0388761128426233e-16,2.1875802059865909e-16,2.0388761128426233e-16,2.0388761128426233e-16,2.0388761128426233e-16,2.1875802059865909e-16,2.1875802059865909e-16
reference,m0,SSP5,2060,"AESA (PBs-LCIA), 0.9.1, ozone depletion, stratospheric O3 concentration",SOD,DU,"electricity production, wind, 1-3MW turbine, offshore",220000,220000,0.00068566591707272734,0.00060782800000000004,0.00085099800000000005,0.00060782800000000004,0.00060782800000000004,0.00067604600000000003,0.00067604600000000003,0.00085099800000000005,9.4931766768638335e-06,0,1.380876249535243e-05,0,1.2079115492560828e-05,1.2079115492560828e-05,1.380876249535243e-05,1.380876249535243e-05,0.01504464965145829,0,0.020425773535162443,0,0.019872588121246187,0.019872588121246187,0.020425773535162443,0.020425773535162443,9.7617546751527791e-16,8.653581101284357e-16,1.211556887086127e-15,8.653581101284357e-16,8.653581101284357e-16,9.6248048700375691e-16,9.6248048700375691e-16,1.211556887086127e-15,5.175528334505153e-17,0,7.528322544309941e-17,0,6.5853380140321328e-17,6.5853380140321328e-17,7.528322544309941e-17,7.528322544309941e-17
reference,m0,SSP5,2060,"AESA (PBs-LCIA), 0.9.1, ozone depletion, stratospheric O3 concentration",SOD,DU,"electricity production, wind, 1-3MW turbine, onshore",220000,220000,0.00068566591707272734,0.00060782800000000004,0.00085099800000000005,0.00060782800000000004,0.00060782800000000004,0.00067604600000000003,0.00067604600000000003,0.00085099800000000005,4.5069969017683858e-06,0,6.9437205486588516e-06,0,5.5405904085341101e-06,5.5405904085341101e-06,6.9437205486588516e-06,6.9437205486588516e-06,0.0071265144969787425,0,0.010271077040110956,0,0.0091153918683149013,0.0091153918683149013,0.010271077040110956,0.010271077040110956,9.7617546751527791e-16,8.653581101284357e-16,1.211556887086127e-15,8.653581101284357e-16,8.653581101284357e-16,9.6248048700375691e-16,9.6248048700375691e-16,1.211556887086127e-15,3.5776639539792772e-17,0,5.5119445466534112e-17,0,4.3981307001267887e-17,4.3981307001267887e-17,5.5119445466534112e-17,5.5119445466534112e-17
reference,m0,SSP5,2060,"AESA (PBs-LCIA), 0.9.1, ozone depletion, stratospheric O3 concentration",SOD,DU,"heat and power co-generation, wood chips, 6667 kW",220000,220000,0.00068566591707272734,0.00060782800000000004,0.00085099800000000005,0.00060782800000000004,0.00060782800000000004,0.00067604600000000003,0.00067604600000000003,0.00085099800000000005,4.7547547269889166e-05,4.6410473710567467e-05,5.0143472588784909e-05,4.6410473710567467e-05,4.6410473710567467e-05,4.7226503373849654e-05,4.7226503373849654e-05,5.0143472588784909e-05,0.070372671309000115,0.058923137996546297,0.076354616290410224,0.058923137996546297,0.069856937802826508,0.069856937802826508,0.076354616290410224,0.076354616290410224,9.7617546751527791e-16,8.653581101284357e-16,1.211556887086127e-15,8.653581101284357e-16,8.653581101284357e-16,9.6248048700375691e-16,9.6248048700375691e-16,1.211556887086127e-15,5.9118399133524287e-15,5.7704594128626362e-15,6.2346043989453553e-15,5.7704594128626362e-15,5.7704594128626362e-15,5.8719277238420062e-15,5.8719277238420062e-15,6.2346043989453553e-15
reference,m0,SSP5,2060,"AESA (PBs-LCIA), 0.9.1, ozone depletion, stratospheric O3 concentration",SOD,DU,transmission network construction,220000,220000,0.00068566591707272734,0.00060782800000000004,0.00085099800000000005,0.00060782800000000004,0.00060782800000000004,0.00067604600000000003,0.00067604600000000003,0.00085099800000000005,1.0629693950670696e-06,0,1.7425710882633804e-06,0,1.2542387484275248e-06,1.2542387484275248e-06,1.7425710882633804e-06,1.7425710882633804e-06,0.0016764220716081193,0,0.002577592483741314,0,0.0020634764249549621,0.0020634764249549621,0.002577592483741314,0.002577592483741314,9.7617546751527791e-16,8.653581101284357e-16,1.211556887086127e-15,8.653581101284357e-16,8.653581101284357e-16,9.6248048700375691e-16,9.6248048700375691e-16,1.211556887086127e-15,,,,,,,,
reference,m0,SSP5,2060,"IPCC 2021, climate change, global warming potential (GWP100)",GWP_100,kg CO2-eq,EU electricity market imports,20000,20000,32479799416.407799,9427965479,77994470956,9427965479,9427965479,33105109931,33105109931,77994470956,22616892235.447346,1668639276.2093925,65886235143.379654,1668639276.2093925,1668639276.2093925,21320958433.860767,21320958433.860767,65886235143.379654,0.46160904282946119,0.17698826750332786,0.84475520297520679,0.17698826750332786,0.17698826750332786,0.64403829131815027,0.64403829131815027,0.84475520297520679,0.046241172291011039,0.01342250210571674,0.1110399643485171,0.01342250210571674,0.01342250210571674,0.047131420745569967,0.047131420745569967,0.1110399643485171,0.2226668951445944,0.016428018618735076,0.64866044633657138,0.016428018618735076,0.016428018618735076,0.2099082210995562,0.2099082210995562,0.64866044633657138
reference,m0,SSP5,2060,"IPCC 2021, climate change, global warming potential (GWP100)",GWP_100,kg CO2-eq,Other life cycle contributions,20000,20000,32479799416.407799,9427965479,77994470956,9427965479,9427965479,33105109931,33105109931,77994470956,1803387983.0185223,-9.7477581560061947e-06,7260016034.6961575,-9.7477581560061947e-06,-9.7477581560061947e-06,-1.2184697695189445e-06,-1.2184697695189445e-06,7260016034.6961575,0.023121997763609202,-2.9444874752940431e-16,0.093083726906639852,-2.9444874752940431e-16,-2.9444874752940431e-16,-1.292399481344075e-16,-1.292399481344075e-16,0.093083726906639852,0.046241172291011039,0.01342250210571674,0.1110399643485171,0.01342250210571674,0.01342250210571674,0.047131420745569967,0.047131420745569967,0.1110399643485171,,,,,,,,
reference,m0,SSP5,2060,"IPCC 2021, climate change, global warming potential (GWP100)",GWP_100,kg CO2-eq,Transmission corona,20000,20000,32479799416.407799,9427965479,77994470956,9427965479,9427965479,33105109931,33105109931,77994470956,743019994.32522953,0,988584345.83418763,0,988584345.81945455,988584345.81945455,988584345.83418763,988584345.83418763,0.059742836953920415,0,0.1048565937196287,0,0.029861986499363138,0.029861986499363138,0.1048565937196287,0.1048565937196287,0.046241172291011039,0.01342250210571674,0.1110399643485171,0.01342250210571674,0.01342250210571674,0.047131420745569967,0.047131420745569967,0.1110399643485171,,,,,,,,
reference,m0,SSP5,2060,"IPCC 2021, climate change, global warming potential (GWP100)",GWP_100,kg CO2-eq,"electricity production, hydro, reservoir, alpine region",20000,20000,32479799416.407799,9427965479,77994470956,9427965479,9427965479,33105109931,33105109931,77994470956,30642980.406581361,0,48207019.686465971,0,36968625.015175201,36968625.015175201,48207019.686465971,48207019.686465971,0.0023204262207960121,0,0.0039211667774473402,0,0.0014561806254968625,0.0014561806254968625,0.0039211667774473402,0.0039211667774473402,0.046241172291011039,0.01342250210571674,0.1110399643485171,0.01342250210571674,0.01342250210571674,0.047131420745569967,0.047131420745569967,0.1110399643485171,0.0037159697793783921,0,0.0058459009513296446,0,0.0044830591384393877,0.0044830591384393877,0.0058459009513296446,0.0058459009513296446
reference,m0,SSP5,2060,"IPCC 2021, climate change, global warming potential (GWP100)",GWP_100,kg CO2-eq,"electricity production, hydro, run-of-river",20000,15032,32479799416.407799,9427965479,77994470956,9427965479,9427965479,33105109931,33105109931,77994470956,103578324.04376313,0,163898994.03170395,0,124473720.3402079,124473720.3402079,163898994.03170395,163898994.03170395,0.0078250743670351119,0,0.013202606714827567,0,0.0049508669318215157,0.0049508669318215157,0.013202606714827567,0.013202606714827567,0.046241172291011039,0.01342250210571674,0.1110399643485171,0.01342250210571674,0.01342250210571674,0.047131420745569967,0.047131420745569967,0.1110399643485171,0.0031832003556086534,0.0028751435742087393,0.0037858042503156239,0.0028751435742087393,0.0028751435742087393,0.0028751435742087393,0.0037858042503156239,0.0037858042503156239
reference,m0,SSP5,2060,"IPCC 2021, climate change, global warming potential (GWP100)",GWP_100,kg CO2-eq,"electricity production, photovoltaic",20000,20000,32479799416.407799,9427965479,77994470956,9427965479,9427965479,33105109931,33105109931,77994470956,3644931297.2192888,2459600124.6547885,4848219777.9241791,2459600124.6547885,2459600124.6547885,4788009370.249218,4788009370.249218,4848219777.9241791,0.18196350230258096,0.062161070118153201,0.26088344618288439,0.062161070118153201,0.14463052321012448,0.14463052321012448,0.26088344618288439,0.26088344618288439,0.046241172291011039,0.01342250210571674,0.1110399643485171,0.01342250210571674,0.01342250210571674,0.047131420745569967,0.047131420745569967,0.1110399643485171,0.016498143907480851,0.011132949705206927,0.021944618723881922,0.011132949705206927,0.011132949705206927,0.021672086845954439,0.021672086845954439,0.021944618723881922
reference,m0,SSP5,2060,"IPCC 2021, climate change, global warming potential (GWP100)",GWP_100,kg CO2-eq,"electricity production, wave energy converter",20000,15032,32479799416.407799,9427965479,77994470956,9427965479,9427965479,33105109931,33105109931,77994470956,272766451.64305019,0,401433290.95017523,0,343223157.57307363,343223157.57307363,401433290.95017523,401433290.95017523,0.021188966255325837,0,0.03640479574703305,0,0.012126021988353785,0.012126021988353785,0.03640479574703305,0.03640479574703305,0.046241172291011039,0.01342250210571674,0.1110399643485171,0.01342250210571674,0.01342250210571674,0.047131420745569967,0.047131420745569967,0.1110399643485171,0.038452726466949284,0.036366335275344192,0.042534011262012394,0.036366335275344192,0.036366335275344192,0.036366335275344192,0.042534011262012394,0.042534011262012394
reference,m0,SSP5,2060,"IPCC 2021, climate change, global warming potential (GWP100)",GWP_100,kg CO2-eq,"electricity production, wind, 1-3MW turbine, offshore",20000,20000,32479799416.407799,9427965479,77994470956,9427965479,9427965479,33105109931,33105109931,77994470956,1568276127.7038267,0,2536168535.7675209,0,1856751337.0562668,1856751337.0562668,2536168535.7675209,2536168535.7675209,0.1174265067646407,0,0.19694082898288334,0,0.076609579036395953,0.076609579036395953,0.19694082898288334,0.19694082898288334,0.046241172291011039,0.01342250210571674,0.1110399643485171,0.01342250210571674,0.01342250210571674,0.047131420745569967,0.047131420745569967,0.1110399643485171,0.0085499938146815901,0,0.013826790391652194,0,0.010122715105265948,0.010122715105265948,0.013826790391652194,0.013826790391652194
reference,m0,SSP5,2060,"IPCC 2021, climate change, global warming potential (GWP100)",GWP_100,kg CO2-eq,"electricity production, wind, 1-3MW turbine, onshore",20000,20000,32479799416.407799,9427965479,77994470956,9427965479,9427965479,33105109931,33105109931,77994470956,988410404.32058322,0,1641384084.3295853,0,1148262794.5707972,1148262794.5707972,1641384084.3295853,1641384084.3295853,0.073179851841858906,0,0.12179327524357783,0,0.049580988788458145,0.049580988788458145,0.12179327524357783,0.12179327524357783,0.046241172291011039,0.01342250210571674,0.1110399643485171,0.01342250210571674,0.01342250210571674,0.047131420745569967,0.047131420745569967,0.1110399643485171,0.0078460256716861819,0,0.013029346521003453,0,0.009114937807823572,0.009114937807823572,0.013029346521003453,0.013029346521003453
reference,m0,SSP5,2060,"IPCC 2021, climate change, global warming potential (GWP100)",GWP_100,kg CO2-eq,"heat and power co-generation, wood chips, 6667 kW",20000,20000,32479799416.407799,9427965479,77994470956,9427965479,9427965479,33105109931,33105109931,77994470956,344857185.68791008,0,594586244.0359149,0,389431251.91872662,389431251.91872662,594586244.0359149,594586244.0359149,0.025109995642105042,0,0.041305969223811009,0,0.017960557910098877,0.017960557910098877,0.041305969223811009,0.041305969223811009,0.046241172291011039,0.01342250210571674,0.1110399643485171,0.01342250210571674,0.01342250210571674,0.047131420745569967,0.047131420745569967,0.1110399643485171,0.042877948692569945,0,0.073928105672026165,0,0.048420082085970234,0.048420082085970234,0.073928105672026165,0.073928105672026165
reference,m0,SSP5,2060,"IPCC 2021, climate change, global warming potential (GWP100)",GWP_100,kg CO2-eq,transmission network construction,20000,20000,32479799416.407799,9427965479,77994470956,9427965479,9427965479,33105109931,33105109931,77994470956,363036432.59169167,0,621879612.26919508,0,412030845.82738274,412030845.82738274,621879612.26919508,621879612.26919508,0.026511799058666383,0,0.043703049904578753,0,0.018785003691737023,0.018785003691737023,0.043703049904578753,0.043703049904578753,0.046241172291011039,0.01342250210571674,0.1110399643485171,0.01342250210571674,0.01342250210571674,0.047131420745569967,0.047131420745569967,0.1110399643485171,,,,,,,,
reference,n03,SSP1,2060,"AESA (PBs-LCIA), 0.9.1, atmospheric aerosol loading, AOD (Global)",AAL,AOD,EU electricity market imports,160000,160000,0.00012505007986249997,0.000117692,0.00013648299999999999,0.000117692,0.000119314,0.00012338200000000001,0.00012694599999999999,0.00013648299999999999,8.6330312200572488e-06,4.9842093887492348e-06,1.6765301606505172e-05,4.9842093887492348e-06,5.3989119155269098e-06,6.6635023817207428e-06,8.7623584741189345e-06,1.6765301606505172e-05,0.067547763440527556,0.042349602256306587,0.12283802090007674,0.042349602256306587,0.045249609564065485,0.054007086785112436,0.069024297529019701,0.12283802090007674,1.9288929585312143e-16,1.8153975942925729e-16,2.1052446629313011e-16,1.8153975942925729e-16,1.840414153566074e-16,1.9031652231325889e-16,1.9581369749178041e-16,2.1052446629313011e-16,1.6338327087044192e-16,9.4328136930842033e-17,3.1728939099769599e-16,9.4328136930842033e-17,1.0217639273015896e-16,1.2610938565569029e-16,1.6583081264190992e-16,3.1728939099769599e-16
reference,n03,SSP1,2060,"AESA (PBs-LCIA), 0.9.1, atmospheric aerosol loading, AOD (Global)",AAL,AOD,Other life cycle contributions,160000,160000,0.00012505007986249997,0.000117692,0.00013648299999999999,0.000117692,0.000119314,0.00012338200000000001,0.00012694599999999999,0.00013648299999999999,6.2436112605647927e-06,-1.5981798207242444e-20,1.6435999211994549e-05,-1.5981798207242444e-20,0,1.5981822261168135e-20,1.5667234239020139e-05,1.6435999211994549e-05,0.047535604177110898,-1.3579341167829966e-16,0.12596973811856382,-1.3579341167829966e-16,0,1.3394758587565696e-16,0.12042524865363854,0.12596973811856382,1.9288929585312143e-16,1.8153975942925729e-16,2.1052446629313011e-16,1.8153975942925729e-16,1.840414153566074e-16,1.9031652231325889e-16,1.9581369749178041e-16,2.1052446629313011e-16,,,,,,,,
reference,n03,SSP1,2060,"AESA (PBs-LCIA), 0.9.1, atmospheric aerosol loading, AOD (Global)",AAL,AOD,Transmission corona,160000,160000,0.00012505007986249997,0.000117692,0.00013648299999999999,0.000117692,0.000119314,0.00012338200000000001,0.00012694599999999999,0.00013648299999999999,-1.1058890825130482e-21,-1.5981822261168135e-20,1.3234930453788617e-20,-1.5981822261168135e-20,-3.9954559605250988e-21,0,0,1.3234930453788617e-20,-9.5404282499603407e-18,-1.3394758587565696e-16,1.0726791958137019e-16,-1.3394758587565696e-16,-3.3767936042841922e-17,0,0,1.0726791958137019e-16,1.9288929585312143e-16,1.8153975942925729e-16,2.1052446629313011e-16,1.8153975942925729e-16,1.840414153566074e-16,1.9031652231325889e-16,1.9581369749178041e-16,2.1052446629313011e-16,,,,,,,,
reference,n03,SSP1,2060,"AESA (PBs-LCIA), 0.9.1, atmospheric aerosol loading, AOD (Global)",AAL,AOD,"electricity production, Evolutionary Power Reactor (EPR)",160000,160000,0.00012505007986249997,0.000117692,0.00013648299999999999,0.000117692,0.000119314,0.00012338200000000001,0.00012694599999999999,0.00013648299999999999,3.2285498769311205e-05,3.2007157081925525e-05,3.2519031800937228e-05,3.2007157081925525e-05,3.224978008615043e-05,3.2256295591729984e-05,3.2443085108294552e-05,3.2519031800937228e-05,0.25881937351928902,0.23770788382651725,0.27195694764236761,0.23770788382651725,0.25409461969443692,0.26356382455250543,0.27029334433637653,0.27195694764236761,1.9288929585312143e-16,1.8153975942925729e-16,2.1052446629313011e-16,1.8153975942925729e-16,1.840414153566074e-16,1.9031652231325889e-16,1.9581369749178041e-16,2.1052446629313011e-16,1.3456118378264585e-16,1.3340129716809557e-16,1.3553467944212975e-16,1.3340129716809557e-16,1.3441231318253303e-16,1.3443943425510241e-16,1.3521793512957184e-16,1.3553467944212975e-16
reference,n03,SSP1,2060,"AESA (PBs-LCIA), 0.9.1, atmospheric aerosol loading, AOD (Global)",AAL,AOD,"electricity production, Small Modular Reactor (SMR)",160000,160000,0.00012505007986249997,0.000117692,0.00013648299999999999,0.000117692,0.000119314,0.00012338200000000001,0.00012694599999999999,0.00013648299999999999,7.7973869510678506e-06,7.7284703964386601e-06,7.8435838022316424e-06,7.7284703964386601e-06,7.7902272210820546e-06,7.7936631244371241e-06,7.8421720978607752e-06,7.8435838022316424e-06,0.062507199143891926,0.057458966302475586,0.065666913608730074,0.057458966302475586,0.061393530512478728,0.063477305042350496,0.065291811699231053,0.065666913608730074,1.9288929585312143e-16,1.8153975942925729e-16,2.1052446629313011e-16,1.8153975942925729e-16,1.840414153566074e-16,1.9031652231325889e-16,1.9581369749178041e-16,2.1052446629313011e-16,2.1247734362800317e-16,2.1059969674467709e-16,2.1373578212055738e-16,2.1059969674467709e-16,2.1228224175173904e-16,2.1237581483483501e-16,2.1369765918529715e-16,2.1373578212055738e-16
reference,n03,SSP1,2060,"AESA (PBs-LCIA), 0.9.1, atmospheric aerosol loading, AOD (Global)",AAL,AOD,"electricity production, hydro, reservoir, alpine region",160000,160000,0.00012505007986249997,0.000117692,0.00013648299999999999,0.000117692,0.000119314,0.00012338200000000001,0.00012694599999999999,0.00013648299999999999,2.0736746801514242e-07,0,3.9460778336743513e-07,0,0,3.7939249840034178e-07,3.8880127606918704e-07,3.9460778336743513e-07,0.0017262109479248033,0,0.0032586391879342496,0,0,0.0031896800443967171,0.0032308734873950631,0.0032586391879342496,1.9288929585312143e-16,1.8153975942925729e-16,2.1052446629313011e-16,1.8153975942925729e-16,1.840414153566074e-16,1.9031652231325889e-16,1.9581369749178041e-16,2.1052446629313011e-16,2.3657347053222894e-17,0,4.5018547930965324e-17,0,0,4.3282666027250657e-17,4.4356062702077551e-17,4.5018547930965324e-17
reference,n03,SSP1,2060,"AESA (PBs-LCIA), 0.9.1, atmospheric aerosol loading, AOD (Global)",AAL,AOD,"electricity production, hydro, run-of-river",160000,96120,0.00012505007986249997,0.000117692,0.00013648299999999999,0.000117692,0.000119314,0.00012338200000000001,0.00012694599999999999,0.00013648299999999999,1.2557825249846365e-06,0,2.3737940215422343e-06,0,0,2.3042603730850737e-06,2.3545162233583277e-06,2.3737940215422343e-06,0.010455291559228112,0,0.019895351941450579,0,0,0.019083141976611886,0.019663796166213391,0.019895351941450579,1.9288929585312143e-16,1.8153975942925729e-16,2.1052446629313011e-16,1.8153975942925729e-16,1.840414153566074e-16,1.9031652231325889e-16,1.9581369749178041e-16,2.1052446629313011e-16,4.5424145774608234e-17,0,5.1583289679117192e-17,0,5.0289922245895787e-17,5.1094243235255442e-17,5.1583289679117192e-17,5.1583289679117192e-17
reference,n03,SSP1,2060,"AESA (PBs-LCIA), 0.9.1, atmospheric aerosol loading, AOD (Global)",AAL,AOD,"electricity production, nuclear, pressure water reactor",160000,160000,0.00012505007986249997,0.000117692,0.00013648299999999999,0.000117692,0.000119314,0.00012338200000000001,0.00012694599999999999,0.00013648299999999999,2.1315858421849684e-06,0,4.0110237156608551e-06,0,0,3.9517201491187921e-06,3.9880288390214925e-06,4.0110237156608551e-06,0.017746742570824585,0,0.033576794931845767,0,0,0.032508986040596315,0.033424651248147683,0.033576794931845767,1.9288929585312143e-16,1.8153975942925729e-16,2.1052446629313011e-16,1.8153975942925729e-16,1.840414153566074e-16,1.9031652231325889e-16,1.9581369749178041e-16,2.1052446629313011e-16,8.9362049460383975e-17,0,1.6815351183310499e-16,0,0,1.6566738554160923e-16,1.6718929780151897e-16,1.6815351183310499e-16
reference,n03,SSP1,2060,"AESA (PBs-LCIA), 0.9.1, atmospheric aerosol loading, AOD (Global)",AAL,AOD,"electricity production, photovoltaic",160000,160000,0.00012505007986249997,0.000117692,0.00013648299999999999,0.000117692,0.000119314,0.00012338200000000001,0.00012694599999999999,0.00013648299999999999,6.6655602994723812e-06,6.2341756061209108e-06,7.1342249886097644e-06,6.2341756061209108e-06,6.4007116344291061e-06,6.7168623947937205e-06,6.881521540125935e-06,7.1342249886097644e-06,0.053320050503805581,0.051423858055930152,0.054439564886237218,0.051423858055930152,0.052271894584745099,0.053645939574811889,0.054208258158003682,0.054439564886237218,1.9288929585312143e-16,1.8153975942925729e-16,2.1052446629313011e-16,1.8153975942925729e-16,1.840414153566074e-16,1.9031652231325889e-16,1.9581369749178041e-16,2.1052446629313011e-16,8.901612111896463e-17,8.3255262364541315e-17,9.5274936094880996e-17,8.3255262364541315e-17,8.5479164859314596e-17,8.9701351894571268e-17,9.1900181801350113e-17,9.5274936094880996e-17
reference,n03,SSP1,2060,"AESA (PBs-LCIA), 0.9.1, atmospheric aerosol loading, AOD (Global)",AAL,AOD,"electricity production, wind, 1-3MW turbine, offshore",160000,160000,0.00012505007986249997,0.000117692,0.00013648299999999999,0.000117692,0.000119314,0.00012338200000000001,0.00012694599999999999,0.00013648299999999999,9.9063903535974968e-06,9.4959611508632105e-06,1.0093025307694064e-05,9.4959611508632105e-06,9.8898167418096799e-06,9.9611323701739023e-06,1.0076147819936613e-05,1.0093025307694064e-05,0.07938901717470713,0.073950787333910195,0.084450674857406607,0.073950787333910195,0.07731365118706239,0.080255923723288436,0.08168875634389515,0.084450674857406607,1.9288929585312143e-16,1.8153975942925729e-16,2.1052446629313011e-16,1.8153975942925729e-16,1.840414153566074e-16,1.9031652231325889e-16,1.9581369749178041e-16,2.1052446629313011e-16,1.2472812226042095e-16,1.1956053055453043e-16,1.2707793988874528e-16,1.1956053055453043e-16,1.2451941732727539e-16,1.2541751375427146e-16,1.2686548305419727e-16,1.2707793988874528e-16
reference,n03,SSP1,2060,"AESA (PBs-LCIA), 0.9.1, atmospheric aerosol loading, AOD (Global)",AAL,AOD,"electricity production, wind, 1-3MW turbine, onshore",160000,160000,0.00012505007986249997,0.000117692,0.00013648299999999999,0.000117692,0.000119314,0.00012338200000000001,0.00012694599999999999,0.00013648299999999999,4.7661475471301879e-06,0,6.7664852330316803e-06,0,0,6.4966552848715986e-06,6.5044956107394997e-06,6.7664852330316803e-06,0.039100362408091442,0,0.056711578130241885,0,0,0.05143418490166244,0.052961299514451575,0.056711578130241885,1.9288929585312143e-16,1.8153975942925729e-16,2.1052446629313011e-16,1.8153975942925729e-16,1.840414153566074e-16,1.9031652231325889e-16,1.9581369749178041e-16,2.1052446629313011e-16,6.2916023098408752e-17,0,8.9321677647452964e-17,0,0,8.5759592796703417e-17,8.5863361439700762e-17,8.9321677647452964e-17
reference,n03,SSP1,2060,"AESA (PBs-LCIA), 0.9.1, atmospheric aerosol loading, AOD (Global)",AAL,AOD,"heat and power co-generation, wood chips, 6667 kW",160000,160000,0.00012505007986249997,0.000117692,0.00013648299999999999,0.000117692,0.000119314,0.00012338200000000001,0.00012694599999999999,0.00013648299999999999,4.3651698163868656e-05,4.1076093434000186e-05,4.576919167904111e-05,4.1076093434000186e-05,4.1574383239756111e-05,4.3505914453827139e-05,4.5478769235108114e-05,4.576919167904111e-05,0.34932192609899837,0.33534719839863658,0.36566432614078709,0.33534719839863658,0.34426884886937142,0.35228619813432038,0.35624801012255242,0.36566432614078709,1.9288929585312143e-16,1.8153975942925729e-16,2.1052446629313011e-16,1.8153975942925729e-16,1.840414153566074e-16,1.9031652231325889e-16,1.9581369749178041e-16,2.1052446629313011e-16,5.0978598866770358e-15,4.7970681452897636e-15,5.3451494617113018e-15,4.7970681452897636e-15,4.855268186258122e-15,5.0808246887087652e-15,5.31123309391227e-15,5.3451494617113018e-15
reference,n03,SSP1,2060,"AESA (PBs-LCIA), 0.9.1, atmospheric aerosol loading, AOD (Global)",AAL,AOD,transmission network construction,160000,160000,0.00012505007986249997,0.000117692,0.00013648299999999999,0.000117692,0.000119314,0.00012338200000000001,0.00012694599999999999,0.00013648299999999999,1.5060194622454318e-06,0,2.979852649169541e-06,0,0,2.6701303029377066e-06,2.8050185192101414e-06,2.979852649169541e-06,0.012530458455600666,0,0.024189668140059753,0,0,0.022654532185728677,0.023509550590962849,0.024189668140059753,1.9288929585312143e-16,1.8153975942925729e-16,2.1052446629313011e-16,1.8153975942925729e-16,1.840414153566074e-16,1.9031652231325889e-16,1.9581369749178041e-16,2.1052446629313011e-16,,,,,,,,
reference,n03,SSP1,2060,"AESA (PBs-LCIA), 0.9.1, biogeochemical flows, nitrogen, inverse modelling, surface water",N,Tg N yr-1,EU electricity market imports,160000,160000,0.037500783190137499,0.032838971000000002,0.047985048000000002,0.032838971000000002,0.034279405999999998,0.034564756000000002,0.038063895,0.047985048000000002,0.0041187738975487932,0,0.014621917302150953,0,0.00030243468539471318,0.00033733373946366461,0.0051544609946479357,0.014621917302150953,0.092774741339296488,0,0.30471819684646251,0,0.0088226349486543957,0.0097594711637387106,0.13541601548259671,0.30471819684646251,5.7844799082662068e-14,5.0653973986587858e-14,7.4016733170476462e-14,5.0653973986587858e-14,5.2875837802677201e-14,5.3315988813533398e-14,5.8713397271043264e-14,7.4016733170476462e-14,7.7949278098902296e-14,0,2.7672504587940169e-13,0,5.7236851639718632e-15,6.3841622926028012e-15,9.7550029811071959e-14,2.7672504587940169e-13
reference,n03,SSP1,2060,"AESA (PBs-LCIA), 0.9.1, biogeochemical flows, nitrogen, inverse modelling, surface water",N,Tg N yr-1,Other life cycle contributions,160000,160000,0.037500783190137499,0.032838971000000002,0.047985048000000002,0.032838971000000002,0.034279405999999998,0.034564756000000002,0.038063895,0.047985048000000002,0.00034466618641937281,0,0.00090069580009172331,0,4.0913481639081419e-18,4.0913482409130788e-18,0.00063576857328719331,0.00090069580009172331,0.0082479744313773574,0,0.019360185594341349,0,1.1935295030821359e-16,1.2450409270192222e-16,0.018770342797025507,0.019360185594341349,5.7844799082662068e-14,5.0653973986587858e-14,7.4016733170476462e-14,5.0653973986587858e-14,5.2875837802677201e-14,5.3315988813533398e-14,5.8713397271043264e-14,7.4016733170476462e-14,,,,,,,,
reference,n03,SSP1,2060,"AESA (PBs-LCIA), 0.9.1, biogeochemical flows, nitrogen, inverse modelling, surface water",N,Tg N yr-1,Transmission corona,160000,160000,0.037500783190137499,0.032838971000000002,0.047985048000000002,0.032838971000000002,0.034279405999999998,0.034564756000000002,0.038063895,0.047985048000000002,5.0761358190589008e-19,-5.3539126656745402e-18,1.2000355674119242e-17,-5.3539126656745402e-18,-2.0456741204565394e-18,0,0,1.2000355674119242e-17,1.5834290204063554e-17,-1.6291211605065439e-16,3.6518363518576504e-16,-1.6291211605065439e-16,-5.9676475154106797e-17,0,0,3.6518363518576504e-16,5.7844799082662068e-14,5.0653973986587858e-14,7.4016733170476462e-14,5.0653973986587858e-14,5.2875837802677201e-14,5.3315988813533398e-14,5.8713397271043264e-14,7.4016733170476462e-14,,,,,,,,
reference,n03,SSP1,2060,"AESA (PBs-LCIA), 0.9.1, biogeochemical flows, nitrogen, inverse modelling, surface water",N,Tg N yr-1,"electricity production, Evolutionary Power Reactor (EPR)",160000,160000,0.037500783190137499,0.032838971000000002,0.047985048000000002,0.032838971000000002,0.034279405999999998,0.034564756000000002,0.038063895,0.047985048000000002,0.023622799393387767,0.023484632961847308,0.023754484022229742,0.023484632961847308,0.023553745699470288,0.023676166727962588,0.023697985158090885,0.023754484022229742,0.64186506624792727,0.49340716983262345,0.71521322635862894,0.49340716983262345,0.61879494201710805,0.68669127619532699,0.69131843060789577,0.71521322635862894,5.7844799082662068e-14,5.0653973986587858e-14,7.4016733170476462e-14,5.0653973986587858e-14,5.2875837802677201e-14,5.3315988813533398e-14,5.8713397271043264e-14,7.4016733170476462e-14,9.8456292922552195e-14,9.7880436092437098e-14,9.9005134684986041e-14,9.7880436092437098e-14,9.8168488503244393e-14,9.8678720102746273e-14,9.8769654803438958e-14,9.9005134684986041e-14
reference,n03,SSP1,2060,"AESA (PBs-LCIA), 0.9.1, biogeochemical flows, nitrogen, inverse modelling, surface water",N,Tg N yr-1,"electricity production, Small Modular Reactor (SMR)",160000,160000,0.037500783190137499,0.032838971000000002,0.047985048000000002,0.032838971000000002,0.034279405999999998,0.034564756000000002,0.038063895,0.047985048000000002,0.0058319035700295421,0.005797254557343764,0.0058622371346674597,0.005797254557343764,0.0058155327444065555,0.0058486151574236155,0.0058487838315732441,0.0058622371346674597,0.15845445141790906,0.12188763115488066,0.17654706616923779,0.12188763115488066,0.15278343806924002,0.16946338204341521,0.170616000680514,0.17654706616923779,5.7844799082662068e-14,5.0653973986587858e-14,7.4016733170476462e-14,5.0653973986587858e-14,5.2875837802677201e-14,5.3315988813533398e-14,5.8713397271043264e-14,7.4016733170476462e-14,1.589182209317673e-13,1.5797404246867534e-13,1.5974480447431697e-13,1.5797404246867534e-13,1.5847212085002229e-13,1.593736065565446e-13,1.5937820491282682e-13,1.5974480447431697e-13
reference,n03,SSP1,2060,"AESA (PBs-LCIA), 0.9.1, biogeochemical flows, nitrogen, inverse modelling, surface water",N,Tg N yr-1,"electricity production, hydro, reservoir, alpine region",160000,160000,0.037500783190137499,0.032838971000000002,0.047985048000000002,0.032838971000000002,0.034279405999999998,0.034564756000000002,0.038063895,0.047985048000000002,3.7721648010739525e-06,0,1.0626471670075564e-05,0,0,1.3951893052645234e-06,8.9885655784404174e-06,1.0626471670075564e-05,0.00010987713509451647,0,0.00030675895633248165,0,0,4.245367009236584e-05,0.00026221474136513387,0.00030675895633248165,5.7844799082662068e-14,5.0653973986587858e-14,7.4016733170476462e-14,5.0653973986587858e-14,5.2875837802677201e-14,5.3315988813533398e-14,5.8713397271043264e-14,7.4016733170476462e-14,4.3034402889883742e-16,0,1.2123114740738539e-15,0,0,1.5916891890678229e-16,1.0254524179258211e-15,1.2123114740738539e-15
reference,n03,SSP1,2060,"AESA (PBs-LCIA), 0.9.1, biogeochemical flows, nitrogen, inverse modelling, surface water",N,Tg N yr-1,"electricity production, hydro, run-of-river",160000,96120,0.037500783190137499,0.032838971000000002,0.047985048000000002,0.032838971000000002,0.034279405999999998,0.034564756000000002,0.038063895,0.047985048000000002,1.8922935804562556e-05,0,5.3384332793394983e-05,0,0,6.3558922493756106e-06,4.560681676798175e-05,5.3384332793394983e-05,0.00055104989949274826,0,0.0015410686369515605,0,0,0.0001934009612025073,0.0013304436129372181,0.0015410686369515605,5.7844799082662068e-14,5.0653973986587858e-14,7.4016733170476462e-14,5.0653973986587858e-14,5.2875837802677201e-14,5.3315988813533398e-14,5.8713397271043264e-14,7.4016733170476462e-14,6.8447967443100507e-16,0,1.1600578378540816e-15,0,1.4118258520360272e-16,9.9105003115027181e-16,1.1209938780909201e-15,1.1600578378540816e-15
reference,n03,SSP1,2060,"AESA (PBs-LCIA), 0.9.1, biogeochemical flows, nitrogen, inverse modelling, surface water",N,Tg N yr-1,"electricity production, nuclear, pressure water reactor",160000,160000,0.037500783190137499,0.032838971000000002,0.047985048000000002,0.032838971000000002,0.034279405999999998,0.034564756000000002,0.038063895,0.047985048000000002,0.0029349740909767495,0.0029186282111590728,0.0029538137713403158,0.0029186282111590728,0.0029253366193279723,0.0029374843382214922,0.0029465689835564395,0.0029538137713403158,0.079755047709302265,0.061216659369007866,0.088879521877792259,0.061216659369007866,0.076853317804916499,0.085384856971495782,0.085957410801005121,0.088879521877792259,5.7844799082662068e-14,5.0653973986587858e-14,7.4016733170476462e-14,5.0653973986587858e-14,5.2875837802677201e-14,5.3315988813533398e-14,5.8713397271043264e-14,7.4016733170476462e-14,1.2304225316546431e-13,1.2235698877997092e-13,1.2383206473153795e-13,1.2235698877997092e-13,1.226382249315449e-13,1.231474898361599e-13,1.2352834179769246e-13,1.2383206473153795e-13
reference,n03,SSP1,2060,"AESA (PBs-LCIA), 0.9.1, biogeochemical flows, nitrogen, inverse modelling, surface water",N,Tg N yr-1,"electricity production, photovoltaic",160000,160000,0.037500783190137499,0.032838971000000002,0.047985048000000002,0.032838971000000002,0.034279405999999998,0.034564756000000002,0.038063895,0.047985048000000002,0.00029514948997017514,0,0.00082308288016888736,0,0,0.00014616439330980663,0.00067863027355347777,0.00082308288016888736,0.0086049842476757891,0,0.023760289693027108,0,0,0.0044475791990455709,0.019797025466353698,0.023760289693027108,5.7844799082662068e-14,5.0653973986587858e-14,7.4016733170476462e-14,5.0653973986587858e-14,5.2875837802677201e-14,5.3315988813533398e-14,5.8713397271043264e-14,7.4016733170476462e-14,3.9416119138668315e-15,0,1.0991966523522296e-14,0,0,1.9519712545743076e-15,9.0628554518913571e-15,1.0991966523522296e-14
reference,n03,SSP1,2060,"AESA (PBs-LCIA), 0.9.1, biogeochemical flows, nitrogen, inverse modelling, surface water",N,Tg N yr-1,"electricity production, wind, 1-3MW turbine, offshore",160000,160000,0.037500783190137499,0.032838971000000002,0.047985048000000002,0.032838971000000002,0.034279405999999998,0.034564756000000002,0.038063895,0.047985048000000002,0.00012211016473320354,0,0.00031799545934926377,0,0,7.0965002595525895e-05,0.0002872745743939209,0.00031799545934926377,0.0035632606260935077,0,0.0091797125383720705,0,0,0.0021593663289464072,0.0083803836739154963,0.0091797125383720705,5.7844799082662068e-14,5.0653973986587858e-14,7.4016733170476462e-14,5.0653973986587858e-14,5.2875837802677201e-14,5.3315988813533398e-14,5.8713397271043264e-14,7.4016733170476462e-14,1.5374485129306714e-15,0,4.0037752065668898e-15,0,0,8.9349677891617119e-16,3.6169787088236231e-15,4.0037752065668898e-15
reference,n03,SSP1,2060,"AESA (PBs-LCIA), 0.9.1, biogeochemical flows, nitrogen, inverse modelling, surface water",N,Tg N yr-1,"electricity production, wind, 1-3MW turbine, onshore",160000,160000,0.037500783190137499,0.032838971000000002,0.047985048000000002,0.032838971000000002,0.034279405999999998,0.034564756000000002,0.038063895,0.047985048000000002,9.9867624256059698e-05,0,0.00024671174138084473,0,0,6.9917008769636237e-05,0.00023492760984708392,0.00024671174138084473,0.0029171934983124137,0,0.0071327721801669308,0,0,0.002127477334402602,0.0068533162402838578,0.0071327721801669308,5.7844799082662068e-14,5.0653973986587858e-14,7.4016733170476462e-14,5.0653973986587858e-14,5.2875837802677201e-14,5.3315988813533398e-14,5.8713397271043264e-14,7.4016733170476462e-14,1.3183121906033945e-15,0,3.2567421242173527e-15,0,0,9.2294621632515599e-16,3.1011845263452765e-15,3.2567421242173527e-15
reference,n03,SSP1,2060,"AESA (PBs-LCIA), 0.9.1, biogeochemical flows, nitrogen, inverse modelling, surface water",N,Tg N yr-1,"heat and power co-generation, wood chips, 6667 kW",160000,160000,0.037500783190137499,0.032838971000000002,0.047985048000000002,0.032838971000000002,0.034279405999999998,0.034564756000000002,0.038063895,0.047985048000000002,4.6588452174277075e-05,0,0.00012419121877975414,0,0,4.6148173930465814e-05,9.4797600510025841e-05,0.00012419121877975414,0.001363644083548712,0,0.003585081656578244,0,0,0.0014042247485818158,0.0027654388325756242,0.003585081656578244,5.7844799082662068e-14,5.0653973986587858e-14,7.4016733170476462e-14,5.0653973986587858e-14,5.2875837802677201e-14,5.3315988813533398e-14,5.8713397271043264e-14,7.4016733170476462e-14,5.4408262062471832e-15,0,1.4503655107361195e-14,0,0,5.3894084201531601e-15,1.1070925154046545e-14,1.4503655107361195e-14
reference,n03,SSP1,2060,"AESA (PBs-LCIA), 0.9.1, biogeochemical flows, nitrogen, inverse modelling, surface water",N,Tg N yr-1,transmission network construction,160000,160000,0.037500783190137499,0.032838971000000002,0.047985048000000002,0.032838971000000002,0.034279405999999998,0.034564756000000002,0.038063895,0.047985048000000002,6.1255220035923112e-05,0,0.00015086374674058185,0,0,5.8370617906211968e-05,0.00013357657488341352,0.00015086374674058185,0.0017927093639698633,0,0.0043550490638271881,0,0,0.001776136719459755,0.003896700394499646,0.0043550490638271881,5.7844799082662068e-14,5.0653973986587858e-14,7.4016733170476462e-14,5.0653973986587858e-14,5.2875837802677201e-14,5.3315988813533398e-14,5.8713397271043264e-14,7.4016733170476462e-14,,,,,,,,
reference,n03,SSP1,2060,"AESA (PBs-LCIA), 0.9.1, biogeochemical flows, phosphorus",P GLO,Tg P yr-1,EU electricity market imports,160000,160000,0.0001482157369375,0.000128761,0.000159846,0.000128761,0.000146231,0.00015164000000000001,0.000155561,0.000159846,2.0458706718393644e-05,1.8540847257992404e-05,2.5493742550320397e-05,1.8540847257992404e-05,1.9049895579283181e-05,1.9616129784799495e-05,2.1266455326229587e-05,2.5493742550320397e-05,0.13809232161179211,0.12562579516805053,0.15948939948650825,0.12562579516805053,0.12896439817757138,0.1371375479376393,0.14399427822083088,0.15948939948650825,2.2862227848830406e-16,1.9861341473666239e-16,2.4656190292675961e-16,1.9861341473666239e-16,2.2556113376727581e-16,2.339045982754749e-16,2.3995222007343721e-16,2.4656190292675961e-16,3.8718859062225727e-16,3.508924136996174e-16,4.8247849571568861e-16,3.508924136996174e-16,3.6052696174663805e-16,3.7124233519225099e-16,4.0247487923946888e-16,4.8247849571568861e-16
reference,n03,SSP1,2060,"AESA (PBs-LCIA), 0.9.1, biogeochemical flows, phosphorus",P GLO,Tg P yr-1,Other life cycle contributions,160000,160000,0.0001482157369375,0.000128761,0.000159846,0.000128761,0.000146231,0.00015164000000000001,0.000155561,0.000159846,3.6506418377036339e-06,0,8.0752620326166975e-06,0,0,3.1963692626308093e-20,7.8751821649652971e-06,8.0752620326166975e-06,0.023863003569826485,0,0.051774643601231365,0,0,2.0316724164516004e-16,0.051117590934897518,0.051774643601231365,2.2862227848830406e-16,1.9861341473666239e-16,2.4656190292675961e-16,1.9861341473666239e-16,2.2556113376727581e-16,2.339045982754749e-16,2.3995222007343721e-16,2.4656190292675961e-16,,,,,,,,
reference,n03,SSP1,2060,"AESA (PBs-LCIA), 0.9.1, biogeochemical flows, phosphorus",P GLO,Tg P yr-1,Transmission corona,160000,160000,0.0001482157369375,0.000128761,0.000159846,0.000128761,0.000146231,0.00015164000000000001,0.000155561,0.000159846,-1.7986680547250214e-20,-6.6923868622545412e-20,5.4375667192574983e-20,-6.6923868622545412e-20,-6.5176001580720137e-20,0,0,5.4375667192574983e-20,-1.34845172526408e-16,-5.1975263179491783e-16,3.4954562642677138e-16,-5.1975263179491783e-16,-4.1879354345439213e-16,0,0,3.4954562642677138e-16,2.2862227848830406e-16,1.9861341473666239e-16,2.4656190292675961e-16,1.9861341473666239e-16,2.2556113376727581e-16,2.339045982754749e-16,2.3995222007343721e-16,2.4656190292675961e-16,,,,,,,,
reference,n03,SSP1,2060,"AESA (PBs-LCIA), 0.9.1, biogeochemical flows, phosphorus",P GLO,Tg P yr-1,"electricity production, Evolutionary Power Reactor (EPR)",160000,160000,0.0001482157369375,0.000128761,0.000159846,0.000128761,0.000146231,0.00015164000000000001,0.000155561,0.000159846,9.8003047871063108e-06,8.7019754648267946e-06,1.4518197928039578e-05,8.7019754648267946e-06,8.7868696884610314e-06,9.3879643510854128e-06,9.9161878947321723e-06,1.4518197928039578e-05,0.066365838137317446,0.056330778521644073,0.092280396422988922,0.056330778521644073,0.057385752208037419,0.063717248147712319,0.072909998765817385,0.092280396422988922,2.2862227848830406e-16,1.9861341473666239e-16,2.4656190292675961e-16,1.9861341473666239e-16,2.2556113376727581e-16,2.339045982754749e-16,2.3995222007343721e-16,2.4656190292675961e-16,4.0846225962149964e-17,3.626861548284629e-17,6.0509610444702159e-17,3.626861548284629e-17,3.6622360113326708e-17,3.9127653869487027e-17,4.1329120265796799e-17,6.0509610444702159e-17
reference,n03,SSP1,2060,"AESA (PBs-LCIA), 0.9.1, biogeochemical flows, phosphorus",P GLO,Tg P yr-1,"electricity production, Small Modular Reactor (SMR)",160000,160000,0.0001482157369375,0.000128761,0.000159846,0.000128761,0.000146231,0.00015164000000000001,0.000155561,0.000159846,1.2509659733413533e-06,0,3.2816441556399773e-06,0,0,2.0404970462916998e-06,2.1256713278998625e-06,3.2816441556399773e-06,0.008678412597559788,0,0.020858747421866414,0,0,0.013658668927827014,0.015847166815197922,0.020858747421866414,2.2862227848830406e-16,1.9861341473666239e-16,2.4656190292675961e-16,1.9861341473666239e-16,2.2556113376727581e-16,2.339045982754749e-16,2.3995222007343721e-16,2.4656190292675961e-16,3.4088581081111443e-17,0,8.942405783753798e-17,0,0,5.5603174756409282e-17,5.7924030116431372e-17,8.942405783753798e-17
reference,n03,SSP1,2060,"AESA (PBs-LCIA), 0.9.1, biogeochemical flows, phosphorus",P GLO,Tg P yr-1,"electricity production, hydro, reservoir, alpine region",160000,160000,0.0001482157369375,0.000128761,0.000159846,0.000128761,0.000146231,0.00015164000000000001,0.000155561,0.000159846,2.6548688894467866e-07,0,5.8061022126908491e-07,0,0,4.4052613576739004e-07,5.0767806467723288e-07,5.8061022126908491e-07,0.0018429832533862743,0,0.0036904677599463851,0,0,0.0032621254830572446,0.0034212699168800339,0.0036904677599463851,2.2862227848830406e-16,1.9861341473666239e-16,2.4656190292675961e-16,1.9861341473666239e-16,2.2556113376727581e-16,2.339045982754749e-16,2.3995222007343721e-16,2.4656190292675961e-16,3.0287837285284501e-17,0,6.6238323295701339e-17,0,0,5.0257058385441721e-17,5.7917902066125931e-17,6.6238323295701339e-17
reference,n03,SSP1,2060,"AESA (PBs-LCIA), 0.9.1, biogeochemical flows, phosphorus",P GLO,Tg P yr-1,"electricity production, hydro, run-of-river",160000,96120,0.0001482157369375,0.000128761,0.000159846,0.000128761,0.000146231,0.00015164000000000001,0.000155561,0.000159846,1.8230107585568139e-06,0,3.9221281811557107e-06,0,0,3.0072353684480581e-06,3.5516066688522109e-06,3.9221281811557107e-06,0.012649681418518091,0,0.024929784341884805,0,0,0.022821129031101159,0.023355172516896096,0.024929784341884805,2.2862227848830406e-16,1.9861341473666239e-16,2.4656190292675961e-16,1.9861341473666239e-16,2.2556113376727581e-16,2.339045982754749e-16,2.3995222007343721e-16,2.4656190292675961e-16,6.594188095259272e-17,0,8.5228949021667251e-17,0,6.534818091788289e-17,7.7177371345201456e-17,7.8399404904491289e-17,8.5228949021667251e-17
reference,n03,SSP1,2060,"AESA (PBs-LCIA), 0.9.1, biogeochemical flows, phosphorus",P GLO,Tg P yr-1,"electricity production, nuclear, pressure water reactor",160000,160000,0.0001482157369375,0.000128761,0.000159846,0.000128761,0.000146231,0.00015164000000000001,0.000155561,0.000159846,7.3242765533710621e-07,0,1.8781436008800457e-06,0,0,1.1963258301395734e-06,1.2676229225689678e-06,1.8781436008800457e-06,0.005081274603772455,0,0.0119378339438243,0,0,0.0081452111610312277,0.0092910573088091381,0.0119378339438243,2.2862227848830406e-16,1.9861341473666239e-16,2.4656190292675961e-16,1.9861341473666239e-16,2.2556113376727581e-16,2.339045982754749e-16,2.3995222007343721e-16,2.4656190292675961e-16,3.0705403128809834e-17,0,7.8736902342440234e-17,0,0,5.0153326294170495e-17,5.3142182127210332e-17,7.8736902342440234e-17
reference,n03,SSP1,2060,"AESA (PBs-LCIA), 0.9.1, biogeochemical flows, phosphorus",P GLO,Tg P yr-1,"electricity production, photovoltaic",160000,160000,0.0001482157369375,0.000128761,0.000159846,0.000128761,0.000146231,0.00015164000000000001,0.000155561,0.000159846,4.0246083478902821e-05,3.9432444264163792e-05,4.2267728668363563e-05,3.9432444264163792e-05,3.9709069396555379e-05,4.0164508719697678e-05,4.0457759595179951e-05,4.2267728668363563e-05,0.2730155133773649,0.24926789830904622,0.31420818101117537,0.24926789830904622,0.26003985929941831,0.26106353766513513,0.28400334425909857,0.31420818101117537,2.2862227848830406e-16,1.9861341473666239e-16,2.4656190292675961e-16,1.9861341473666239e-16,2.2556113376727581e-16,2.339045982754749e-16,2.3995222007343721e-16,2.4656190292675961e-16,5.3747183250730722e-16,5.2660688364788695e-16,5.6446922092443653e-16,5.2660688364788695e-16,5.3029992202947334e-16,5.3638124473797198e-16,5.4029869252967119e-16,5.6446922092443653e-16
reference,n03,SSP1,2060,"AESA (PBs-LCIA), 0.9.1, biogeochemical flows, phosphorus",P GLO,Tg P yr-1,"electricity production, wind, 1-3MW turbine, offshore",160000,160000,0.0001482157369375,0.000128761,0.000159846,0.000128761,0.000146231,0.00015164000000000001,0.000155561,0.000159846,2.3437832495638529e-05,2.1798287192364407e-05,2.5854109084887601e-05,2.1798287192364407e-05,2.2335531213461279e-05,2.277237614063285e-05,2.4700965419250017e-05,2.5854109084887601e-05,0.15853425993382708,0.13973156171228107,0.16929262115364441,0.13973156171228107,0.14971484264575688,0.16153564751639088,0.16891743487530014,0.16929262115364441,2.2862227848830406e-16,1.9861341473666239e-16,2.4656190292675961e-16,1.9861341473666239e-16,2.2556113376727581e-16,2.339045982754749e-16,2.3995222007343721e-16,2.4656190292675961e-16,2.9509813018350383e-16,2.7445515723584471e-16,3.2552055066629141e-16,2.7445515723584471e-16,2.8121939829102403e-16,2.8671944102417817e-16,3.1100225292772276e-16,3.2552055066629141e-16
reference,n03,SSP1,2060,"AESA (PBs-LCIA), 0.9.1, biogeochemical flows, phosphorus",P GLO,Tg P yr-1,"electricity production, wind, 1-3MW turbine, onshore",160000,160000,0.0001482157369375,0.000128761,0.000159846,0.000128761,0.000146231,0.00015164000000000001,0.000155561,0.000159846,2.7250139661617999e-05,2.5020376781127495e-05,3.0404529603094864e-05,2.5020376781127495e-05,2.5888481274261038e-05,2.6573136026915563e-05,2.8616238567377386e-05,3.0404529603094864e-05,0.18423646495484178,0.16195889339902805,0.19569201173060011,0.16195889339902805,0.17438858059234477,0.18715862813105166,0.19526773600305672,0.19569201173060011,2.2862227848830406e-16,1.9861341473666239e-16,2.4656190292675961e-16,1.9861341473666239e-16,2.2556113376727581e-16,2.339045982754749e-16,2.3995222007343721e-16,2.4656190292675961e-16,3.5971829713735637e-16,3.3028409232167264e-16,4.0135798631717328e-16,3.3028409232167264e-16,3.4174356702838366e-16,3.5078205557702451e-16,3.7775214661613444e-16,4.0135798631717328e-16
reference,n03,SSP1,2060,"AESA (PBs-LCIA), 0.9.1, biogeochemical flows, phosphorus",P GLO,Tg P yr-1,"heat and power co-generation, wood chips, 6667 kW",160000,160000,0.0001482157369375,0.000128761,0.000159846,0.000128761,0.000146231,0.00015164000000000001,0.000155561,0.000159846,1.8371619365309244e-05,5.3097707664908908e-06,2.9204256832662082e-05,5.3097707664908908e-06,9.1389355641981859e-06,1.7089947961554894e-05,2.7362334062788842e-05,2.9204256832662082e-05,0.12118750836112427,0.041237414795558369,0.18270245631834442,0.041237414795558369,0.06249656751439972,0.1098601060777116,0.18044272001311554,0.18270245631834442,2.2862227848830406e-16,1.9861341473666239e-16,2.4656190292675961e-16,1.9861341473666239e-16,2.2556113376727581e-16,2.339045982754749e-16,2.3995222007343721e-16,2.4656190292675961e-16,2.1455286601825221e-15,6.2010124812488565e-16,3.4106170234994267e-15,6.2010124812488565e-16,1.0672914497415656e-15,1.9958476292602582e-15,3.1955139712383742e-15,3.4106170234994267e-15
reference,n03,SSP1,2060,"AESA (PBs-LCIA), 0.9.1, biogeochemical flows, phosphorus",P GLO,Tg P yr-1,transmission network construction,160000,160000,0.0001482157369375,0.000128761,0.000159846,0.000128761,0.000146231,0.00015164000000000001,0.000155561,0.000159846,9.2851731664788418e-07,0,2.407574865984372e-06,0,0,1.5430013896681679e-06,1.5614096751127713e-06,2.407574865984372e-06,0.0064527381806694989,0,0.015302998633320231,0,0,0.0099146772410373969,0.012126417743825935,0.015302998633320231,2.2862227848830406e-16,1.9861341473666239e-16,2.4656190292675961e-16,1.9861341473666239e-16,2.2556113376727581e-16,2.339045982754749e-16,2.3995222007343721e-16,2.4656190292675961e-16,,,,,,,,
reference,n03,SSP1,2060,"AESA (PBs-LCIA), 0.9.1, change in biosphere integrity, functional diversity, total",BI FD,%BII loss,EU electricity market imports,160000,160000,0.0061482184886000003,0.0029080690000000001,0.010422219999999999,0.0029080690000000001,0.0031096359999999998,0.004705852,0.0086369540000000005,0.010422219999999999,0.0015527782990855167,0.00029845009425011527,0.0040516475213093553,0.00029845009425011527,0.00040030729445378213,0.00041653512298076218,0.0025250248547979207,0.0040516475213093553,0.20163263724792443,0.069050890579472265,0.38875091115994054,0.069050890579472265,0.089838106109806623,0.14323426403595038,0.29235131445622153,0.38875091115994054,9.4836007190259741e-15,4.4856835246129226e-15,1.607623032143786e-14,4.4856835246129226e-15,4.7965999397455197e-15,7.2587567572403045e-15,1.3322464726680251e-14,1.607623032143786e-14,2.9386887642032996e-14,5.6482746763342507e-15,7.6678887796155849e-14,5.6482746763342507e-15,7.5759594441462871e-15,7.8830760464322237e-15,4.7787003110746246e-14,7.6678887796155849e-14
reference,n03,SSP1,2060,"AESA (PBs-LCIA), 0.9.1, change in biosphere integrity, functional diversity, total",BI FD,%BII loss,Other life cycle contributions,160000,160000,0.0061482184886000003,0.0029080690000000001,0.010422219999999999,0.0029080690000000001,0.0031096359999999998,0.004705852,0.0086369540000000005,0.010422219999999999,0.00064044886914855147,-2.0456740969330774e-18,0.0014496375780009589,-2.0456740969330774e-18,0,1.0228370652465548e-18,0.0013555989607499561,0.0014496375780009589,0.071093470134007422,-4.3470854946842305e-16,0.18260808298233949,-4.3470854946842305e-16,0,2.1952628537695316e-16,0.15695336119075731,0.18260808298233949,9.4836007190259741e-15,4.4856835246129226e-15,1.607623032143786e-14,4.4856835246129226e-15,4.7965999397455197e-15,7.2587567572403045e-15,1.3322464726680251e-14,1.607623032143786e-14,,,,,,,,
reference,n03,SSP1,2060,"AESA (PBs-LCIA), 0.9.1, change in biosphere integrity, functional diversity, total",BI FD,%BII loss,Transmission corona,160000,160000,0.0061482184886000003,0.0029080690000000001,0.010422219999999999,0.0029080690000000001,0.0031096359999999998,0.004705852,0.0086369540000000005,0.010422219999999999,0.000110661766704881,0,0.00020686134961146548,0,0,0.00020686132278511859,0.00020686134942660137,0.00020686134961146548,0.032466506585873647,0,0.07113357675715444,0,0,0.043958314622967017,0.066522686343377851,0.07113357675715444,9.4836007190259741e-15,4.4856835246129226e-15,1.607623032143786e-14,4.4856835246129226e-15,4.7965999397455197e-15,7.2587567572403045e-15,1.3322464726680251e-14,1.607623032143786e-14,,,,,,,,
reference,n03,SSP1,2060,"AESA (PBs-LCIA), 0.9.1, change in biosphere integrity, functional diversity, total",BI FD,%BII loss,"electricity production, Evolutionary Power Reactor (EPR)",160000,160000,0.0061482184886000003,0.0029080690000000001,0.010422219999999999,0.0029080690000000001,0.0031096359999999998,0.004705852,0.0086369540000000005,0.010422219999999999,0.00010474394142371677,0,0.00021720035716708076,0,0,0.00013569150725049821,0.00021657864225464377,0.00021720035716708076,0.030582109600854966,0,0.074475069970706936,0,0,0.040845247702799625,0.052994035983803256,0.074475069970706936,9.4836007190259741e-15,4.4856835246129226e-15,1.607623032143786e-14,4.4856835246129226e-15,4.7965999397455197e-15,7.2587567572403045e-15,1.3322464726680251e-14,1.607623032143786e-14,4.3655703847608011e-16,0,9.052585865064712e-16,0,0,5.6554182381169502e-16,9.0266725553202282e-16,9.052585865064712e-16
reference,n03,SSP1,2060,"AESA (PBs-LCIA), 0.9.1, change in biosphere integrity, functional diversity, total",BI FD,%BII loss,"electricity production, Small Modular Reactor (SMR)",160000,160000,0.0061482184886000003,0.0029080690000000001,0.010422219999999999,0.0029080690000000001,0.0031096359999999998,0.004705852,0.0086369540000000005,0.010422219999999999,2.5973321011776941e-05,0,5.4594407414491073e-05,0,0,3.4621993377372838e-05,5.2073842925170996e-05,5.4594407414491073e-05,0.0076225598653863157,0,0.018773422299983623,0,0,0.010421756852128192,0.013450069846579038,0.018773422299983623,9.4836007190259741e-15,4.4856835246129226e-15,1.607623032143786e-14,4.4856835246129226e-15,4.7965999397455197e-15,7.2587567572403045e-15,1.3322464726680251e-14,1.607623032143786e-14,7.077678115583934e-16,0,1.4876866322605785e-15,0,0,9.4344236201071116e-16,1.4190019391415888e-15,1.4876866322605785e-15
reference,n03,SSP1,2060,"AESA (PBs-LCIA), 0.9.1, change in biosphere integrity, functional diversity, total",BI FD,%BII loss,"electricity production, hydro, reservoir, alpine region",160000,160000,0.0061482184886000003,0.0029080690000000001,0.010422219999999999,0.0029080690000000001,0.0031096359999999998,0.004705852,0.0086369540000000005,0.010422219999999999,1.7632607788886233e-05,0,3.4041230615366831e-05,0,0,3.1367323275311942e-05,3.3316474159689543e-05,3.4041230615366831e-05,0.0051633831881217765,0,0.011456562467977735,0,0,0.0071850214253086414,0.010313417856932738,0.011456562467977735,9.4836007190259741e-15,4.4856835246129226e-15,1.607623032143786e-14,4.4856835246129226e-15,4.7965999397455197e-15,7.2587567572403045e-15,1.3322464726680251e-14,1.607623032143786e-14,2.0116000545790936e-15,0,3.8835632160078989e-15,0,0,3.5785124349787609e-15,3.8008795372883723e-15,3.8835632160078989e-15
reference,n03,SSP1,2060,"AESA (PBs-LCIA), 0.9.1, change in biosphere integrity, functional diversity, total",BI FD,%BII loss,"electricity production, hydro, run-of-river",160000,96120,0.0061482184886000003,0.0029080690000000001,0.010422219999999999,0.0029080690000000001,0.0031096359999999998,0.004705852,0.0086369540000000005,0.010422219999999999,0.00010542142850652909,0,0.00020031495219791339,0,0,0.00018926461968328965,0.00019966433300541107,0.00020031495219791339,0.030929267812603981,0,0.068882461935364458,0,0,0.042410377665913858,0.06223294502481163,0.068882461935364458,9.4836007190259741e-15,4.4856835246129226e-15,1.607623032143786e-14,4.4856835246129226e-15,4.7965999397455197e-15,7.2587567572403045e-15,1.3322464726680251e-14,1.607623032143786e-14,3.8132993996547384e-15,0,4.3529044647186632e-15,0,4.2052875355828931e-15,4.2939589202836368e-15,4.3529044647186632e-15,4.3529044647186632e-15
reference,n03,SSP1,2060,"AESA (PBs-LCIA), 0.9.1, change in biosphere integrity, functional diversity, total",BI FD,%BII loss,"electricity production, nuclear, pressure water reactor",160000,160000,0.0061482184886000003,0.0029080690000000001,0.010422219999999999,0.0029080690000000001,0.0031096359999999998,0.004705852,0.0086369540000000005,0.010422219999999999,1.4610416707969892e-05,0,3.0680192675522954e-05,0,0,1.9710916513352092e-05,2.9003546788099136e-05,3.0680192675522954e-05,0.0042893027362170717,0,0.010550022257217059,0,0,0.0059332915062310487,0.0075917209708955199,0.010550022257217059,9.4836007190259741e-15,4.4856835246129226e-15,1.607623032143786e-14,4.4856835246129226e-15,4.7965999397455197e-15,7.2587567572403045e-15,1.3322464726680251e-14,1.607623032143786e-14,6.1250913549509633e-16,0,1.286198593644561e-15,0,0,8.2633617540769055e-16,1.2159091140163883e-15,1.286198593644561e-15
reference,n03,SSP1,2060,"AESA (PBs-LCIA), 0.9.1, change in biosphere integrity, functional diversity, total",BI FD,%BII loss,"electricity production, photovoltaic",160000,160000,0.0061482184886000003,0.0029080690000000001,0.010422219999999999,0.0029080690000000001,0.0031096359999999998,0.004705852,0.0086369540000000005,0.010422219999999999,0.00069364402049252986,0.00064822326810892435,0.00074117168159854843,0.00064822326810892435,0.00066823478787638108,0.00069695164020939972,0.00070915948340241359,0.00074117168159854843,0.14358956938360207,0.071114568834523592,0.23966131484823766,0.071114568834523592,0.082107590639294084,0.13790320788641219,0.21986967255039297,0.23966131484823766,9.4836007190259741e-15,4.4856835246129226e-15,1.607623032143786e-14,4.4856835246129226e-15,4.7965999397455197e-15,7.2587567572403045e-15,1.3322464726680251e-14,1.607623032143786e-14,9.2633581506760091e-15,8.6567811362719854e-15,9.8980729594114662e-15,8.6567811362719854e-15,8.9240265439441647e-15,9.3075294125257292e-15,9.4705616878481889e-15,9.8980729594114662e-15
reference,n03,SSP1,2060,"AESA (PBs-LCIA), 0.9.1, change in biosphere integrity, functional diversity, total",BI FD,%BII loss,"electricity production, wind, 1-3MW turbine, offshore",160000,160000,0.0061482184886000003,0.0029080690000000001,0.010422219999999999,0.0029080690000000001,0.0031096359999999998,0.004705852,0.0086369540000000005,0.010422219999999999,0.00011896279425874195,0,0.00024254197046053822,0,0,0.00018619213410766492,0.00022617719000881902,0.00024254197046053822,0.035014010239234186,0,0.083403100291134152,0,0,0.04770857554289621,0.06559929374803343,0.083403100291134152,9.4836007190259741e-15,4.4856835246129226e-15,1.607623032143786e-14,4.4856835246129226e-15,4.7965999397455197e-15,7.2587567572403045e-15,1.3322464726680251e-14,1.607623032143786e-14,1.4978209049474356e-15,0,3.0537649985483634e-15,0,0,2.3442830144212007e-15,2.8477218765934309e-15,3.0537649985483634e-15
reference,n03,SSP1,2060,"AESA (PBs-LCIA), 0.9.1, change in biosphere integrity, functional diversity, total",BI FD,%BII loss,"electricity production, wind, 1-3MW turbine, onshore",160000,160000,0.0061482184886000003,0.0029080690000000001,0.010422219999999999,0.0029080690000000001,0.0031096359999999998,0.004705852,0.0086369540000000005,0.010422219999999999,0.00013799480256417284,0,0.00027924046864567445,0,0,0.00022020365128505915,0.000259935243948939,0.00027924046864567445,0.040641950599747421,0,0.096022642050678453,0,0,0.054872532864409768,0.077758924196679222,0.096022642050678453,9.4836007190259741e-15,4.4856835246129226e-15,1.607623032143786e-14,4.4856835246129226e-15,4.7965999397455197e-15,7.2587567572403045e-15,1.3322464726680251e-14,1.607623032143786e-14,1.8216135422090446e-15,0,3.6861402518278897e-15,0,0,2.9068191505791599e-15,3.4313002468311926e-15,3.6861402518278897e-15
reference,n03,SSP1,2060,"AESA (PBs-LCIA), 0.9.1, change in biosphere integrity, functional diversity, total",BI FD,%BII loss,"heat and power co-generation, wood chips, 6667 kW",160000,160000,0.0061482184886000003,0.0029080690000000001,0.010422219999999999,0.0029080690000000001,0.0031096359999999998,0.004705852,0.0086369540000000005,0.010422219999999999,0.0025625365283818021,0.00040802561027973588,0.0043567247420724878,0.00040802561027973588,0.00083449496247583891,0.0023078594356410768,0.0041797632190911389,0.0043567247420724878,0.37856562994225751,0.14030809113529832,0.65141266079224203,0.14030809113529832,0.26835776356970364,0.40104346474082669,0.46858773371372692,0.65141266079224203,9.4836007190259741e-15,4.4856835246129226e-15,1.607623032143786e-14,4.4856835246129226e-15,4.7965999397455197e-15,7.2587567572403045e-15,1.3322464726680251e-14,1.607623032143786e-14,2.9926548597958349e-13,4.7651210982272857e-14,5.0879951554937057e-13,4.7651210982272857e-14,9.745637596979601e-14,2.6952306001821749e-13,4.8813310155849838e-13,5.0879951554937057e-13
reference,n03,SSP1,2060,"AESA (PBs-LCIA), 0.9.1, change in biosphere integrity, functional diversity, total",BI FD,%BII loss,transmission network construction,160000,160000,0.0061482184886000003,0.0029080690000000001,0.010422219999999999,0.0029080690000000001,0.0031096359999999998,0.004705852,0.0086369540000000005,0.010422219999999999,6.2809692524925238e-05,0,0.00012242816929502835,0,0,0.0001052518685803281,0.00012220725336858993,0.00012242816929502835,0.018409602664169189,0,0.042099471950297035,0,0,0.025626015291062877,0.035479795052753324,0.042099471950297035,9.4836007190259741e-15,4.4856835246129226e-15,1.607623032143786e-14,4.4856835246129226e-15,4.7965999397455197e-15,7.2587567572403045e-15,1.3322464726680251e-14,1.607623032143786e-14,,,,,,,,
reference,n03,SSP1,2060,"AESA (PBs-LCIA), 0.9.1, climate change, atmospheric CO2 concentration",aCO2,ppm,EU electricity market imports,160000,160000,0.26016206317653751,0.067630756,0.59846741199999998,0.067630756,0.104851201,0.13155325400000001,0.38073083899999999,0.59846741199999998,0.1583381867123092,0.0094982795339530017,0.46459520011742172,0.0094982795339530017,0.015715392243106755,0.025346926376594872,0.27171543953579619,0.46459520011742172,0.39976194499664969,0.1404431961983835,0.77630826808899289,0.1404431961983835,0.16871255748004774,0.19267426388856082,0.71366806074723088,0.77630826808899289,4.0129887865611415e-13,1.0432015458346271e-13,9.2313344478693077e-13,1.0432015458346271e-13,1.617325326260166e-13,2.0292033559582791e-13,5.8727570343519792e-13,9.2313344478693077e-13,2.9966071453147e-12,1.7975835778847838e-13,8.7926313054189876e-12,1.7975835778847838e-13,2.9741945047301462e-13,4.7969969872620647e-13,5.1423124373643556e-12,8.7926313054189876e-12
reference,n03,SSP1,2060,"AESA (PBs-LCIA), 0.9.1, climate change, atmospheric CO2 concentration",aCO2,ppm,Other life cycle contributions,160000,160000,0.26016206317653751,0.067630756,0.59846741199999998,0.067630756,0.104851201,0.13155325400000001,0.38073083899999999,0.59846741199999998,0.034198800913742472,-3.2730785698493478e-17,0.10359250371607269,-3.2730785698493478e-17,-8.1826963714869886e-18,0,0.065326805447328856,0.10359250371607269,0.073519312938896533,-2.4880255488392159e-16,0.17309631508569542,-2.4880255488392159e-16,-1.2099075709706674e-16,0,0.17158264778054624,0.17309631508569542,4.0129887865611415e-13,1.0432015458346271e-13,9.2313344478693077e-13,1.0432015458346271e-13,1.617325326260166e-13,2.0292033559582791e-13,5.8727570343519792e-13,9.2313344478693077e-13,,,,,,,,
reference,n03,SSP1,2060,"AESA (PBs-LCIA), 0.9.1, climate change, atmospheric CO2 concentration",aCO2,ppm,Transmission corona,160000,160000,0.26016206317653751,0.067630756,0.59846741199999998,0.067630756,0.104851201,0.13155325400000001,0.38073083899999999,0.59846741199999998,4.3978637693378906e-19,-8.6941148893999502e-18,1.29133178127104e-17,-8.6941148893999502e-18,-4.091348212311684e-18,0,0,1.29133178127104e-17,4.9413962928358394e-18,-8.9861239288356245e-17,1.2053727228868986e-16,-8.9861239288356245e-17,-3.1100319360490192e-17,0,0,1.2053727228868986e-16,4.0129887865611415e-13,1.0432015458346271e-13,9.2313344478693077e-13,1.0432015458346271e-13,1.617325326260166e-13,2.0292033559582791e-13,5.8727570343519792e-13,9.2313344478693077e-13,,,,,,,,
reference,n03,SSP1,2060,"AESA (PBs-LCIA), 0.9.1, climate change, atmospheric CO2 concentration",aCO2,ppm,"electricity production, Evolutionary Power Reactor (EPR)",160000,160000,0.26016206317653751,0.067630756,0.59846741199999998,0.067630756,0.104851201,0.13155325400000001,0.38073083899999999,0.59846741199999998,0.0078992678465208948,0,0.01832391307762159,0,0,0.010876086600379004,0.012759924202472302,0.01832391307762159,0.071552884578450646,0,0.13928893828518746,0,0,0.11309104696042484,0.11910544449409972,0.13928893828518746,4.0129887865611415e-13,1.0432015458346271e-13,9.2313344478693077e-13,1.0432015458346271e-13,1.617325326260166e-13,2.0292033559582791e-13,5.8727570343519792e-13,9.2313344478693077e-13,3.2922966225046065e-14,0,7.6371327347172839e-14,0,0,4.5329901298128509e-14,5.3181454350705758e-14,7.6371327347172839e-14
reference,n03,SSP1,2060,"AESA (PBs-LCIA), 0.9.1, climate change, atmospheric CO2 concentration",aCO2,ppm,"electricity production, Small Modular Reactor (SMR)",160000,160000,0.26016206317653751,0.067630756,0.59846741199999998,0.067630756,0.104851201,0.13155325400000001,0.38073083899999999,0.59846741199999998,0.0016844570077002728,0,0.0043635105170535858,0,0,0.001148538732830026,0.0029272467922359475,0.0043635105170535858,0.014931787784519446,0,0.03316915685759917,0,0,0.016982491410121543,0.027323910769441493,0.03316915685759917,4.0129887865611415e-13,1.0432015458346271e-13,9.2313344478693077e-13,1.0432015458346271e-13,1.617325326260166e-13,2.0292033559582791e-13,5.8727570343519792e-13,9.2313344478693077e-13,4.5901120767135606e-14,0,1.1890479959671678e-13,0,0,3.1297453783901255e-14,7.9766896714515448e-14,1.1890479959671678e-13
reference,n03,SSP1,2060,"AESA (PBs-LCIA), 0.9.1, climate change, atmospheric CO2 concentration",aCO2,ppm,"electricity production, hydro, reservoir, alpine region",160000,160000,0.26016206317653751,0.067630756,0.59846741199999998,0.067630756,0.104851201,0.13155325400000001,0.38073083899999999,0.59846741199999998,0.00040218935085564836,0,0.00084963546903850785,0,0,0.00051661301103233354,0.00082161581787858283,0.00084963546903850785,0.0037348242155043126,0,0.008103249757134473,0,0,0.0062454997721195313,0.0066619225742089129,0.008103249757134473,4.0129887865611415e-13,1.0432015458346271e-13,9.2313344478693077e-13,1.0432015458346271e-13,1.617325326260166e-13,2.0292033559582791e-13,5.8727570343519792e-13,9.2313344478693077e-13,4.5883410685398485e-14,0,9.6929899061072976e-14,0,0,5.8937331414620843e-14,9.3733302114455949e-14,9.6929899061072976e-14
reference,n03,SSP1,2060,"AESA (PBs-LCIA), 0.9.1, climate change, atmospheric CO2 concentration",aCO2,ppm,"electricity production, hydro, run-of-river",160000,96120,0.26016206317653751,0.067630756,0.59846741199999998,0.067630756,0.104851201,0.13155325400000001,0.38073083899999999,0.59846741199999998,0.0015931474130689001,0,0.003529322980805813,0,0,0.0017875711368162161,0.0030791714560187353,0.003529322980805813,0.014602945440520017,0,0.029367059477160735,0,0,0.026431334536852081,0.026828093365184359,0.029367059477160735,4.0129887865611415e-13,1.0432015458346271e-13,9.2313344478693077e-13,1.0432015458346271e-13,1.617325326260166e-13,2.0292033559582791e-13,5.8727570343519792e-13,9.2313344478693077e-13,5.7627264654800561e-14,0,7.6693264787867879e-14,0,5.5761954923431496e-14,6.5616766253222549e-14,7.6693264787867879e-14,7.6693264787867879e-14
reference,n03,SSP1,2060,"AESA (PBs-LCIA), 0.9.1, climate change, atmospheric CO2 concentration",aCO2,ppm,"electricity production, nuclear, pressure water reactor",160000,160000,0.26016206317653751,0.067630756,0.59846741199999998,0.067630756,0.104851201,0.13155325400000001,0.38073083899999999,0.59846741199999998,0.00093984174920194762,0,0.0024255606059778488,0,0,0.0006557722557618235,0.0016448432764645683,0.0024255606059778488,0.008339081849387751,0,0.018437860959166,0,0,0.0096963614566399868,0.01535352298789402,0.018437860959166,4.0129887865611415e-13,1.0432015458346271e-13,9.2313344478693077e-13,1.0432015458346271e-13,1.617325326260166e-13,2.0292033559582791e-13,5.8727570343519792e-13,9.2313344478693077e-13,3.9400772374314936e-14,0,1.016862267107696e-13,0,0,2.7491791604262762e-14,6.8956391225215134e-14,1.016862267107696e-13
reference,n03,SSP1,2060,"AESA (PBs-LCIA), 0.9.1, climate change, atmospheric CO2 concentration",aCO2,ppm,"electricity production, photovoltaic",160000,160000,0.26016206317653751,0.067630756,0.59846741199999998,0.067630756,0.104851201,0.13155325400000001,0.38073083899999999,0.59846741199999998,0.021283284434120666,0.013631373856476281,0.030279708166505503,0.013631373856476281,0.018272503384115034,0.018863933752444526,0.023548639010678375,0.030279708166505503,0.12266699544172506,0.050595416825311622,0.20155584031141513,0.050595416825311622,0.061851146790550308,0.14339389698748559,0.17283536668991592,0.20155584031141513,4.0129887865611415e-13,1.0432015458346271e-13,9.2313344478693077e-13,1.0432015458346271e-13,1.617325326260166e-13,2.0292033559582791e-13,5.8727570343519792e-13,9.2313344478693077e-13,2.8423036770181646e-13,1.8204194146970681e-13,4.043742695720835e-13,1.8204194146970681e-13,2.4402250373338663e-13,2.5192083629338e-13,3.1448333753265233e-13,4.043742695720835e-13
reference,n03,SSP1,2060,"AESA (PBs-LCIA), 0.9.1, climate change, atmospheric CO2 concentration",aCO2,ppm,"electricity production, wind, 1-3MW turbine, offshore",160000,160000,0.26016206317653751,0.067630756,0.59846741199999998,0.067630756,0.104851201,0.13155325400000001,0.38073083899999999,0.59846741199999998,0.015167486144358406,0,0.021999959128049761,0,0.014082833754103498,0.018789026912841247,0.020139955006196558,0.021999959128049761,0.11562385040781524,0,0.20823120407087417,0,0.052898144681672497,0.16723234476624774,0.17464171366299747,0.20823120407087417,4.0129887865611415e-13,1.0432015458346271e-13,9.2313344478693077e-13,1.0432015458346271e-13,1.617325326260166e-13,2.0292033559582791e-13,5.8727570343519792e-13,9.2313344478693077e-13,1.9096877978867359e-13,0,2.7699417703533313e-13,0,1.773122826578786e-13,2.3656639673610799e-13,2.535754835537459e-13,2.7699417703533313e-13
reference,n03,SSP1,2060,"AESA (PBs-LCIA), 0.9.1, climate change, atmospheric CO2 concentration",aCO2,ppm,"electricity production, wind, 1-3MW turbine, onshore",160000,160000,0.26016206317653751,0.067630756,0.59846741199999998,0.067630756,0.104851201,0.13155325400000001,0.38073083899999999,0.59846741199999998,0.009643445209078453,0,0.019547103757720893,0,0,0.012669204783629434,0.016038089826271754,0.019547103757720893,0.090240905648365122,0,0.16654865304616126,0,0,0.14858700308333606,0.1497049502240993,0.16654865304616126,4.0129887865611415e-13,1.0432015458346271e-13,9.2313344478693077e-13,1.0432015458346271e-13,1.617325326260166e-13,2.0292033559582791e-13,5.8727570343519792e-13,9.2313344478693077e-13,1.2729922780842934e-13,0,2.5803342643096599e-13,0,0,1.672410586079288e-13,2.1171234966229034e-13,2.5803342643096599e-13
reference,n03,SSP1,2060,"AESA (PBs-LCIA), 0.9.1, climate change, atmospheric CO2 concentration",aCO2,ppm,"heat and power co-generation, wood chips, 6667 kW",160000,160000,0.26016206317653751,0.067630756,0.59846741199999998,0.067630756,0.104851201,0.13155325400000001,0.38073083899999999,0.59846741199999998,0.0041583710940686089,0,0.0087851397891883978,0,0,0.0054006039510465734,0.007140219493934028,0.0087851397891883978,0.039140851172037298,0,0.09452291706560384,0,0,0.054276266658778563,0.05581993913357787,0.09452291706560384,4.0129887865611415e-13,1.0432015458346271e-13,9.2313344478693077e-13,1.0432015458346271e-13,1.617325326260166e-13,2.0292033559582791e-13,5.8727570343519792e-13,9.2313344478693077e-13,4.8563481870656754e-13,0,1.0259713892541658e-12,0,0,6.3070882226681247e-13,8.3386958876722093e-13,1.0259713892541658e-12
reference,n03,SSP1,2060,"AESA (PBs-LCIA), 0.9.1, climate change, atmospheric CO2 concentration",aCO2,ppm,transmission network construction,160000,160000,0.26016206317653751,0.067630756,0.59846741199999998,0.067630756,0.104851201,0.13155325400000001,0.38073083899999999,0.59846741199999998,0.0048535853015119861,0,0.0091911884919185158,0,0,0.0063183388914446704,0.0085661286682737099,0.0091911884919185158,0.045884615526128804,0,0.093424046471470318,0,0,0.069866675376334786,0.077036714350822905,0.093424046471470318,4.0129887865611415e-13,1.0432015458346271e-13,9.2313344478693077e-13,1.0432015458346271e-13,1.617325326260166e-13,2.0292033559582791e-13,5.8727570343519792e-13,9.2313344478693077e-13,,,,,,,,
reference,n03,SSP1,2060,"AESA (PBs-LCIA), 0.9.1, climate change, energy imbalance at top-of-atmosphere",EI,W m-2,EU electricity market imports,160000,160000,0.00367629166441875,0.001145603,0.0081354259999999994,0.001145603,0.0016520339999999999,0.001960491,0.0052680569999999996,0.0081354259999999994,0.0021084384838664962,0.00014283900856629144,0.0061455672221934808,0.00014283900856629144,0.00024662640792589565,0.00034037425411163083,0.0036051341304699715,0.0061455672221934808,0.38216745737238744,0.12468456224913119,0.75540816451326354,0.12468456224913119,0.15484137309794024,0.17361684094016797,0.68433848200009451,0.75540816451326354,5.6706642004449008e-15,1.7670872288445811e-15,1.254886011326925e-14,1.7670872288445811e-15,2.5482561325063728e-15,3.024048627665773e-15,8.1259552202642496e-15,1.254886011326925e-14,3.9902956196417893e-14,2.7032787990470097e-15,1.1630707072874569e-13,2.7032787990470097e-15,4.6674947679236199e-15,6.4417043071219046e-15,6.8228457388492031e-14,1.1630707072874569e-13
reference,n03,SSP1,2060,"AESA (PBs-LCIA), 0.9.1, climate change, energy imbalance at top-of-atmosphere",EI,W m-2,Other life cycle contributions,160000,160000,0.00367629166441875,0.001145603,0.0081354259999999994,0.001145603,0.0016520339999999999,0.001960491,0.0052680569999999996,0.0081354259999999994,0.00053268546859971705,-5.1141852588937024e-19,0.0015720853543209502,-5.1141852588937024e-19,0,0,0.0010632810647574343,0.0015720853543209502,0.082963651775972383,-3.3871401021759318e-16,0.20183552773962668,-3.3871401021759318e-16,0,0,0.19323946334475298,0.20183552773962668,5.6706642004449008e-15,1.7670872288445811e-15,1.254886011326925e-14,1.7670872288445811e-15,2.5482561325063728e-15,3.024048627665773e-15,8.1259552202642496e-15,1.254886011326925e-14,,,,,,,,
reference,n03,SSP1,2060,"AESA (PBs-LCIA), 0.9.1, climate change, energy imbalance at top-of-atmosphere",EI,W m-2,Transmission corona,160000,160000,0.00367629166441875,0.001145603,0.0081354259999999994,0.001145603,0.0016520339999999999,0.001960491,0.0052680569999999996,0.0081354259999999994,9.3165335837311092e-05,0,0.00015508175216366897,0,0,0.00015508166253698082,0.00015508172657447271,0.00015508175216366897,0.057657015873209892,0,0.13537128670548956,0,0,0.079103513647587623,0.093873166373682884,0.13537128670548956,5.6706642004449008e-15,1.7670872288445811e-15,1.254886011326925e-14,1.7670872288445811e-15,2.5482561325063728e-15,3.024048627665773e-15,8.1259552202642496e-15,1.254886011326925e-14,,,,,,,,
reference,n03,SSP1,2060,"AESA (PBs-LCIA), 0.9.1, climate change, energy imbalance at top-of-atmosphere",EI,W m-2,"electricity production, Evolutionary Power Reactor (EPR)",160000,160000,0.00367629166441875,0.001145603,0.0081354259999999994,0.001145603,0.0016520339999999999,0.001960491,0.0052680569999999996,0.0081354259999999994,0.00011616422166715781,0,0.00026076482093275041,0,0,0.00016287968970128859,0.0001877242531357542,0.00026076482093275041,0.068476559254997058,0,0.13300995563496615,0,0,0.10688878510475776,0.11143901187426306,0.13300995563496615,5.6706642004449008e-15,1.7670872288445811e-15,1.254886011326925e-14,1.7670872288445811e-15,2.5482561325063728e-15,3.024048627665773e-15,8.1259552202642496e-15,1.254886011326925e-14,4.8415508068040827e-16,0,1.0868285988380499e-15,0,0,6.7885839591861733e-16,7.8240657708092765e-16,1.0868285988380499e-15
reference,n03,SSP1,2060,"AESA (PBs-LCIA), 0.9.1, climate change, energy imbalance at top-of-atmosphere",EI,W m-2,"electricity production, Small Modular Reactor (SMR)",160000,160000,0.00367629166441875,0.001145603,0.0081354259999999994,0.001145603,0.0016520339999999999,0.001960491,0.0052680569999999996,0.0081354259999999994,2.3237342922030668e-05,0,5.9230215407047282e-05,0,0,1.7763552640040917e-05,4.0411766959041588e-05,5.9230215407047282e-05,0.013418386097677211,0,0.03021192926009213,0,0,0.015505853808030283,0.023989693940888315,0.03021192926009213,5.6706642004449008e-15,1.7670872288445811e-15,1.254886011326925e-14,1.7670872288445811e-15,2.5482561325063728e-15,3.024048627665773e-15,8.1259552202642496e-15,1.254886011326925e-14,6.3321296756699554e-16,0,1.614011448340332e-15,0,0,4.840531542290323e-16,1.1012126451501434e-15,1.614011448340332e-15
reference,n03,SSP1,2060,"AESA (PBs-LCIA), 0.9.1, climate change, energy imbalance at top-of-atmosphere",EI,W m-2,"electricity production, hydro, reservoir, alpine region",160000,160000,0.00367629166441875,0.001145603,0.0081354259999999994,0.001145603,0.0016520339999999999,0.001960491,0.0052680569999999996,0.0081354259999999994,5.4637182408973331e-06,0,1.1461380515930864e-05,0,0,7.2042634967364455e-06,1.1116837911522642e-05,1.1461380515930864e-05,0.0032625545911586819,0,0.0069377388818455702,0,0,0.0056704355753342617,0.005849665655205079,0.0069377388818455702,5.6706642004449008e-15,1.7670872288445811e-15,1.254886011326925e-14,1.7670872288445811e-15,2.5482561325063728e-15,3.024048627665773e-15,8.1259552202642496e-15,1.254886011326925e-14,6.2332335567213289e-16,0,1.307561655703888e-15,0,0,8.2189167776929367e-16,1.2682542878046544e-15,1.307561655703888e-15
reference,n03,SSP1,2060,"AESA (PBs-LCIA), 0.9.1, climate change, energy imbalance at top-of-atmosphere",EI,W m-2,"electricity production, hydro, run-of-river",160000,96120,0.00367629166441875,0.001145603,0.0081354259999999994,0.001145603,0.0016520339999999999,0.001960491,0.0052680569999999996,0.0081354259999999994,2.1333935797368293e-05,0,4.7023118603251772e-05,0,0,2.4738109495123176e-05,4.1012711954084981e-05,4.7023118603251772e-05,0.01261402642423343,0,0.024825585886298334,0,0,0.021593963611410912,0.023985378460422299,0.024825585886298334,5.6706642004449008e-15,1.7670872288445811e-15,1.254886011326925e-14,1.7670872288445811e-15,2.5482561325063728e-15,3.024048627665773e-15,8.1259552202642496e-15,1.254886011326925e-14,7.7169023368140281e-16,0,1.0218265691163757e-15,0,7.527652417916582e-16,8.7457727351046544e-16,1.0218265691163757e-15,1.0218265691163757e-15
reference,n03,SSP1,2060,"AESA (PBs-LCIA), 0.9.1, climate change, energy imbalance at top-of-atmosphere",EI,W m-2,"electricity production, nuclear, pressure water reactor",160000,160000,0.00367629166441875,0.001145603,0.0081354259999999994,0.001145603,0.0016520339999999999,0.001960491,0.0052680569999999996,0.0081354259999999994,1.2971986152559784e-05,0,3.2952156354007994e-05,0,0,1.0119333240155562e-05,2.2689443559152321e-05,3.2952156354007994e-05,0.0074957786806789019,0,0.016808114066327259,0,0,0.0088331937330432628,0.013469166226381526,0.016808114066327259,5.6706642004449008e-15,1.7670872288445811e-15,1.254886011326925e-14,1.7670872288445811e-15,2.5482561325063728e-15,3.024048627665773e-15,8.1259552202642496e-15,1.254886011326925e-14,5.438215995307692e-16,0,1.3814455820733915e-15,0,0,4.2423038241597367e-16,9.5120437368670866e-16,1.3814455820733915e-15
reference,n03,SSP1,2060,"AESA (PBs-LCIA), 0.9.1, climate change, energy imbalance at top-of-atmosphere",EI,W m-2,"electricity production, photovoltaic",160000,160000,0.00367629166441875,0.001145603,0.0081354259999999994,0.001145603,0.0016520339999999999,0.001960491,0.0052680569999999996,0.0081354259999999994,0.00029895131698104638,0.00019878606290283504,0.00041777342348556766,0.00019878606290283504,0.00025995752264903343,0.00026605680789829761,0.00032906817310285439,0.00041777342348556766,0.11403917681303297,0.051352372141983432,0.17352089938908596,0.051352372141983432,0.062464808771593473,0.13570927277824668,0.1561750800980575,0.17352089938908596,5.6706642004449008e-15,1.7670872288445811e-15,1.254886011326925e-14,1.7670872288445811e-15,2.5482561325063728e-15,3.024048627665773e-15,8.1259552202642496e-15,1.254886011326925e-14,3.9923838696397837e-15,2.6547133144351096e-15,5.5792090929328645e-15,2.6547133144351096e-15,3.4716372230765116e-15,3.5530894699214354e-15,4.3945831816485212e-15,5.5792090929328645e-15
reference,n03,SSP1,2060,"AESA (PBs-LCIA), 0.9.1, climate change, energy imbalance at top-of-atmosphere",EI,W m-2,"electricity production, wind, 1-3MW turbine, offshore",160000,160000,0.00367629166441875,0.001145603,0.0081354259999999994,0.001145603,0.0016520339999999999,0.001960491,0.0052680569999999996,0.0081354259999999994,0.00020430438506670735,0,0.00029461874817396372,0,0.00019307360233482409,0.00025314730562706316,0.00027057363166973965,0.00029461874817396372,0.10116470644161814,0,0.16853447689542023,0,0.051361181488685424,0.15027804166097355,0.15076866922716356,0.16853447689542023,5.6706642004449008e-15,1.7670872288445811e-15,1.254886011326925e-14,1.7670872288445811e-15,2.5482561325063728e-15,3.024048627665773e-15,8.1259552202642496e-15,1.254886011326925e-14,2.5723285745255743e-15,0,3.7094462789377406e-15,0,2.4309248545971571e-15,3.1872945101271326e-15,3.4067025743210367e-15,3.7094462789377406e-15
reference,n03,SSP1,2060,"AESA (PBs-LCIA), 0.9.1, climate change, energy imbalance at top-of-atmosphere",EI,W m-2,"electricity production, wind, 1-3MW turbine, onshore",160000,160000,0.00367629166441875,0.001145603,0.0081354259999999994,0.001145603,0.0016520339999999999,0.001960491,0.0052680569999999996,0.0081354259999999994,0.00013032534128346707,0,0.00026188654643516672,0,0,0.00017300804043718211,0.00021658805543862673,0.00026188654643516672,0.078405430374257096,0,0.13619689860571924,0,0,0.1285734713478619,0.13358212123145005,0.13619689860571924,5.6706642004449008e-15,1.7670872288445811e-15,1.254886011326925e-14,1.7670872288445811e-15,2.5482561325063728e-15,3.024048627665773e-15,8.1259552202642496e-15,1.254886011326925e-14,1.7203721857691546e-15,0,3.4570581148466093e-15,0,0,2.2838100661526121e-15,2.8590914377918176e-15,3.4570581148466093e-15
reference,n03,SSP1,2060,"AESA (PBs-LCIA), 0.9.1, climate change, energy imbalance at top-of-atmosphere",EI,W m-2,"heat and power co-generation, wood chips, 6667 kW",160000,160000,0.00367629166441875,0.001145603,0.0081354259999999994,0.001145603,0.0016520339999999999,0.001960491,0.0052680569999999996,0.0081354259999999994,6.1163689632037861e-05,0,0.00012897768274089261,0,0,8.1553161848305289e-05,0.00010354672483254621,0.00012897768274089261,0.037047850154270576,0,0.087343842643422834,0,0,0.052816730519316957,0.054012901561448987,0.087343842643422834,5.6706642004449008e-15,1.7670872288445811e-15,1.254886011326925e-14,1.7670872288445811e-15,2.5482561325063728e-15,3.024048627665773e-15,8.1259552202642496e-15,1.254886011326925e-14,7.1429934852204124e-15,0,1.5062646623071519e-14,0,0,9.5241752270030489e-15,1.209268890323179e-14,1.5062646623071519e-14
reference,n03,SSP1,2060,"AESA (PBs-LCIA), 0.9.1, climate change, energy imbalance at top-of-atmosphere",EI,W m-2,transmission network construction,160000,160000,0.00367629166441875,0.001145603,0.0081354259999999994,0.001145603,0.0016520339999999999,0.001960491,0.0052680569999999996,0.0081354259999999994,6.8086438371953075e-05,0,0.00012783904276534238,0,0,9.0517193706957715e-05,0.00011986569950424623,0.00012783904276534238,0.041287406146506195,0,0.079012706589418613,0,0,0.065207666225115229,0.069540260673357682,0.079012706589418613,5.6706642004449008e-15,1.7670872288445811e-15,1.254886011326925e-14,1.7670872288445811e-15,2.5482561325063728e-15,3.024048627665773e-15,8.1259552202642496e-15,1.254886011326925e-14,,,,,,,,
reference,n03,SSP1,2060,"AESA (PBs-LCIA), 0.9.1, freshwater use, global",FWU,km3 yr-1,EU electricity market imports,160000,160000,2.4483869602109438,2.3553070479999998,2.5537885220000001,2.3553070479999998,2.374528502,2.4721133800000001,2.4898427330000001,2.5537885220000001,0.12095056329407067,0,0.22215741164183089,0,0.043689893460664757,0.14924718096085635,0.17393259580129861,0.22215741164183089,0.048627357676009772,0,0.086991311037708116,0,0.018549553230337364,0.060372304186491782,0.069856860232986692,0.086991311037708116,3.7766265003628639e-12,3.6330511299990858e-12,3.9392079627617212e-12,3.6330511299990858e-12,3.662700142037249e-12,3.8132244028471544e-12,3.840571854021334e-12,3.9392079627617212e-12,2.2890329227285068e-12,0,4.2044089375079471e-12,0,8.2684695115854138e-13,2.8245565922001064e-12,3.2917369482355306e-12,4.2044089375079471e-12
reference,n03,SSP1,2060,"AESA (PBs-LCIA), 0.9.1, freshwater use, global",FWU,km3 yr-1,Other life cycle contributions,160000,160000,2.4483869602109438,2.3553070479999998,2.5537885220000001,2.3553070479999998,2.374528502,2.4721133800000001,2.4898427330000001,2.5537885220000001,0.086563774869842888,0,0.27626646033001129,0,2.6184628477251794e-16,5.2369256952327249e-16,0.17486606322601644,0.27626646033001129,0.034682787269964044,0,0.1135873341111418,0,1.1117288720163418e-16,2.2044092630507193e-16,0.068473196476374662,0.1135873341111418,3.7766265003628639e-12,3.6330511299990858e-12,3.9392079627617212e-12,3.6330511299990858e-12,3.662700142037249e-12,3.8132244028471544e-12,3.840571854021334e-12,3.9392079627617212e-12,,,,,,,,
reference,n03,SSP1,2060,"AESA (PBs-LCIA), 0.9.1, freshwater use, global",FWU,km3 yr-1,Transmission corona,160000,160000,2.4483869602109438,2.3553070479999998,2.5537885220000001,2.3553070479999998,2.374528502,2.4721133800000001,2.4898427330000001,2.5537885220000001,-1.171819311554967e-13,-1.8791398625907499e-12,6.5199724908357019e-13,-1.8791398625907499e-12,-2.243250418160485e-13,0,1.8587813136314211e-13,6.5199724908357019e-13,-4.7587326030481356e-14,-7.9099715381417447e-13,2.7682048913206931e-13,-7.9099715381417447e-13,-9.0096068656416817e-14,0,7.8280016940871454e-14,2.7682048913206931e-13,3.7766265003628639e-12,3.6330511299990858e-12,3.9392079627617212e-12,3.6330511299990858e-12,3.662700142037249e-12,3.8132244028471544e-12,3.840571854021334e-12,3.9392079627617212e-12,,,,,,,,
reference,n03,SSP1,2060,"AESA (PBs-LCIA), 0.9.1, freshwater use, global",FWU,km3 yr-1,"electricity production, Evolutionary Power Reactor (EPR)",160000,160000,2.4483869602109438,2.3553070479999998,2.5537885220000001,2.3553070479999998,2.374528502,2.4721133800000001,2.4898427330000001,2.5537885220000001,1.7345420629389714,1.7333729438553001,1.7361705626732569,1.7333729438553001,1.7333968550836114,1.7346044174163457,1.735612400555117,1.7361705626732569,0.70906494512947915,0.67922790100798558,0.73689432638046315,0.67922790100798558,0.69627415438200879,0.70117048751837585,0.7311643390302236,0.73689432638046315,3.7766265003628639e-12,3.6330511299990858e-12,3.9392079627617212e-12,3.6330511299990858e-12,3.662700142037249e-12,3.8132244028471544e-12,3.840571854021334e-12,3.9392079627617212e-12,7.2293117501428387e-12,7.2244390379210787e-12,7.2360990936836845e-12,7.2244390379210787e-12,7.2245386942804838e-12,7.2295716351003943e-12,7.2337727559552777e-12,7.2360990936836845e-12
reference,n03,SSP1,2060,"AESA (PBs-LCIA), 0.9.1, freshwater use, global",FWU,km3 yr-1,"electricity production, Small Modular Reactor (SMR)",160000,160000,2.4483869602109438,2.3553070479999998,2.5537885220000001,2.3553070479999998,2.374528502,2.4721133800000001,2.4898427330000001,2.5537885220000001,0.15754336894499754,0.15713727856348247,0.15804845639068651,0.15713727856348247,0.15716979026009861,0.15746192771939724,0.1580348263942242,0.15804845639068651,0.064405068767642029,0.061658170346885609,0.06710312208545921,0.061658170346885609,0.063143658657555321,0.063563944855750287,0.066554192236949694,0.06710312208545921,3.7766265003628639e-12,3.6330511299990858e-12,3.9392079627617212e-12,3.6330511299990858e-12,3.662700142037249e-12,3.8132244028471544e-12,3.840571854021334e-12,3.9392079627617212e-12,4.2930256958071627e-12,4.2819598137868276e-12,4.3067892282560685e-12,4.2819598137868276e-12,4.2828457498777364e-12,4.2908064389821497e-12,4.3064178144647669e-12,4.3067892282560685e-12
reference,n03,SSP1,2060,"AESA (PBs-LCIA), 0.9.1, freshwater use, global",FWU,km3 yr-1,"electricity production, hydro, reservoir, alpine region",160000,160000,2.4483869602109438,2.3553070479999998,2.5537885220000001,2.3553070479999998,2.374528502,2.4721133800000001,2.4898427330000001,2.5537885220000001,0.2647156097735851,0.26468191766229715,0.26493514762357784,0.26468191766229715,0.26469204421116049,0.26469795455492778,0.26469870199640938,0.26493514762357784,0.10821223283721774,0.10364942113104593,0.11238362946338358,0.10364942113104593,0.10630874018787292,0.1070670624590435,0.11149293138639685,0.11238362946338358,3.7766265003628639e-12,3.6330511299990858e-12,3.9392079627617212e-12,3.6330511299990858e-12,3.662700142037249e-12,3.8132244028471544e-12,3.840571854021334e-12,3.9392079627617212e-12,3.0199842513708721e-11,3.0195998784327952e-11,3.0224888292108659e-11,3.0195998784327952e-11,3.019715405762835e-11,3.0197828328942229e-11,3.0197913608593244e-11,3.0224888292108659e-11
reference,n03,SSP1,2060,"AESA (PBs-LCIA), 0.9.1, freshwater use, global",FWU,km3 yr-1,"electricity production, hydro, run-of-river",160000,96120,2.4483869602109438,2.3553070479999998,2.5537885220000001,2.3553070479999998,2.374528502,2.4721133800000001,2.4898427330000001,2.5537885220000001,0.0011424877236519717,0,0.0023662876021443222,0,0,0.0020305177398153985,0.0020890799377486493,0.0023662876021443222,0.00047617980439768938,0,0.00099652945843828073,0,0,0.0008168946434015603,0.00088696713217182601,0.00099652945843828073,3.7766265003628639e-12,3.6330511299990858e-12,3.9392079627617212e-12,3.6330511299990858e-12,3.662700142037249e-12,3.8132244028471544e-12,3.840571854021334e-12,3.9392079627617212e-12,4.1326020413478694e-14,0,5.1420151464298192e-14,0,4.412376991691466e-14,4.5396344341130115e-14,4.8865941440969052e-14,5.1420151464298192e-14
reference,n03,SSP1,2060,"AESA (PBs-LCIA), 0.9.1, freshwater use, global",FWU,km3 yr-1,"electricity production, nuclear, pressure water reactor",160000,160000,2.4483869602109438,2.3553070479999998,2.5537885220000001,2.3553070479999998,2.374528502,2.4721133800000001,2.4898427330000001,2.5537885220000001,0.040476986793448341,0,0.075807347553840915,0,0,0.075446553481970088,0.075751925413667945,0.075807347553840915,0.016860920562913356,0,0.032162229327166669,0,0,0.030312919223401024,0.031925221150215913,0.032162229327166669,3.7766265003628639e-12,3.6330511299990858e-12,3.9392079627617212e-12,3.6330511299990858e-12,3.662700142037249e-12,3.8132244028471544e-12,3.840571854021334e-12,3.9392079627617212e-12,1.6969075349346773e-12,0,3.1780542347027492e-12,0,0,3.1629287461284355e-12,3.1757307842136024e-12,3.1780542347027492e-12
reference,n03,SSP1,2060,"AESA (PBs-LCIA), 0.9.1, freshwater use, global",FWU,km3 yr-1,"electricity production, photovoltaic",160000,160000,2.4483869602109438,2.3553070479999998,2.5537885220000001,2.3553070479999998,2.374528502,2.4721133800000001,2.4898427330000001,2.5537885220000001,0.018798520711188135,0,0.036016687295330557,0,0,0.03408970081938776,0.035317716826156823,0.036016687295330557,0.0078333732698429026,0,0.015167932187377281,0,0,0.01374567796624151,0.014994952295560247,0.015167932187377281,3.7766265003628639e-12,3.6330511299990858e-12,3.9392079627617212e-12,3.6330511299990858e-12,3.662700142037249e-12,3.8132244028471544e-12,3.840571854021334e-12,3.9392079627617212e-12,2.5104727019485619e-13,0,4.8098949737761659e-13,0,0,4.5525530778538498e-13,4.7165500596463357e-13,4.8098949737761659e-13
reference,n03,SSP1,2060,"AESA (PBs-LCIA), 0.9.1, freshwater use, global",FWU,km3 yr-1,"electricity production, wind, 1-3MW turbine, offshore",160000,160000,2.4483869602109438,2.3553070479999998,2.5537885220000001,2.3553070479999998,2.374528502,2.4721133800000001,2.4898427330000001,2.5537885220000001,0.010153446457642528,0,0.0197274892040546,0,0,0.01848104701646611,0.018905589741524592,0.0197274892040546,0.0042306624700278392,0,0.008307960585623074,0,0,0.007451943392323206,0.0080268047249203462,0.008307960585623074,3.7766265003628639e-12,3.6330511299990858e-12,3.9392079627617212e-12,3.6330511299990858e-12,3.662700142037249e-12,3.8132244028471544e-12,3.840571854021334e-12,3.9392079627617212e-12,1.2783867179819015e-13,0,2.4838226395925342e-13,0,0,2.3268872434881051e-13,2.3803400077468578e-13,2.4838226395925342e-13
reference,n03,SSP1,2060,"AESA (PBs-LCIA), 0.9.1, freshwater use, global",FWU,km3 yr-1,"electricity production, wind, 1-3MW turbine, onshore",160000,160000,2.4483869602109438,2.3553070479999998,2.5537885220000001,2.3553070479999998,2.374528502,2.4721133800000001,2.4898427330000001,2.5537885220000001,0.0073527818487817056,0,0.014482894583803087,0,0,0.013487272660618423,0.013498448059886172,0.014482894583803087,0.0030632115638339784,0,0.0060992717382017288,0,0,0.0054383494773974882,0.0057310778530333568,0.0060992717382017288,3.7766265003628639e-12,3.6330511299990858e-12,3.9392079627617212e-12,3.6330511299990858e-12,3.662700142037249e-12,3.8132244028471544e-12,3.840571854021334e-12,3.9392079627617212e-12,9.7061105511424863e-14,0,1.9118284595271864e-13,0,0,1.7804004275752828e-13,1.7818756468532306e-13,1.9118284595271864e-13
reference,n03,SSP1,2060,"AESA (PBs-LCIA), 0.9.1, freshwater use, global",FWU,km3 yr-1,"heat and power co-generation, wood chips, 6667 kW",160000,160000,2.4483869602109438,2.3553070479999998,2.5537885220000001,2.3553070479999998,2.374528502,2.4721133800000001,2.4898427330000001,2.5537885220000001,0.0036311360806622838,0,0.011801862915489864,0,0,0.0029351059347193097,0.0055346577728099611,0.011801862915489864,0.0014945858863948105,0,0.0047400033580714766,0,0,0.0012461670070624737,0.0023297353394400432,0.0047400033580714766,3.7766265003628639e-12,3.6330511299990858e-12,3.9392079627617212e-12,3.6330511299990858e-12,3.662700142037249e-12,3.8132244028471544e-12,3.840571854021334e-12,3.9392079627617212e-12,4.2406174804613938e-13,0,1.3782790034180019e-12,0,0,3.4277595926480542e-13,6.4636427766235272e-13,1.3782790034180019e-12
reference,n03,SSP1,2060,"AESA (PBs-LCIA), 0.9.1, freshwater use, global",FWU,km3 yr-1,transmission network construction,160000,160000,2.4483869602109438,2.3553070479999998,2.5537885220000001,2.3553070479999998,2.374528502,2.4721133800000001,2.4898427330000001,2.5537885220000001,0.0025162207742180898,0,0.004885147118086566,0,0,0.0045062231689209911,0.0047604771242482045,0.004885147118086566,0.0010486747623243665,0,0.002057312478655001,0,0,0.0018170031134088641,0.0020211705001649555,0.002057312478655001,3.7766265003628639e-12,3.6330511299990858e-12,3.9392079627617212e-12,3.6330511299990858e-12,3.662700142037249e-12,3.8132244028471544e-12,3.840571854021334e-12,3.9392079627617212e-12,,,,,,,,
reference,n03,SSP1,2060,"AESA (PBs-LCIA), 0.9.1, land-system change, global",LSC,%,EU electricity market imports,160000,160000,4.9747682874999994e-07,5.2000000000000002e-09,1.0499999999999999e-06,5.2000000000000002e-09,1.04e-07,3.2800000000000003e-07,8.6300000000000004e-07,1.0499999999999999e-06,1.4807390879499756e-07,-9.7137412387709152e-09,4.2805444936217061e-07,-9.7137412387709152e-09,3.3353482799800255e-08,3.9723728985475551e-08,2.2590663792965563e-07,4.2805444936217061e-07,0.13829826298158387,-1.8680271613020989,0.40767090415444823,-1.8680271613020989,0.18955855330694016,0.26176898948975158,0.38783119534651461,0.40767090415444823,7.6651044235551642e-19,8.0260989730328359e-21,1.6160576289693011e-18,8.0260989730328359e-21,1.6022463803419841e-19,5.0650239783266038e-19,1.330621205704598e-18,1.6160576289693011e-18,2.7982844795404088e-18,-1.8395341847045653e-19,8.0832633032917163e-18,-1.8395341847045653e-19,6.3103856671063021e-19,7.5087239017745443e-19,4.273589486291115e-18,8.0832633032917163e-18
reference,n03,SSP1,2060,"AESA (PBs-LCIA), 0.9.1, land-system change, global",LSC,%,Other life cycle contributions,160000,160000,4.9747682874999994e-07,5.2000000000000002e-09,1.0499999999999999e-06,5.2000000000000002e-09,1.04e-07,3.2800000000000003e-07,8.6300000000000004e-07,1.0499999999999999e-06,-9.571890168719205e-09,-4.6598944687973813e-08,3.0140623695163924e-09,-4.6598944687973813e-08,-1.4038746455424948e-08,0,0,3.0140623695163924e-09,-0.0098609427122142643,-0.044379947321879824,0.0034925404050016109,-0.044379947321879824,-0.026588534953456353,0,0,0.0034925404050016109,7.6651044235551642e-19,8.0260989730328359e-21,1.6160576289693011e-18,8.0260989730328359e-21,1.6022463803419841e-19,5.0650239783266038e-19,1.330621205704598e-18,1.6160576289693011e-18,,,,,,,,
reference,n03,SSP1,2060,"AESA (PBs-LCIA), 0.9.1, land-system change, global",LSC,%,Transmission corona,160000,160000,4.9747682874999994e-07,5.2000000000000002e-09,1.0499999999999999e-06,5.2000000000000002e-09,1.04e-07,3.2800000000000003e-07,8.6300000000000004e-07,1.0499999999999999e-06,9.6421617374730655e-22,-6.008289951614594e-21,1.5291134220027075e-20,-6.008289951614594e-21,-4.1761850841417992e-21,0,0,1.5291134220027075e-20,5.9853967480894219e-14,-5.7772018765524941e-14,1.0333209010857291e-12,-5.7772018765524941e-14,-4.8560291676067429e-14,0,0,1.0333209010857291e-12,7.6651044235551642e-19,8.0260989730328359e-21,1.6160576289693011e-18,8.0260989730328359e-21,1.6022463803419841e-19,5.0650239783266038e-19,1.330621205704598e-18,1.6160576289693011e-18,,,,,,,,
reference,n03,SSP1,2060,"AESA (PBs-LCIA), 0.9.1, land-system change, global",LSC,%,"electricity production, Evolutionary Power Reactor (EPR)",160000,160000,4.9747682874999994e-07,5.2000000000000002e-09,1.0499999999999999e-06,5.2000000000000002e-09,1.04e-07,3.2800000000000003e-07,8.6300000000000004e-07,1.0499999999999999e-06,-5.9877167219558561e-09,-2.0433853672296273e-08,0,-2.0433853672296273e-08,-8.6530335053416931e-09,-6.1406625961221725e-09,0,0,-0.29732022659597868,-3.9295872446723599,0,-3.9295872446723599,-0.08320224524367012,-0.018721532305250525,0,0,7.6651044235551642e-19,8.0260989730328359e-21,1.6160576289693011e-18,8.0260989730328359e-21,1.6022463803419841e-19,5.0650239783266038e-19,1.330621205704598e-18,1.6160576289693011e-18,-2.4943561227589982e-20,-8.5219618398944125e-20,0,-8.5219618398944125e-20,-3.6020727843887837e-20,-2.5621882557678576e-20,0,0
reference,n03,SSP1,2060,"AESA (PBs-LCIA), 0.9.1, land-system change, global",LSC,%,"electricity production, Small Modular Reactor (SMR)",160000,160000,4.9747682874999994e-07,5.2000000000000002e-09,1.0499999999999999e-06,5.2000000000000002e-09,1.04e-07,3.2800000000000003e-07,8.6300000000000004e-07,1.0499999999999999e-06,-5.2151862761170962e-10,-3.4228830687401645e-09,0,-3.4228830687401645e-09,-2.5680665138550274e-10,-1.8845589533082187e-10,0,0,-0.045882751093507895,-0.65824674398849314,0,-0.65824674398849314,-0.001812075916642518,-0.00078294710788263033,0,0,7.6651044235551642e-19,8.0260989730328359e-21,1.6160576289693011e-18,8.0260989730328359e-21,1.6022463803419841e-19,5.0650239783266038e-19,1.330621205704598e-18,1.6160576289693011e-18,-1.4207511666955906e-20,-9.3332438263872924e-20,0,-9.3332438263872924e-20,-7.0057286373826127e-21,-5.1291460884299957e-21,0,0
reference,n03,SSP1,2060,"AESA (PBs-LCIA), 0.9.1, land-system change, global",LSC,%,"electricity production, hydro, reservoir, alpine region",160000,160000,4.9747682874999994e-07,5.2000000000000002e-09,1.0499999999999999e-06,5.2000000000000002e-09,1.04e-07,3.2800000000000003e-07,8.6300000000000004e-07,1.0499999999999999e-06,-6.1416882429078398e-09,-1.1793545308545138e-08,0,-1.1793545308545138e-08,-1.1581950302840435e-08,-1.0997068827148608e-08,0,0,-0.19298881621638742,-2.2679894824125264,0,-2.2679894824125264,-0.11136490675808111,-0.033527648863257951,0,0,7.6651044235551642e-19,8.0260989730328359e-21,1.6160576289693011e-18,8.0260989730328359e-21,1.6022463803419841e-19,5.0650239783266038e-19,1.330621205704598e-18,1.6160576289693011e-18,-7.0035069277887118e-19,-1.3463150335812625e-18,0,-1.3463150335812625e-18,-1.3197109043768797e-18,-1.2559887615375709e-18,0,0
reference,n03,SSP1,2060,"AESA (PBs-LCIA), 0.9.1, land-system change, global",LSC,%,"electricity production, hydro, run-of-river",160000,96120,4.9747682874999994e-07,5.2000000000000002e-09,1.0499999999999999e-06,5.2000000000000002e-09,1.04e-07,3.2800000000000003e-07,8.6300000000000004e-07,1.0499999999999999e-06,-1.6008374373571921e-08,-2.7874000363191861e-08,0,-2.7874000363191861e-08,-2.6764354401266762e-08,-2.4974389656831359e-08,0,0,-0.45642048339783881,-5.3511981116188467,0,-5.3511981116188467,-0.25734956155064193,-0.076141431880583407,0,0,7.6651044235551642e-19,8.0260989730328359e-21,1.6160576289693011e-18,8.0260989730328359e-21,1.6022463803419841e-19,5.0650239783266038e-19,1.330621205704598e-18,1.6160576289693011e-18,-5.788302291613292e-19,-6.0580646923973996e-19,-5.4330586121358925e-19,-6.0580646923973996e-19,-5.8089090484509861e-19,-5.8089090484509861e-19,-5.7543163668724664e-19,-5.4330586121358925e-19
reference,n03,SSP1,2060,"AESA (PBs-LCIA), 0.9.1, land-system change, global",LSC,%,"electricity production, nuclear, pressure water reactor",160000,160000,4.9747682874999994e-07,5.2000000000000002e-09,1.0499999999999999e-06,5.2000000000000002e-09,1.04e-07,3.2800000000000003e-07,8.6300000000000004e-07,1.0499999999999999e-06,-6.9570220464738318e-11,-1.411866877342078e-09,3.3784149138028642e-10,-1.411866877342078e-09,0,0,2.3269137034995851e-10,3.3784149138028642e-10,-0.017674776985214476,-0.27151286102732269,0.0032484758786566,-0.27151286102732269,0,0,0.00070942490960353198,0.0032484758786566,7.6651044235551642e-19,8.0260989730328359e-21,1.6160576289693011e-18,8.0260989730328359e-21,1.6022463803419841e-19,5.0650239783266038e-19,1.330621205704598e-18,1.6160576289693011e-18,-2.9170169839470155e-21,-5.9227164548613717e-20,1.4146042876901128e-20,-5.9227164548613717e-20,0,0,9.7659380246551821e-21,1.4146042876901128e-20
reference,n03,SSP1,2060,"AESA (PBs-LCIA), 0.9.1, land-system change, global",LSC,%,"electricity production, photovoltaic",160000,160000,4.9747682874999994e-07,5.2000000000000002e-09,1.0499999999999999e-06,5.2000000000000002e-09,1.04e-07,3.2800000000000003e-07,8.6300000000000004e-07,1.0499999999999999e-06,6.5283423554309268e-08,3.4488326910760645e-08,8.5421282474560411e-08,3.4488326910760645e-08,5.2751383147757936e-08,7.0903055791456056e-08,8.0962747994864844e-08,8.5421282474560411e-08,0.67389045207214238,0.077107379042728436,6.6323705597616627,0.077107379042728436,0.098621293896329301,0.21616785302273187,0.50722483795921092,6.6323705597616627,7.6651044235551642e-19,8.0260989730328359e-21,1.6160576289693011e-18,8.0260989730328359e-21,1.6022463803419841e-19,5.0650239783266038e-19,1.330621205704598e-18,1.6160576289693011e-18,8.7111416516708569e-19,4.6087287010309243e-19,1.140295950179229e-18,4.6087287010309243e-19,7.0361916640683202e-19,9.4793916007986324e-19,1.0788489291407452e-18,1.140295950179229e-18
reference,n03,SSP1,2060,"AESA (PBs-LCIA), 0.9.1, land-system change, global",LSC,%,"electricity production, wind, 1-3MW turbine, offshore",160000,160000,4.9747682874999994e-07,5.2000000000000002e-09,1.0499999999999999e-06,5.2000000000000002e-09,1.04e-07,3.2800000000000003e-07,8.6300000000000004e-07,1.0499999999999999e-06,6.7995019508345737e-09,0,2.5302646225985559e-08,0,0,1.6442451551361651e-09,9.9180853050144671e-09,2.5302646225985559e-08,0.062371507356514679,0,0.31620099137233942,0,0,0.0733325467015567,0.09536620485590834,0.31620099137233942,7.6651044235551642e-19,8.0260989730328359e-21,1.6160576289693011e-18,8.0260989730328359e-21,1.6022463803419841e-19,5.0650239783266038e-19,1.330621205704598e-18,1.6160576289693011e-18,8.5583742174905627e-20,0,3.1893221848717894e-19,0,0,2.0715361981913406e-20,1.2472358560585364e-19,3.1893221848717894e-19
reference,n03,SSP1,2060,"AESA (PBs-LCIA), 0.9.1, land-system change, global",LSC,%,"electricity production, wind, 1-3MW turbine, onshore",160000,160000,4.9747682874999994e-07,5.2000000000000002e-09,1.0499999999999999e-06,5.2000000000000002e-09,1.04e-07,3.2800000000000003e-07,8.6300000000000004e-07,1.0499999999999999e-06,-3.9267349229142078e-08,-6.060039133228486e-08,0,-6.060039133228486e-08,-5.2948615401029992e-08,-4.4315362534426663e-08,-3.770572943874335e-08,0,-0.97922427779257071,-11.65392141005478,0,-11.65392141005478,-0.50912130193298066,-0.11495649219129069,-0.051350362148814208,0,7.6651044235551642e-19,8.0260989730328359e-21,1.6160576289693011e-18,8.0260989730328359e-21,1.6022463803419841e-19,5.0650239783266038e-19,1.330621205704598e-18,1.6160576289693011e-18,-5.1814348818998102e-19,-8.0047204601844366e-19,0,-8.0047204601844366e-19,-6.9810402487083476e-19,-5.8474635780839488e-19,-4.9829276687768779e-19,0
reference,n03,SSP1,2060,"AESA (PBs-LCIA), 0.9.1, land-system change, global",LSC,%,"heat and power co-generation, wood chips, 6667 kW",160000,160000,4.9747682874999994e-07,5.2000000000000002e-09,1.0499999999999999e-06,5.2000000000000002e-09,1.04e-07,3.2800000000000003e-07,8.6300000000000004e-07,1.0499999999999999e-06,2.7890444766686298e-07,1.9150955047056405e-08,5.2245485909012676e-07,1.9150955047056405e-08,2.2092162032969284e-08,2.2060780921664044e-07,5.182189488575335e-07,5.2245485909012676e-07,0.79746574071401843,0.1841437985293885,5.1711809896384491,0.1841437985293885,0.25688560503452657,0.60539381122842029,0.67258478419707446,5.1711809896384491,7.6651044235551642e-19,8.0260989730328359e-21,1.6160576289693011e-18,8.0260989730328359e-21,1.6022463803419841e-19,5.0650239783266038e-19,1.330621205704598e-18,1.6160576289693011e-18,3.2540287923612012e-17,2.2338242061134346e-18,6.0989491631556081e-17,2.2338242061134346e-18,2.5792614251757221e-18,2.5792363440435384e-17,6.0386996550418464e-17,6.0989491631556081e-17
reference,n03,SSP1,2060,"AESA (PBs-LCIA), 0.9.1, land-system change, global",LSC,%,transmission network construction,160000,160000,4.9747682874999994e-07,5.2000000000000002e-09,1.0499999999999999e-06,5.2000000000000002e-09,1.04e-07,3.2800000000000003e-07,8.6300000000000004e-07,1.0499999999999999e-06,7.598365436736788e-08,6.4552513924360573e-08,8.4853055955589034e-08,6.4552513924360573e-08,6.9362798473404615e-08,7.7379798466375312e-08,8.2254415529131026e-08,8.4853055955589034e-08,1.3273463116693929,0.066059808069909159,14.880730474302943,0.066059808069909159,0.081713233685477768,0.25869834132801534,0.79090784162625982,14.880730474302943,7.6651044235551642e-19,8.0260989730328359e-21,1.6160576289693011e-18,8.0260989730328359e-21,1.6022463803419841e-19,5.0650239783266038e-19,1.330621205704598e-18,1.6160576289693011e-18,,,,,,,,
reference,n03,SSP1,2060,"AESA (PBs-LCIA), 0.9.1, ocean acidification, carbonate ion concentration",OA,aragonite saturation,EU electricity market imports,160000,160000,0.00079497950865625006,0.00020665200000000001,0.0018287570000000001,0.00020665200000000001,0.00032038800000000001,0.000401982,0.0011634080000000001,0.0018287570000000001,0.00048384219063856462,2.9024015325062961e-05,0.0014196884355001627,2.9024015325062961e-05,4.8021862888591058e-05,7.745331874201422e-05,0.00083029566712493114,0.0014196884355001627,0.39976705282126079,0.1404487511616774,0.77631332949110388,0.1404487511616774,0.16871685964752861,0.1926785745182974,0.7136753977322926,0.77631332949110388,1.2262527008871158e-15,3.1876014047764108e-16,2.820850579773959e-15,3.1876014047764108e-16,4.9419771184522015e-16,6.2005595002556856e-16,1.7945516518357409e-15,2.820850579773959e-15,9.1568885503598143e-15,5.4929046063994548e-16,2.6868120709102638e-14,5.4929046063994548e-16,9.0883072334463109e-16,1.4658329145598161e-15,1.5713641984939441e-14,2.6868120709102638e-14
reference,n03,SSP1,2060,"AESA (PBs-LCIA), 0.9.1, ocean acidification, carbonate ion concentration",OA,aragonite saturation,Other life cycle contributions,160000,160000,0.00079497950865625006,0.00020665200000000001,0.0018287570000000001,0.00020665200000000001,0.00032038800000000001,0.000401982,0.0011634080000000001,0.0018287570000000001,0.00010449877245572581,-1.2785467451844992e-19,0.00031654192078394068,-1.2785467451844992e-19,-1.2785454457354882e-19,0,0.00019961222383312499,0.00031654192078394068,0.073517026433495739,-3.905676832514141e-16,0.1730912968666371,-3.905676832514141e-16,-3.1806037228917916e-16,0,0.17157542653404909,0.1730912968666371,1.2262527008871158e-15,3.1876014047764108e-16,2.820850579773959e-15,3.1876014047764108e-16,4.9419771184522015e-16,6.2005595002556856e-16,1.7945516518357409e-15,2.820850579773959e-15,,,,,,,,
reference,n03,SSP1,2060,"AESA (PBs-LCIA), 0.9.1, ocean acidification, carbonate ion concentration",OA,aragonite saturation,Transmission corona,160000,160000,0.00079497950865625006,0.00020665200000000001,0.0018287570000000001,0.00020665200000000001,0.00032038800000000001,0.000401982,0.0011634080000000001,0.0018287570000000001,1.3851729887449264e-20,-1.9977272589616995e-21,9.339370286790465e-20,-1.9977272589616995e-21,0,0,2.2474454505196273e-21,9.339370286790465e-20,4.9704015152972064e-17,-4.9696933170184228e-18,2.9150187543823315e-16,-4.9696933170184228e-18,0,0,6.8654475571537626e-18,2.9150187543823315e-16,1.2262527008871158e-15,3.1876014047764108e-16,2.820850579773959e-15,3.1876014047764108e-16,4.9419771184522015e-16,6.2005595002556856e-16,1.7945516518357409e-15,2.820850579773959e-15,,,,,,,,
reference,n03,SSP1,2060,"AESA (PBs-LCIA), 0.9.1, ocean acidification, carbonate ion concentration",OA,aragonite saturation,"electricity production, Evolutionary Power Reactor (EPR)",160000,160000,0.00079497950865625006,0.00020665200000000001,0.0018287570000000001,0.00020665200000000001,0.00032038800000000001,0.000401982,0.0011634080000000001,0.0018287570000000001,2.413794895879231e-05,0,5.5992858298555264e-05,0,0,3.3234202711533141e-05,3.8990782590871817e-05,5.5992858298555264e-05,0.071554581914004739,0,0.1392919541137545,0,0,0.11309387382411597,0.11910819594225192,0.1392919541137545,1.2262527008871158e-15,3.1876014047764108e-16,2.820850579773959e-15,3.1876014047764108e-16,4.9419771184522015e-16,6.2005595002556856e-16,1.7945516518357409e-15,2.820850579773959e-15,1.006033931004564e-16,0,2.3337001239715875e-16,0,0,1.3851539967295752e-16,1.6250769196404588e-16,2.3337001239715875e-16
reference,n03,SSP1,2060,"AESA (PBs-LCIA), 0.9.1, ocean acidification, carbonate ion concentration",OA,aragonite saturation,"electricity production, Small Modular Reactor (SMR)",160000,160000,0.00079497950865625006,0.00020665200000000001,0.0018287570000000001,0.00020665200000000001,0.00032038800000000001,0.000401982,0.0011634080000000001,0.0018287570000000001,5.1472312305271158e-06,0,1.3333700734445468e-05,0,0,3.5095444288956444e-06,8.9448523567076512e-06,1.3333700734445468e-05,0.014932131229209026,0,0.03316989500635717,0,0,0.016982871827495714,0.027324540734575357,0.03316989500635717,1.2262527008871158e-15,3.1876014047764108e-16,2.820850579773959e-15,3.1876014047764108e-16,4.9419771184522015e-16,6.2005595002556856e-16,1.7945516518357409e-15,2.820850579773959e-15,1.402610650139065e-16,0,3.6334095841060815e-16,0,0,9.5634484833091004e-17,2.4374537794802898e-16,3.6334095841060815e-16
reference,n03,SSP1,2060,"AESA (PBs-LCIA), 0.9.1, ocean acidification, carbonate ion concentration",OA,aragonite saturation,"electricity production, hydro, reservoir, alpine region",160000,160000,0.00079497950865625006,0.00020665200000000001,0.0018287570000000001,0.00020665200000000001,0.00032038800000000001,0.000401982,0.0011634080000000001,0.0018287570000000001,1.2289783610519595e-06,0,2.5962545789219409e-06,0,0,1.5786194354774353e-06,2.5106238644648715e-06,2.5962545789219409e-06,0.0037349180009224577,0,0.0081034701016328356,0,0,0.0062456126504790554,0.0066620915137821498,0.0081034701016328356,1.2262527008871158e-15,3.1876014047764108e-16,2.820850579773959e-15,3.1876014047764108e-16,4.9419771184522015e-16,6.2005595002556856e-16,1.7945516518357409e-15,2.820850579773959e-15,1.4020692015400005e-16,0,2.9619171924647974e-16,0,0,1.8009555351569645e-16,2.864224620651688e-16,2.9619171924647974e-16
reference,n03,SSP1,2060,"AESA (PBs-LCIA), 0.9.1, ocean acidification, carbonate ion concentration",OA,aragonite saturation,"electricity production, hydro, run-of-river",160000,96120,0.00079497950865625006,0.00020665200000000001,0.0018287570000000001,0.00020665200000000001,0.00032038800000000001,0.000401982,0.0011634080000000001,0.0018287570000000001,4.8682313817195694e-06,0,1.0784628223741385e-05,0,0,5.4623361585927633e-06,9.4091504731930666e-06,1.0784628223741385e-05,0.014603364074497088,0,0.029367986545042468,0,0,0.026432534689200989,0.026828634674541111,0.029367986545042468,1.2262527008871158e-15,3.1876014047764108e-16,2.820850579773959e-15,3.1876014047764108e-16,4.9419771184522015e-16,6.2005595002556856e-16,1.7945516518357409e-15,2.820850579773959e-15,1.7609350696145763e-16,0,2.3435342010662138e-16,0,1.7039361718127052e-16,2.0050806745168642e-16,2.3435342010662138e-16,2.3435342010662138e-16
reference,n03,SSP1,2060,"AESA (PBs-LCIA), 0.9.1, ocean acidification, carbonate ion concentration",OA,aragonite saturation,"electricity production, nuclear, pressure water reactor",160000,160000,0.00079497950865625006,0.00020665200000000001,0.0018287570000000001,0.00020665200000000001,0.00032038800000000001,0.000401982,0.0011634080000000001,0.0018287570000000001,2.8718942920064862e-06,0,7.4118512434418213e-06,0,0,2.0038199093831319e-06,5.0261840480667004e-06,7.4118512434418213e-06,0.0083392737659390582,0,0.018438266498106436,0,0,0.0096965909325006858,0.015353877882387066,0.018438266498106436,1.2262527008871158e-15,3.1876014047764108e-16,2.820850579773959e-15,3.1876014047764108e-16,4.9419771184522015e-16,6.2005595002556856e-16,1.7945516518357409e-15,2.820850579773959e-15,1.2039779906971955e-16,0,3.1072556886115241e-16,0,0,8.4005768418451604e-17,2.1071150228789769e-16,3.1072556886115241e-16
reference,n03,SSP1,2060,"AESA (PBs-LCIA), 0.9.1, ocean acidification, carbonate ion concentration",OA,aragonite saturation,"electricity production, photovoltaic",160000,160000,0.00079497950865625006,0.00020665200000000001,0.0018287570000000001,0.00020665200000000001,0.00032038800000000001,0.000401982,0.0011634080000000001,0.0018287570000000001,6.5035780772150414e-05,4.1653419879182153e-05,9.252664371589614e-05,4.1653419879182153e-05,5.5835559204503189e-05,5.7642778888263228e-05,7.1958133644558857e-05,9.252664371589614e-05,0.1226694046380238,0.050595373642258724,0.20156311034580915,0.050595373642258724,0.061851159390823217,0.14339641796961861,0.17283922578686592,0.20156311034580915,1.2262527008871158e-15,3.1876014047764108e-16,2.820850579773959e-15,3.1876014047764108e-16,4.9419771184522015e-16,6.2005595002556856e-16,1.7945516518357409e-15,2.820850579773959e-15,8.685288954880736e-16,5.5626650576470165e-16,1.235659292427168e-15,5.5626650576470165e-16,7.4566405576866314e-16,7.6979844938907642e-16,9.6097404424061367e-16,1.235659292427168e-15
reference,n03,SSP1,2060,"AESA (PBs-LCIA), 0.9.1, ocean acidification, carbonate ion concentration",OA,aragonite saturation,"electricity production, wind, 1-3MW turbine, offshore",160000,160000,0.00079497950865625006,0.00020665200000000001,0.0018287570000000001,0.00020665200000000001,0.00032038800000000001,0.000401982,0.0011634080000000001,0.0018287570000000001,4.6347532572149252e-05,0,6.7225426225018097e-05,0,4.3033164960059595e-05,5.7414090972030456e-05,6.1541975397384687e-05,6.7225426225018097e-05,0.11562644107196945,0,0.20823977004848535,0,0.052898016342834739,0.16723491655103487,0.1746461128957606,0.20823977004848535,1.2262527008871158e-15,3.1876014047764108e-16,2.820850579773959e-15,3.1876014047764108e-16,4.9419771184522015e-16,6.2005595002556856e-16,1.7945516518357409e-15,2.820850579773959e-15,5.835465020062365e-16,0,8.4641358579223903e-16,0,5.4181680819972404e-16,7.2288259864096074e-16,7.7485446134517631e-16,8.4641358579223903e-16
reference,n03,SSP1,2060,"AESA (PBs-LCIA), 0.9.1, ocean acidification, carbonate ion concentration",OA,aragonite saturation,"electricity production, wind, 1-3MW turbine, onshore",160000,160000,0.00079497950865625006,0.00020665200000000001,0.0018287570000000001,0.00020665200000000001,0.00032038800000000001,0.000401982,0.0011634080000000001,0.0018287570000000001,2.9467605859899848e-05,0,5.9730068419523925e-05,0,0,3.8713453085261285e-05,4.9008096605825521e-05,5.9730068419523925e-05,0.090243066813032027,0,0.16655553442898313,0,0,0.14858891298496929,0.149708869261066,0.16655553442898313,1.2262527008871158e-15,3.1876014047764108e-16,2.820850579773959e-15,3.1876014047764108e-16,4.9419771184522015e-16,6.2005595002556856e-16,1.7945516518357409e-15,2.820850579773959e-15,3.8899009348206839e-16,0,7.8847305980235781e-16,0,0,5.1104146648185929e-16,6.4693588397029628e-16,7.8847305980235781e-16
reference,n03,SSP1,2060,"AESA (PBs-LCIA), 0.9.1, ocean acidification, carbonate ion concentration",OA,aragonite saturation,"heat and power co-generation, wood chips, 6667 kW",160000,160000,0.00079497950865625006,0.00020665200000000001,0.0018287570000000001,0.00020665200000000001,0.00032038800000000001,0.000401982,0.0011634080000000001,0.0018287570000000001,1.2702446240918942e-05,0,2.6836909691342852e-05,0,0,1.6495626459217428e-05,2.1811541807506156e-05,2.6836909691342852e-05,0.039127906944593609,0,0.094497824579104744,0,0,0.054259996237409028,0.055797271835937655,0.094497824579104744,1.2262527008871158e-15,3.1876014047764108e-16,2.820850579773959e-15,3.1876014047764108e-16,4.9419771184522015e-16,6.2005595002556856e-16,1.7945516518357409e-15,2.820850579773959e-15,1.4834540694219668e-15,0,3.1341498482405987e-15,0,0,1.9264364948381057e-15,2.5472597582984905e-15,3.1341498482405987e-15
reference,n03,SSP1,2060,"AESA (PBs-LCIA), 0.9.1, ocean acidification, carbonate ion concentration",OA,aragonite saturation,transmission network construction,160000,160000,0.00079497950865625006,0.00020665200000000001,0.0018287570000000001,0.00020665200000000001,0.00032038800000000001,0.000401982,0.0011634080000000001,0.0018287570000000001,1.483089589274349e-05,0,2.8085203553025614e-05,0,0,1.9306489036505587e-05,2.6175212556375041e-05,2.8085203553025614e-05,0.04588483229305193,0,0.093425125508127593,0,0,0.069866818795432661,0.077036964317516776,0.093425125508127593,1.2262527008871158e-15,3.1876014047764108e-16,2.820850579773959e-15,3.1876014047764108e-16,4.9419771184522015e-16,6.2005595002556856e-16,1.7945516518357409e-15,2.820850579773959e-15,,,,,,,,
reference,n03,SSP1,2060,"AESA (PBs-LCIA), 0.9.1, ozone depletion, stratospheric O3 concentration",SOD,DU,EU electricity market imports,160000,160000,0.00057922124616249999,0.00055238800000000001,0.00062501799999999997,0.00055238800000000001,0.00055852300000000001,0.00055889500000000001,0.00059942700000000003,0.00062501799999999997,2.4726770527938441e-05,0,6.7457344991756599e-05,0,4.4650757460330721e-06,5.7482331293537223e-06,4.2663294173462223e-05,6.7457344991756599e-05,0.040672228795234001,0,0.10792864364187367,0,0.008009549851261814,0.010291846762539273,0.071173460944305517,0.10792864364187367,8.9344625215240347e-16,8.5205612363284784e-16,9.6408736795044484e-16,8.5205612363284784e-16,8.6151902975919698e-16,8.620934954785415e-16,9.2461341861810209e-16,9.6408736795044484e-16,4.6796292694894366e-16,0,1.2766541964385155e-15,0,8.4503118303793917e-17,1.0878733842737477e-16,8.0741802788001744e-16,1.2766541964385155e-15
reference,n03,SSP1,2060,"AESA (PBs-LCIA), 0.9.1, ozone depletion, stratospheric O3 concentration",SOD,DU,Other life cycle contributions,160000,160000,0.00057922124616249999,0.00055238800000000001,0.00062501799999999997,0.00055238800000000001,0.00055852300000000001,0.00055889500000000001,0.00059942700000000003,0.00062501799999999997,1.558294334731904e-05,-6.3927317348433368e-20,3.8420477986584606e-05,-6.3927317348433368e-20,0,6.3927291229990435e-20,3.302829197651604e-05,3.8420477986584606e-05,0.025817967477610733,-1.1572901176063449e-16,0.068264601080963452,-1.1572901176063449e-16,0,1.1569795010463233e-16,0.053995578489906063,0.068264601080963452,8.9344625215240347e-16,8.5205612363284784e-16,9.6408736795044484e-16,8.5205612363284784e-16,8.6151902975919698e-16,8.620934954785415e-16,9.2461341861810209e-16,9.6408736795044484e-16,,,,,,,,
reference,n03,SSP1,2060,"AESA (PBs-LCIA), 0.9.1, ozone depletion, stratospheric O3 concentration",SOD,DU,Transmission corona,160000,160000,0.00057922124616249999,0.00055238800000000001,0.00062501799999999997,0.00055238800000000001,0.00055852300000000001,0.00055889500000000001,0.00059942700000000003,0.00062501799999999997,0.00047126127252435237,0.00047126087829444632,0.00047126150169656878,0.00047126087829444632,0.00047126106259524745,0.00047126133719773832,0.00047126142202493751,0.00047126150169656878,0.81549683174805154,0.7539964648257087,0.85313449085777326,0.7539964648257087,0.78618636997956093,0.8432014288824331,0.84376368032281124,0.85313449085777326,8.9344625215240347e-16,8.5205612363284784e-16,9.6408736795044484e-16,8.5205612363284784e-16,8.6151902975919698e-16,8.620934954785415e-16,9.2461341861810209e-16,9.6408736795044484e-16,,,,,,,,
reference,n03,SSP1,2060,"AESA (PBs-LCIA), 0.9.1, ozone depletion, stratospheric O3 concentration",SOD,DU,"electricity production, Evolutionary Power Reactor (EPR)",160000,160000,0.00057922124616249999,0.00055238800000000001,0.00062501799999999997,0.00055238800000000001,0.00055852300000000001,0.00055889500000000001,0.00059942700000000003,0.00062501799999999997,5.1201805546595093e-06,0,9.8337435135025414e-06,0,0,9.0687038010709371e-06,9.7798458791772027e-06,9.8337435135025414e-06,0.0091983178265441189,0,0.017606693929350343,0,0,0.016416368966310962,0.017543299948835186,0.017606693929350343,8.9344625215240347e-16,8.5205612363284784e-16,9.6408736795044484e-16,8.5205612363284784e-16,8.6151902975919698e-16,8.620934954785415e-16,9.2461341861810209e-16,9.6408736795044484e-16,2.1340145194176633e-17,0,4.0985555748403632e-17,0,0,3.779699931366881e-17,4.0760911668742497e-17,4.0985555748403632e-17
reference,n03,SSP1,2060,"AESA (PBs-LCIA), 0.9.1, ozone depletion, stratospheric O3 concentration",SOD,DU,"electricity production, Small Modular Reactor (SMR)",160000,160000,0.00057922124616249999,0.00055238800000000001,0.00062501799999999997,0.00055238800000000001,0.00055852300000000001,0.00055889500000000001,0.00059942700000000003,0.00062501799999999997,1.0223978978635317e-06,0,1.9820399404335012e-06,0,0,1.7754150547923573e-06,1.9632019159186737e-06,1.9820399404335012e-06,0.0018366210483174413,0,0.0035487167769877002,0,0,0.0032132115460211776,0.0035216342360179201,0.0035487167769877002,8.9344625215240347e-16,8.5205612363284784e-16,9.6408736795044484e-16,8.5205612363284784e-16,8.6151902975919698e-16,8.620934954785415e-16,9.2461341861810209e-16,9.6408736795044484e-16,2.7860139258927651e-17,0,5.401017641291598e-17,0,0,4.8379734687064951e-17,5.3496835116146003e-17,5.401017641291598e-17
reference,n03,SSP1,2060,"AESA (PBs-LCIA), 0.9.1, ozone depletion, stratospheric O3 concentration",SOD,DU,"electricity production, hydro, reservoir, alpine region",160000,160000,0.00057922124616249999,0.00055238800000000001,0.00062501799999999997,0.00055238800000000001,0.00055852300000000001,0.00055889500000000001,0.00059942700000000003,0.00062501799999999997,1.486166878854228e-07,0,2.8983779553518808e-07,0,0,2.526461290439093e-07,2.8936539884113139e-07,2.8983779553518808e-07,0.0002669565282905452,0,0.0005185907827681194,0,0,0.00045737077750405389,0.00051809038990539586,0.0005185907827681194,8.9344625215240347e-16,8.5205612363284784e-16,9.6408736795044484e-16,8.5205612363284784e-16,8.6151902975919698e-16,8.620934954785415e-16,9.2461341861810209e-16,9.6408736795044484e-16,1.6954800354326649e-17,0,3.3065897115074859e-17,0,0,2.8822905863346218e-17,3.3011978963937747e-17,3.3065897115074859e-17
reference,n03,SSP1,2060,"AESA (PBs-LCIA), 0.9.1, ozone depletion, stratospheric O3 concentration",SOD,DU,"electricity production, hydro, run-of-river",160000,96120,0.00057922124616249999,0.00055238800000000001,0.00062501799999999997,0.00055238800000000001,0.00055852300000000001,0.00055889500000000001,0.00059942700000000003,0.00062501799999999997,2.3666563844725727e-07,0,5.1138705898914236e-07,0,0,3.0606194380511184e-07,5.0203613024308205e-07,5.1138705898914236e-07,0.000424807368959387,0,0.0009149966612496843,0,0,0.0005540705877121006,0.00089886384310598137,0.0009149966612496843,8.9344625215240347e-16,8.5205612363284784e-16,9.6408736795044484e-16,8.5205612363284784e-16,8.6151902975919698e-16,8.620934954785415e-16,9.2461341861810209e-16,9.6408736795044484e-16,8.5606592898251756e-18,0,1.1112601034818736e-17,0,6.7910315478150261e-18,1.0747823609483357e-17,1.0909394102487171e-17,1.1112601034818736e-17
reference,n03,SSP1,2060,"AESA (PBs-LCIA), 0.9.1, ozone depletion, stratospheric O3 concentration",SOD,DU,"electricity production, nuclear, pressure water reactor",160000,160000,0.00057922124616249999,0.00055238800000000001,0.00062501799999999997,0.00055238800000000001,0.00055852300000000001,0.00055889500000000001,0.00059942700000000003,0.00062501799999999997,5.4118389645222023e-07,0,1.0526480528413256e-06,0,0,9.362093576382121e-07,1.0377113366301386e-06,1.0526480528413256e-06,0.00097215756061392721,0,0.0018846995608799021,0,0,0.0016943861714679444,0.0018614691339431226,0.0018846995608799021,8.9344625215240347e-16,8.5205612363284784e-16,9.6408736795044484e-16,8.5205612363284784e-16,8.6151902975919698e-16,8.620934954785415e-16,9.2461341861810209e-16,9.6408736795044484e-16,2.2687928425258317e-17,0,4.4129908695822789e-17,0,0,3.9248512810932089e-17,4.3503713014556646e-17,4.4129908695822789e-17
reference,n03,SSP1,2060,"AESA (PBs-LCIA), 0.9.1, ozone depletion, stratospheric O3 concentration",SOD,DU,"electricity production, photovoltaic",160000,160000,0.00057922124616249999,0.00055238800000000001,0.00062501799999999997,0.00055238800000000001,0.00055852300000000001,0.00055889500000000001,0.00059942700000000003,0.00062501799999999997,3.9688626452060341e-06,0,8.4736391541761896e-06,0,0,5.6138402471387689e-06,8.0396368932245814e-06,8.4736391541761896e-06,0.0071254945080323467,0,0.015200197955718057,0,0,0.010162856990265482,0.014394459840014792,0.015200197955718057,8.9344625215240347e-16,8.5205612363284784e-16,9.6408736795044484e-16,8.5205612363284784e-16,8.6151902975919698e-16,8.620934954785415e-16,9.2461341861810209e-16,9.6408736795044484e-16,5.3002684108430405e-17,0,1.1316224506531881e-16,0,0,7.497075183600816e-17,1.0736632721812202e-16,1.1316224506531881e-16
reference,n03,SSP1,2060,"AESA (PBs-LCIA), 0.9.1, ozone depletion, stratospheric O3 concentration",SOD,DU,"electricity production, wind, 1-3MW turbine, offshore",160000,160000,0.00057922124616249999,0.00055238800000000001,0.00062501799999999997,0.00055238800000000001,0.00055852300000000001,0.00055889500000000001,0.00059942700000000003,0.00062501799999999997,3.1039266310293198e-06,0,6.1511277078242978e-06,0,0,5.1338874995605924e-06,6.1126914359076554e-06,6.1511277078242978e-06,0.0055749489079360143,0,0.011013203946523773,0,0,0.0092939881017701179,0.01093710166651635,0.011013203946523773,8.9344625215240347e-16,8.5205612363284784e-16,9.6408736795044484e-16,8.5205612363284784e-16,8.6151902975919698e-16,8.620934954785415e-16,9.2461341861810209e-16,9.6408736795044484e-16,3.9080506803880707e-17,0,7.7446776294622072e-17,0,0,6.463907049087678e-17,7.6962896845720447e-17,7.7446776294622072e-17
reference,n03,SSP1,2060,"AESA (PBs-LCIA), 0.9.1, ozone depletion, stratospheric O3 concentration",SOD,DU,"electricity production, wind, 1-3MW turbine, onshore",160000,160000,0.00057922124616249999,0.00055238800000000001,0.00062501799999999997,0.00055238800000000001,0.00055852300000000001,0.00055889500000000001,0.00059942700000000003,0.00062501799999999997,2.0285198976687048e-06,0,4.1078786383015368e-06,0,0,3.2523548234840672e-06,4.0298510596580012e-06,4.1078786383015368e-06,0.0036430619769576831,0,0.0073548961068774909,0,0,0.0058878086118526601,0.007210390251582142,0.0073548961068774909,8.9344625215240347e-16,8.5205612363284784e-16,9.6408736795044484e-16,8.5205612363284784e-16,8.6151902975919698e-16,8.620934954785415e-16,9.2461341861810209e-16,9.6408736795044484e-16,2.6777670670359469e-17,0,5.4226427238800313e-17,0,0,4.2933022169185029e-17,5.319645763151315e-17,5.4226427238800313e-17
reference,n03,SSP1,2060,"AESA (PBs-LCIA), 0.9.1, ozone depletion, stratospheric O3 concentration",SOD,DU,"heat and power co-generation, wood chips, 6667 kW",160000,160000,0.00057922124616249999,0.00055238800000000001,0.00062501799999999997,0.00055238800000000001,0.00055852300000000001,0.00055889500000000001,0.00059942700000000003,0.00062501799999999997,5.0775025828761175e-05,4.8140750138033826e-05,5.3271000579292459e-05,4.8140750138033826e-05,4.842703654405917e-05,4.9526162761084083e-05,5.3135961001330751e-05,5.3271000579292459e-05,0.087704734757215852,0.085231146269855368,0.094410161240632562,0.085231146269855368,0.086192959176316503,0.086647825699029637,0.088644590586227756,0.094410161240632562,8.9344625215240347e-16,8.5205612363284784e-16,9.6408736795044484e-16,8.5205612363284784e-16,8.6151902975919698e-16,8.620934954785415e-16,9.2461341861810209e-16,9.6408736795044484e-16,5.9297543148915014e-15,5.622109009007637e-15,6.2212451878374111e-15,5.622109009007637e-15,5.6555472298806949e-15,5.7839062259627034e-15,6.2054749451120925e-15,6.2212451878374111e-15
reference,n03,SSP1,2060,"AESA (PBs-LCIA), 0.9.1, ozone depletion, stratospheric O3 concentration",SOD,DU,transmission network construction,160000,160000,0.00057922124616249999,0.00055238800000000001,0.00062501799999999997,0.00055238800000000001,0.00055852300000000001,0.00055889500000000001,0.00059942700000000003,0.00062501799999999997,7.0488008491695307e-07,0,1.4141184324628445e-06,0,0,1.1114116430527253e-06,1.4135084165909039e-06,1.4141184324628445e-06,0.0012658714962363873,0,0.0025318893446874069,0,0,0.0020120126488133803,0.0025291126537022226,0.0025318893446874069,8.9344625215240347e-16,8.5205612363284784e-16,9.6408736795044484e-16,8.5205612363284784e-16,8.6151902975919698e-16,8.620934954785415e-16,9.2461341861810209e-16,9.6408736795044484e-16,,,,,,,,
reference,n03,SSP1,2060,"IPCC 2021, climate change, global warming potential (GWP100)",GWP_100,kg CO2-eq,EU electricity market imports,20000,20000,11487672608.254801,3857415468,24649423274,3857415468,5330576202,6409325077,16417589500,24649423274,6284366741.265811,407617083.14612532,18171745132.583168,407617083.14612532,742971794.2251215,1027146060.414682,10904750992.949306,18171745132.583168,0.36472223418239491,0.10567103453791753,0.73720772005852842,0.10567103453791753,0.14777278616070649,0.16025806899709574,0.66421145399873149,0.73720772005852842,0.017719686269551834,0.0059500469965159753,0.038021630841669908,0.0059500469965159753,0.0082223911803750542,0.0098863567445735944,0.025324062162713119,0.038021630841669908,0.11893390139975615,0.0077142999396283291,0.34390681398027678,0.0077142999396283291,0.014061008492776384,0.019439108713603059,0.20637633555785032,0.34390681398027678
reference,n03,SSP1,2060,"IPCC 2021, climate change, global warming potential (GWP100)",GWP_100,kg CO2-eq,Other life cycle contributions,20000,20000,11487672608.254801,3857415468,24649423274,3857415468,5330576202,6409325077,16417589500,24649423274,1614558926.5662177,-1.1246212294257317e-06,5209722254.2489681,-1.1246212294257317e-06,-1.1246212293867917e-06,5.6231061476101534e-07,2768334670.4531507,5209722254.2489681,0.079608040419816728,-2.1097554688436508e-16,0.21135270372610049,-2.1097554688436508e-16,-1.7546640494527561e-16,1.4577393060866302e-16,0.16862004440135081,0.21135270372610049,0.017719686269551834,0.0059500469965159753,0.038021630841669908,0.0059500469965159753,0.0082223911803750542,0.0098863567445735944,0.025324062162713119,0.038021630841669908,,,,,,,,
reference,n03,SSP1,2060,"IPCC 2021, climate change, global warming potential (GWP100)",GWP_100,kg CO2-eq,Transmission corona,20000,20000,11487672608.254801,3857415468,24649423274,3857415468,5330576202,6409325077,16417589500,24649423274,729314857.13028383,0,912441958.19253755,0,912441958.08281386,912441958.11440706,912441958.1501689,912441958.19253755,0.11386042224345713,0,0.23654230812363652,0,0.055577096634689821,0.1423616288955496,0.17117135625451979,0.23654230812363652,0.017719686269551834,0.0059500469965159753,0.038021630841669908,0.0059500469965159753,0.0082223911803750542,0.0098863567445735944,0.025324062162713119,0.038021630841669908,,,,,,,,
reference,n03,SSP1,2060,"IPCC 2021, climate change, global warming potential (GWP100)",GWP_100,kg CO2-eq,"electricity production, Evolutionary Power Reactor (EPR)",20000,20000,11487672608.254801,3857415468,24649423274,3857415468,5330576202,6409325077,16417589500,24649423274,332490052.44579452,0,765901453.03542471,0,0,466227274.31310427,535912697.88177907,765901453.03542471,0.059401323452802947,0,0.1194979882958158,0,0,0.092301937845148993,0.098473150006812366,0.1194979882958158,0.017719686269551834,0.0059500469965159753,0.038021630841669908,0.0059500469965159753,0.0082223911803750542,0.0098863567445735944,0.025324062162713119,0.038021630841669908,0.0013857687827018024,0,0.0031921626420577617,0,0,0.0019431655101428877,0.0022336039273260465,0.0031921626420577617
reference,n03,SSP1,2060,"IPCC 2021, climate change, global warming potential (GWP100)",GWP_100,kg CO2-eq,"electricity production, Small Modular Reactor (SMR)",20000,20000,11487672608.254801,3857415468,24649423274,3857415468,5330576202,6409325077,16417589500,24649423274,70753617.353234991,0,182208229.31462052,0,0,52332812.613712996,122977105.42724048,182208229.31462052,0.012476573244833715,0,0.028428614109226362,0,0,0.01356680737344754,0.022596857656117061,0.028428614109226362,0.017719686269551834,0.0059500469965159753,0.038021630841669908,0.0059500469965159753,0.0082223911803750542,0.0098863567445735944,0.025324062162713119,0.038021630841669908,0.0019280221022483339,0,0.0049651382711043621,0,0,0.0014260588102360933,0.0033511018403173404,0.0049651382711043621
reference,n03,SSP1,2060,"IPCC 2021, climate change, global warming potential (GWP100)",GWP_100,kg CO2-eq,"electricity production, hydro, reservoir, alpine region",20000,20000,11487672608.254801,3857415468,24649423274,3857415468,5330576202,6409325077,16417589500,24649423274,17702585.762124479,0,36402326.938045025,0,0,23800248.400996663,36059997.119666748,36402326.938045025,0.003231485548695001,0,0.0068289666179778257,0,0,0.0056261769665996216,0.0057682694542517997,0.0068289666179778257,0.017719686269551834,0.0059500469965159753,0.038021630841669908,0.0059500469965159753,0.0082223911803750542,0.0098863567445735944,0.025324062162713119,0.038021630841669908,0.0020195835923290731,0,0.0041529267641797069,0,0,0.0027152299559965714,0.0041138723745481236,0.0041529267641797069
reference,n03,SSP1,2060,"IPCC 2021, climate change, global warming potential (GWP100)",GWP_100,kg CO2-eq,"electricity production, hydro, run-of-river",20000,12009,11487672608.254801,3857415468,24649423274,3857415468,5330576202,6409325077,16417589500,24649423274,63288203.376738451,0,141429717.61852315,0,0,71038546.585099965,120218392.77664362,141429717.61852315,0.01141013204375055,0,0.022552607489512749,0,0,0.018416099373898182,0.022066241908379202,0.022552607489512749,0.017719686269551834,0.0059500469965159753,0.038021630841669908,0.0059500469965159753,0.0082223911803750542,0.0098863567445735944,0.025324062162713119,0.038021630841669908,0.0022904021423270091,0,0.003073310909134258,0,0.0022315025977306872,0.0025778722714353492,0.003073310909134258,0.003073310909134258
reference,n03,SSP1,2060,"IPCC 2021, climate change, global warming potential (GWP100)",GWP_100,kg CO2-eq,"electricity production, nuclear, pressure water reactor",20000,20000,11487672608.254801,3857415468,24649423274,3857415468,5330576202,6409325077,16417589500,24649423274,39241340.999629602,0,100920740.35588938,0,0,29362178.458027117,68554334.115715921,100920740.35588938,0.0069216433119880178,0,0.015745923189018077,0,0,0.00761187865336447,0.012596755504537847,0.015745923189018077,0.017719686269551834,0.0059500469965159753,0.038021630841669908,0.0059500469965159753,0.0082223911803750542,0.0098863567445735944,0.025324062162713119,0.038021630841669908,0.0016451058369090852,0,0.0042308773043902327,0,0,0.0012309439466308325,0.002873987797568236,0.0042308773043902327
reference,n03,SSP1,2060,"IPCC 2021, climate change, global warming potential (GWP100)",GWP_100,kg CO2-eq,"electricity production, photovoltaic",20000,20000,11487672608.254801,3857415468,24649423274,3857415468,5330576202,6409325077,16417589500,24649423274,908454120.94320703,602263682.34747493,1267955887.1678636,602263682.34747493,781359921.59365749,811258013.16388392,1002432907.6607378,1267955887.1678636,0.1066269641421986,0.051439576215371034,0.15613140128245967,0.051439576215371034,0.06105847071281309,0.12657463982831837,0.14593223041797429,0.15613140128245967,0.017719686269551834,0.0059500469965159753,0.038021630841669908,0.0059500469965159753,0.0082223911803750542,0.0098863567445735944,0.025324062162713119,0.038021630841669908,0.012132067767308479,0.0080430080496783612,0.016933080487384844,0.0080430080496783612,0.010434771884495181,0.010834049806216401,0.013387119599385848,0.016933080487384844
reference,n03,SSP1,2060,"IPCC 2021, climate change, global warming potential (GWP100)",GWP_100,kg CO2-eq,"electricity production, wind, 1-3MW turbine, offshore",20000,20000,11487672608.254801,3857415468,24649423274,3857415468,5330576202,6409325077,16417589500,24649423274,624024208.31293404,0,901851133.45761371,0,584994585.25390685,767203482.6019038,829628970.78664052,901851133.45761371,0.094310619005590596,0,0.15165454437222339,0,0.050532934252415104,0.13903088824171142,0.14070922017888057,0.15165454437222339,0.017719686269551834,0.0059500469965159753,0.038021630841669908,0.0059500469965159753,0.0082223911803750542,0.0098863567445735944,0.025324062162713119,0.038021630841669908,0.0078568815333156187,0,0.011354908066369478,0,0.007365472512759738,0.0096596042180956167,0.010445582804411234,0.011354908066369478
reference,n03,SSP1,2060,"IPCC 2021, climate change, global warming potential (GWP100)",GWP_100,kg CO2-eq,"electricity production, wind, 1-3MW turbine, onshore",20000,20000,11487672608.254801,3857415468,24649423274,3857415468,5330576202,6409325077,16417589500,24649423274,398344327.1860581,0,805813072.83231688,0,0,534785745.48745525,659826184.03664684,805813072.83231688,0.072807507682923808,0,0.12572510570949105,0,0,0.12116537297814925,0.12226893682583702,0.12572510570949105,0.017719686269551834,0.0059500469965159753,0.038021630841669908,0.0059500469965159753,0.0082223911803750542,0.0098863567445735944,0.025324062162713119,0.038021630841669908,0.0052583826872927104,0,0.010637213140327418,0,0,0.0070594907810564685,0.0087100991423866656,0.010637213140327418
reference,n03,SSP1,2060,"IPCC 2021, climate change, global warming potential (GWP100)",GWP_100,kg CO2-eq,"heat and power co-generation, wood chips, 6667 kW",20000,20000,11487672608.254801,3857415468,24649423274,3857415468,5330576202,6409325077,16417589500,24649423274,202006155.39750949,0,428724588.14314198,0,0,272811629.66484928,341791480.5708065,428724588.14314198,0.037193764746546343,0,0.084877295833404948,0,0,0.053327218773367033,0.054260652861880219,0.084877295833404948,0.017719686269551834,0.0059500469965159753,0.038021630841669908,0.0059500469965159753,0.0082223911803750542,0.0098863567445735944,0.025324062162713119,0.038021630841669908,0.023591262206253214,0,0.050068544461869445,0,0,0.031860270177367062,0.039916072965400465,0.050068544461869445
reference,n03,SSP1,2060,"IPCC 2021, climate change, global warming potential (GWP100)",GWP_100,kg CO2-eq,transmission network construction,20000,20000,11487672608.254801,3857415468,24649423274,3857415468,5330576202,6409325077,16417589500,24649423274,203127471.51525673,0,382503221.03375858,0,0,269426241.17961836,355688387.20466554,382503221.03375858,0.037429289975001674,0,0.069542733286769465,0,0,0.059679173148258553,0.062528942298707577,0.069542733286769465,0.017719686269551834,0.0059500469965159753,0.038021630841669908,0.0059500469965159753,0.0082223911803750542,0.0098863567445735944,0.025324062162713119,0.038021630841669908,,,,,,,,
reference,n03,SSP2,2060,"AESA (PBs-LCIA), 0.9.1, atmospheric aerosol loading, AOD (Global)",AAL,AOD,EU electricity market imports,210000,210000,0.00012475821580000001,0.000119407,0.00014692700000000001,0.000119838,0.0001211,0.000121688,0.00012729199999999999,0.00013178300000000001,7.8183517085547601e-06,5.0532307374977803e-06,2.9441894295205884e-05,5.1670437827508155e-06,5.9603677008354293e-06,6.0708349344658557e-06,7.8426060191186126e-06,9.7715083649158796e-06,0.061219424903737718,0.042319384437242209,0.20038450587846945,0.043072696816055349,0.048962689710102154,0.049562124131842564,0.062916006314528553,0.076516255157714097,1.9243893472792111e-16,1.8418545169181939e-16,2.2663375950555008e-16,1.8484892592690639e-16,1.8679564842021021e-16,1.877030523233447e-16,1.9634730553012879e-16,2.0327413113715951e-16,1.4796501783513242e-16,9.5634552676324113e-17,5.571971757875853e-16,9.7787802359459927e-17,1.1280230179904523e-16,1.1489263320715488e-16,1.4842410069764941e-16,1.8492946373184538e-16
reference,n03,SSP2,2060,"AESA (PBs-LCIA), 0.9.1, atmospheric aerosol loading, AOD (Global)",AAL,AOD,Other life cycle contributions,210000,210000,0.00012475821580000001,0.000119407,0.00014692700000000001,0.000119838,0.0001211,0.000121688,0.00012729199999999999,0.00013178300000000001,1.7699026755976767e-06,-1.5981887752217457e-20,1.0149790700166657e-05,-1.5981835876203248e-20,0,0,1.5981831430383889e-20,1.0149790700166657e-05,0.013701139422395439,-1.3322569628643855e-16,0.077018968305218857,-1.3167834502362898e-16,0,0,1.2821160645011281e-16,0.077018968305218857,1.9243893472792111e-16,1.8418545169181939e-16,2.2663375950555008e-16,1.8484892592690639e-16,1.8679564842021021e-16,1.877030523233447e-16,1.9634730553012879e-16,2.0327413113715951e-16,,,,,,,,
reference,n03,SSP2,2060,"AESA (PBs-LCIA), 0.9.1, atmospheric aerosol loading, AOD (Global)",AAL,AOD,Transmission corona,210000,210000,0.00012475821580000001,0.000119407,0.00014692700000000001,0.000119838,0.0001211,0.000121688,0.00012729199999999999,0.00013178300000000001,5.6696581516055239e-22,-3.9954608758326937e-20,3.1963662860767778e-20,-2.8966960975279517e-20,-1.3984144300273073e-20,0,1.5981811807607403e-20,2.3972831636151515e-20,5.3540845831196679e-18,-3.2833647326216992e-16,2.584927528488183e-16,-2.4259014107447232e-16,-1.1547600578260175e-16,0,1.3073484455611965e-16,2.0004365590339887e-16,1.9243893472792111e-16,1.8418545169181939e-16,2.2663375950555008e-16,1.8484892592690639e-16,1.8679564842021021e-16,1.877030523233447e-16,1.9634730553012879e-16,2.0327413113715951e-16,,,,,,,,
reference,n03,SSP2,2060,"AESA (PBs-LCIA), 0.9.1, atmospheric aerosol loading, AOD (Global)",AAL,AOD,"electricity production, Evolutionary Power Reactor (EPR)",210000,210000,0.00012475821580000001,0.000119407,0.00014692700000000001,0.000119838,0.0001211,0.000121688,0.00012729199999999999,0.00013178300000000001,3.2385793612962695e-05,3.1969599884419013e-05,3.2975258790869595e-05,3.2009432976535564e-05,3.2151062061294937e-05,3.2441257671777758e-05,3.2611984748430433e-05,3.2737921727924354e-05,0.26008136553741934,0.22443294146664391,0.2704756501912064,0.2484229508200933,0.25357833652640882,0.26474424951851888,0.26773639639568042,0.26892539235843593,1.9243893472792111e-16,1.8418545169181939e-16,2.2663375950555008e-16,1.8484892592690639e-16,1.8679564842021021e-16,1.877030523233447e-16,1.9634730553012879e-16,2.0327413113715951e-16,1.3497908565719284e-16,1.3324498614972625e-16,1.3743563185367812e-16,1.3341015577893273e-16,1.3400039364766224e-16,1.3521009159830538e-16,1.3592211171075116e-16,1.3644636438807201e-16
reference,n03,SSP2,2060,"AESA (PBs-LCIA), 0.9.1, atmospheric aerosol loading, AOD (Global)",AAL,AOD,"electricity production, Small Modular Reactor (SMR)",210000,210000,0.00012475821580000001,0.000119407,0.00014692700000000001,0.000119838,0.0001211,0.000121688,0.00012729199999999999,0.00013178300000000001,7.8194065926030199e-06,7.7202347651289176e-06,7.9658331703581762e-06,7.7227060900297254e-06,7.7578193076288351e-06,7.8252794953291165e-06,7.8691819582235438e-06,7.9126668111523402e-06,0.062794431727676875,0.054216265018398088,0.065231862816491334,0.060043152843328354,0.06130362653432353,0.063873109828460922,0.064654792140568962,0.064973160570590396,1.9243893472792111e-16,1.8418545169181939e-16,2.2663375950555008e-16,1.8484892592690639e-16,1.8679564842021021e-16,1.877030523233447e-16,1.9634730553012879e-16,2.0327413113715951e-16,2.1307719773715347e-16,2.1037562759089278e-16,2.1706688796945318e-16,2.1044163120667172e-16,2.1139901085684937e-16,2.132365358900425e-16,2.1443403246034584e-16,2.1561798517546725e-16
reference,n03,SSP2,2060,"AESA (PBs-LCIA), 0.9.1, atmospheric aerosol loading, AOD (Global)",AAL,AOD,"electricity production, hydro, reservoir, alpine region",210000,210000,0.00012475821580000001,0.000119407,0.00014692700000000001,0.000119838,0.0001211,0.000121688,0.00012729199999999999,0.00013178300000000001,3.1990048581691146e-07,0,4.0799693965631481e-07,0,3.7844475357315075e-07,3.8698059528624931e-07,3.9568036462119618e-07,3.968879825485021e-07,0.0025881457432769322,0,0.0032651651027237384,0,0.0030748695592328077,0.0031464710994885078,0.0031986050359203958,0.0032651651027237384,1.9243893472792111e-16,1.8418545169181939e-16,2.2663375950555008e-16,1.8484892592690639e-16,1.8679564842021021e-16,1.877030523233447e-16,1.9634730553012879e-16,2.0327413113715951e-16,3.6495550063347794e-17,0,4.6545858587381735e-17,0,4.3174648943590221e-17,4.4148326555272369e-17,4.5140849024886982e-17,4.5278596830535879e-17
reference,n03,SSP2,2060,"AESA (PBs-LCIA), 0.9.1, atmospheric aerosol loading, AOD (Global)",AAL,AOD,"electricity production, hydro, run-of-river",210000,187430,0.00012475821580000001,0.000119407,0.00014692700000000001,0.000119838,0.0001211,0.000121688,0.00012729199999999999,0.00013178300000000001,1.9314893364276444e-06,0,2.4346136991447217e-06,0,2.297518002748719e-06,2.3511112073389647e-06,2.3688021132353896e-06,2.3871570406935186e-06,0.015629932235006437,0,0.019766702658884406,0,0.018404791648420477,0.019024858424271464,0.019393623102288132,0.01966842745895624,1.9243893472792111e-16,1.8418545169181939e-16,2.2663375950555008e-16,1.8484892592690639e-16,1.8679564842021021e-16,1.877030523233447e-16,1.9634730553012879e-16,2.0327413113715951e-16,4.7026018970497543e-17,0,5.2904778232213343e-17,0,5.0193819806583883e-17,5.1120721749809073e-17,5.1646665461009396e-17,5.2904778232213343e-17
reference,n03,SSP2,2060,"AESA (PBs-LCIA), 0.9.1, atmospheric aerosol loading, AOD (Global)",AAL,AOD,"electricity production, nuclear, pressure water reactor",210000,210000,0.00012475821580000001,0.000119407,0.00014692700000000001,0.000119838,0.0001211,0.000121688,0.00012729199999999999,0.00013178300000000001,3.2807130725593905e-06,0,4.0622075844752992e-06,0,3.9571192174294969e-06,3.98686848040787e-06,4.0243121205644607e-06,4.033002220216063e-06,0.026553095346763495,0,0.033326209996085321,0,0.031340841922071955,0.03266606374647698,0.03305199770789289,0.033268816906222319,1.9243893472792111e-16,1.8418545169181939e-16,2.2663375950555008e-16,1.8484892592690639e-16,1.8679564842021021e-16,1.877030523233447e-16,1.9634730553012879e-16,2.0327413113715951e-16,1.375365547563799e-16,0,1.7029862025462922e-16,0,1.6589386943101966e-16,1.6713996736193926e-16,1.6871062144832848e-16,1.6907467507999681e-16
reference,n03,SSP2,2060,"AESA (PBs-LCIA), 0.9.1, atmospheric aerosol loading, AOD (Global)",AAL,AOD,"electricity production, photovoltaic",210000,210000,0.00012475821580000001,0.000119407,0.00014692700000000001,0.000119838,0.0001211,0.000121688,0.00012729199999999999,0.00013178300000000001,6.7631153360790487e-06,6.2140917929178485e-06,8.1025008887478079e-06,6.2140917929178485e-06,6.4164692966635181e-06,6.6090828551884785e-06,6.804585217421161e-06,8.1025008887478079e-06,0.054214102777544571,0.048324493631466826,0.061483657897815402,0.051011823274925594,0.052060325528044113,0.053542860333646407,0.056064803636987404,0.061483657897815402,1.9243893472792111e-16,1.8418545169181939e-16,2.2663375950555008e-16,1.8484892592690639e-16,1.8679564842021021e-16,1.877030523233447e-16,1.9634730553012879e-16,2.0327413113715951e-16,9.0318855982833854e-17,8.2987119777925481e-17,1.0820558084567737e-16,8.2987119777925481e-17,8.568925151077352e-17,8.8261769054543061e-17,9.0872871367401422e-17,1.0820558084567737e-16
reference,n03,SSP2,2060,"AESA (PBs-LCIA), 0.9.1, atmospheric aerosol loading, AOD (Global)",AAL,AOD,"electricity production, wind, 1-3MW turbine, offshore",210000,210000,0.00012475821580000001,0.000119407,0.00014692700000000001,0.000119838,0.0001211,0.000121688,0.00012729199999999999,0.00013178300000000001,1.0053798004276515e-05,9.4511841380332936e-06,1.0771457990241855e-05,9.4511841380332936e-06,9.855452930301803e-06,9.9745491494531002e-06,1.0413472054267049e-05,1.0771457990241855e-05,0.080683945855820061,0.072496215016488882,0.085799390741262666,0.077423977392937535,0.078261602282412759,0.080365318889337706,0.083127508081394116,0.085799390741262666,1.9243893472792111e-16,1.8418545169181939e-16,2.2663375950555008e-16,1.8484892592690639e-16,1.8679564842021021e-16,1.877030523233447e-16,1.9634730553012879e-16,2.0327413113715951e-16,1.26583976527013e-16,1.1899704884394791e-16,1.3561945787296379e-16,1.1899704884394791e-16,1.240866935190863e-16,1.2558578227202823e-16,1.3111279880250509e-16,1.3561945787296379e-16
reference,n03,SSP2,2060,"AESA (PBs-LCIA), 0.9.1, atmospheric aerosol loading, AOD (Global)",AAL,AOD,"electricity production, wind, 1-3MW turbine, onshore",210000,210000,0.00012475821580000001,0.000119407,0.00014692700000000001,0.000119838,0.0001211,0.000121688,0.00012729199999999999,0.00013178300000000001,6.6569272531051721e-06,6.0302355942022186e-06,7.4610765154173561e-06,6.0302355942022186e-06,6.523326649005102e-06,6.5957590049839825e-06,6.9572221001963992e-06,7.4610765154173561e-06,0.05339305895915946,0.049211402257522727,0.057322419874733452,0.049934049834406101,0.051246949132742851,0.053079557160037302,0.056291596211758596,0.057322419874733452,1.9243893472792111e-16,1.8418545169181939e-16,2.2663375950555008e-16,1.8484892592690639e-16,1.8679564842021021e-16,1.877030523233447e-16,1.9634730553012879e-16,2.0327413113715951e-16,8.7875370464106203e-17,7.9602926050683574e-17,9.8490375121532138e-17,7.9602926050683574e-17,8.6111773913418487e-17,8.7068024350036547e-17,9.183964279087129e-17,9.8490375121532138e-17
reference,n03,SSP2,2060,"AESA (PBs-LCIA), 0.9.1, atmospheric aerosol loading, AOD (Global)",AAL,AOD,"heat and power co-generation, wood chips, 6667 kW",210000,210000,0.00012475821580000001,0.000119407,0.00014692700000000001,0.000119838,0.0001211,0.000121688,0.00012729199999999999,0.00013178300000000001,4.353555728819554e-05,4.1102878438331706e-05,4.6891601524388604e-05,4.1102878438331706e-05,4.1945316883488768e-05,4.3584683541763916e-05,4.4760338724844023e-05,4.6891601524388604e-05,0.34955409066338078,0.28191561814451643,0.37064306187973256,0.33865764553292993,0.34673705902572149,0.35000749682203502,0.35785466992746146,0.37064306187973256,1.9243893472792111e-16,1.8418545169181939e-16,2.2663375950555008e-16,1.8484892592690639e-16,1.8679564842021021e-16,1.877030523233447e-16,1.9634730553012879e-16,2.0327413113715951e-16,5.0842922212941326e-15,4.8002026950994048e-15,5.4762136736811705e-15,4.8002026950994048e-15,4.8985602597847637e-15,5.0900292955342021e-15,5.2273446887113999e-15,5.4762136736811705e-15
reference,n03,SSP2,2060,"AESA (PBs-LCIA), 0.9.1, atmospheric aerosol loading, AOD (Global)",AAL,AOD,transmission network construction,210000,210000,0.00012475821580000001,0.000119407,0.00014692700000000001,0.000119838,0.0001211,0.000121688,0.00012729199999999999,0.00013178300000000001,2.4232604338216301e-06,0,3.2358715341614772e-06,0,2.6469806635801689e-06,2.9052537329120341e-06,3.0602937247143624e-06,3.1557609775396393e-06,0.019587266827818854,0,0.025917906151269085,0,0.021918623626082021,0.023420495447958638,0.024523717206288674,0.02559355811263081,1.9243893472792111e-16,1.8418545169181939e-16,2.2663375950555008e-16,1.8484892592690639e-16,1.8679564842021021e-16,1.877030523233447e-16,1.9634730553012879e-16,2.0327413113715951e-16,,,,,,,,
reference,n03,SSP2,2060,"AESA (PBs-LCIA), 0.9.1, biogeochemical flows, nitrogen, inverse modelling, surface water",N,Tg N yr-1,EU electricity market imports,210000,210000,0.034110353766066671,0.032778346999999999,0.036542313999999999,0.03287611,0.033154198000000003,0.034244780000000002,0.034779873000000003,0.035171000000000001,0.00072400187023984519,0,0.003570100662979614,0,0.00026894331507760675,0.00032818262168219059,0.00040736111798303905,0.0022445236784722419,0.020640179827392382,0,0.097697717308751,0,0.0078864580761539294,0.0094982090263114206,0.012286863883211381,0.063817454109130867,5.2615075986191303e-14,5.0560460497292469e-14,5.6366363588568202e-14,5.0711259591051831e-14,5.1140209842786128e-14,5.2822428063184743e-14,5.3647805956088633e-14,5.4251117892047083e-14,1.3701995773609116e-14,0,6.7565438503029119e-14,0,5.089849050953597e-15,6.2109742664194929e-15,7.7094557167021508e-15,4.2478417762060808e-14
reference,n03,SSP2,2060,"AESA (PBs-LCIA), 0.9.1, biogeochemical flows, nitrogen, inverse modelling, surface water",N,Tg N yr-1,Other life cycle contributions,210000,210000,0.034110353766066671,0.032778346999999999,0.036542313999999999,0.03287611,0.033154198000000003,0.034244780000000002,0.034779873000000003,0.035171000000000001,0.00018979626206326797,-4.0913481937690509e-18,0.0015141455561062174,-4.0913481937690509e-18,0,4.0913481793616011e-18,4.0913482457357406e-18,0.00097348468878225394,0.0056928134693722014,-1.2340362429424626e-16,0.044879974832467431,-1.2340362429424626e-16,0,1.1196193687130137e-16,1.194736302961913e-16,0.029292558356967469,5.2615075986191303e-14,5.0560460497292469e-14,5.6366363588568202e-14,5.0711259591051831e-14,5.1140209842786128e-14,5.2822428063184743e-14,5.3647805956088633e-14,5.4251117892047083e-14,,,,,,,,
reference,n03,SSP2,2060,"AESA (PBs-LCIA), 0.9.1, biogeochemical flows, nitrogen, inverse modelling, surface water",N,Tg N yr-1,Transmission corona,210000,210000,0.034110353766066671,0.032778346999999999,0.036542313999999999,0.03287611,0.033154198000000003,0.034244780000000002,0.034779873000000003,0.035171000000000001,-1.5479767039235215e-19,-1.2433863039506549e-17,9.2055333388928654e-18,-7.3516413790564058e-18,-2.1235855126838389e-18,0,1.2705554074610367e-18,8.6541602881601243e-18,-4.8487490328504925e-18,-3.782035964567143e-16,2.6994183783622427e-16,-2.1137631465923999e-16,-6.4051783508195212e-17,0,3.6125086220495201e-17,2.5547621721535739e-16,5.2615075986191303e-14,5.0560460497292469e-14,5.6366363588568202e-14,5.0711259591051831e-14,5.1140209842786128e-14,5.2822428063184743e-14,5.3647805956088633e-14,5.4251117892047083e-14,,,,,,,,
reference,n03,SSP2,2060,"AESA (PBs-LCIA), 0.9.1, biogeochemical flows, nitrogen, inverse modelling, surface water",N,Tg N yr-1,"electricity production, Evolutionary Power Reactor (EPR)",210000,210000,0.034110353766066671,0.032778346999999999,0.036542313999999999,0.03287611,0.033154198000000003,0.034244780000000002,0.034779873000000003,0.035171000000000001,0.023587699220388961,0.023483426194787126,0.02372578715545522,0.023485193876871209,0.023498673857620743,0.023581900914331187,0.023689102044394762,0.023721205716931808,0.69202723104249997,0.64523761692298154,0.71714783287954997,0.67049276148904458,0.68217003424524347,0.69094952009870381,0.70876918384877663,0.71430063334096172,5.2615075986191303e-14,5.0560460497292469e-14,5.6366363588568202e-14,5.0711259591051831e-14,5.1140209842786128e-14,5.2822428063184743e-14,5.3647805956088633e-14,5.4251117892047083e-14,9.8310000531563823e-14,9.7875404956072813e-14,9.8885529250230238e-14,9.7882773451778325e-14,9.7938956266390877e-14,9.8285833306622196e-14,9.8732631640821929e-14,9.8866437009695003e-14
reference,n03,SSP2,2060,"AESA (PBs-LCIA), 0.9.1, biogeochemical flows, nitrogen, inverse modelling, surface water",N,Tg N yr-1,"electricity production, Small Modular Reactor (SMR)",210000,210000,0.034110353766066671,0.032778346999999999,0.036542313999999999,0.03287611,0.033154198000000003,0.034244780000000002,0.034779873000000003,0.035171000000000001,0.0058223346151453125,0.0057970814794587964,0.0058544176830195782,0.0057981309743235449,0.005801214892612705,0.0058219067836749591,0.0058457374731626776,0.0058541365184877339,0.1708184824602402,0.15934737092250839,0.17701777583769568,0.1655314544276523,0.16832774757456928,0.17050932496269813,0.17497678250617626,0.17633112553336744,5.2615075986191303e-14,5.0560460497292469e-14,5.6366363588568202e-14,5.0711259591051831e-14,5.1140209842786128e-14,5.2822428063184743e-14,5.3647805956088633e-14,5.4251117892047083e-14,1.5865746860251851e-13,1.5796932369040088e-13,1.5953172404361749e-13,1.5799792393114189e-13,1.5808196053475414e-13,1.5864580906406608e-13,1.5929519075471669e-13,1.5952406641474984e-13
reference,n03,SSP2,2060,"AESA (PBs-LCIA), 0.9.1, biogeochemical flows, nitrogen, inverse modelling, surface water",N,Tg N yr-1,"electricity production, hydro, reservoir, alpine region",210000,210000,0.034110353766066671,0.032778346999999999,0.036542313999999999,0.03287611,0.033154198000000003,0.034244780000000002,0.034779873000000003,0.035171000000000001,4.6622566570089811e-06,0,1.076414464612355e-05,0,1.3826164212535175e-06,3.8300544111700604e-06,9.0362232024048496e-06,1.0319175928442908e-05,0.00013493661926144068,0,0.00030935729575130166,0,4.2030846470507744e-05,0.00010889808112280175,0.00026216639786971708,0.00029669964374058833,5.2615075986191303e-14,5.0560460497292469e-14,5.6366363588568202e-14,5.0711259591051831e-14,5.1140209842786128e-14,5.2822428063184743e-14,5.3647805956088633e-14,5.4251117892047083e-14,5.3188936175277741e-16,0,1.2280177709153486e-15,0,1.5773455199973712e-16,4.369483131230834e-16,1.0308893984823829e-15,1.1772539013045115e-15
reference,n03,SSP2,2060,"AESA (PBs-LCIA), 0.9.1, biogeochemical flows, nitrogen, inverse modelling, surface water",N,Tg N yr-1,"electricity production, hydro, run-of-river",210000,187430,0.034110353766066671,0.032778346999999999,0.036542313999999999,0.03287611,0.033154198000000003,0.034244780000000002,0.034779873000000003,0.035171000000000001,2.2293525557959828e-05,0,5.1776507624106229e-05,0,6.1636777016222222e-06,1.6493624530798898e-05,4.5276834812793991e-05,5.1107244154066258e-05,0.00064543505016506609,0,0.0014880365239061011,0,0.0001873727139271937,0.00046895523388015408,0.0013136090625399087,0.0014694488434177507,5.2615075986191303e-14,5.0560460497292469e-14,5.6366363588568202e-14,5.0711259591051831e-14,5.1140209842786128e-14,5.2822428063184743e-14,5.3647805956088633e-14,5.4251117892047083e-14,5.4278116281716084e-16,0,1.1251193055460808e-15,0,1.6674590584795985e-16,3.5841148989919858e-16,1.059922396546138e-15,1.1251193055460808e-15
reference,n03,SSP2,2060,"AESA (PBs-LCIA), 0.9.1, biogeochemical flows, nitrogen, inverse modelling, surface water",N,Tg N yr-1,"electricity production, nuclear, pressure water reactor",210000,210000,0.034110353766066671,0.032778346999999999,0.036542313999999999,0.03287611,0.033154198000000003,0.034244780000000002,0.034779873000000003,0.035171000000000001,0.0029318988175724343,0.002918497821219983,0.0029498400273229855,0.0029190460327746248,0.0029207749134693502,0.0029305836576333645,0.0029450260434409304,0.0029494768361764644,0.086017378692412952,0.080185658343168542,0.089120602728088805,0.083323865048857429,0.084814571557607049,0.08589952677564916,0.088096684271154746,0.088772601783482993,5.2615075986191303e-14,5.0560460497292469e-14,5.6366363588568202e-14,5.0711259591051831e-14,5.1140209842786128e-14,5.2822428063184743e-14,5.3647805956088633e-14,5.4251117892047083e-14,1.229133290235043e-13,1.2235152058221641e-13,1.2366547287630017e-13,1.2237450445755039e-13,1.2244698427087978e-13,1.2285819293043838e-13,1.2346365787702057e-13,1.2365025003490405e-13
reference,n03,SSP2,2060,"AESA (PBs-LCIA), 0.9.1, biogeochemical flows, nitrogen, inverse modelling, surface water",N,Tg N yr-1,"electricity production, photovoltaic",210000,210000,0.034110353766066671,0.032778346999999999,0.036542313999999999,0.03287611,0.033154198000000003,0.034244780000000002,0.034779873000000003,0.035171000000000001,0.00037779522277002513,0,0.0009492605423796277,0,0.00015306836758878362,0.00021757738925353109,0.00072654799456828604,0.00089012970849313853,0.010958172975976972,0,0.027281375716158775,0,0.0046532016824901721,0.006186272476003841,0.021079212669817847,0.02562052160596592,5.2615075986191303e-14,5.0560460497292469e-14,5.6366363588568202e-14,5.0711259591051831e-14,5.1140209842786128e-14,5.2822428063184743e-14,5.3647805956088633e-14,5.4251117892047083e-14,5.0453150444378023e-15,0,1.2677022384084456e-14,0,2.044171260707372e-15,2.9056652942807945e-15,9.7027788649442067e-15,1.1887352008487461e-14
reference,n03,SSP2,2060,"AESA (PBs-LCIA), 0.9.1, biogeochemical flows, nitrogen, inverse modelling, surface water",N,Tg N yr-1,"electricity production, wind, 1-3MW turbine, offshore",210000,210000,0.034110353766066671,0.032778346999999999,0.036542313999999999,0.03287611,0.033154198000000003,0.034244780000000002,0.034779873000000003,0.035171000000000001,0.00015616531771280482,0,0.00035818119891682491,0,7.1975507854449562e-05,0.00011197464012501457,0.00028976598159319994,0.00033090438171462397,0.0045314878753496745,0,0.010293987188826206,0,0.0021880193767151073,0.0031837206825229467,0.0084069308512935547,0.0095243904122470583,5.2615075986191303e-14,5.0560460497292469e-14,5.6366363588568202e-14,5.0711259591051831e-14,5.1140209842786128e-14,5.2822428063184743e-14,5.3647805956088633e-14,5.4251117892047083e-14,1.9662256429651396e-15,0,4.5097405022881625e-15,0,9.0621971085290301e-16,1.4098354898409681e-15,3.648347201039635e-15,4.166307148186607e-15
reference,n03,SSP2,2060,"AESA (PBs-LCIA), 0.9.1, biogeochemical flows, nitrogen, inverse modelling, surface water",N,Tg N yr-1,"electricity production, wind, 1-3MW turbine, onshore",210000,210000,0.034110353766066671,0.032778346999999999,0.036542313999999999,0.03287611,0.033154198000000003,0.034244780000000002,0.034779873000000003,0.035171000000000001,0.00012996687160282119,0,0.00026846653132659191,0,7.0262455993092351e-05,0.00010929635956130694,0.00023330556523784232,0.00025182998660034137,0.0037731473876105896,0,0.007715622825714797,0,0.0021359434584243032,0.0031075704290838171,0.006752292410463781,0.0072483993637809125,5.2615075986191303e-14,5.0560460497292469e-14,5.6366363588568202e-14,5.0711259591051831e-14,5.1140209842786128e-14,5.2822428063184743e-14,5.3647805956088633e-14,5.4251117892047083e-14,1.7156402146444367e-15,0,3.5439183232350047e-15,0,9.2750632144045077e-16,1.4427771182622393e-15,3.0797726448939572e-15,3.3243060038930433e-15
reference,n03,SSP2,2060,"AESA (PBs-LCIA), 0.9.1, biogeochemical flows, nitrogen, inverse modelling, surface water",N,Tg N yr-1,"heat and power co-generation, wood chips, 6667 kW",210000,210000,0.034110353766066671,0.032778346999999999,0.036542313999999999,0.03287611,0.033154198000000003,0.034244780000000002,0.034779873000000003,0.035171000000000001,7.2339018193916154e-05,0,0.0001589834664512634,0,3.7063172735113567e-05,5.0837448422871041e-05,0.00012967925397839553,0.0001589834664512634,0.0021052847096104787,0,0.0046012740965424952,0,0.0010941280093136852,0.0015111712046784571,0.0037325460510956934,0.0046012740965424952,5.2615075986191303e-14,5.0560460497292469e-14,5.6366363588568202e-14,5.0711259591051831e-14,5.1140209842786128e-14,5.2822428063184743e-14,5.3647805956088633e-14,5.4251117892047083e-14,8.4481026924435334e-15,0,1.8566863411552697e-14,0,4.3284177687960435e-15,5.937044660858421e-15,1.514457452999232e-14,1.8566863411552697e-14
reference,n03,SSP2,2060,"AESA (PBs-LCIA), 0.9.1, biogeochemical flows, nitrogen, inverse modelling, surface water",N,Tg N yr-1,transmission network construction,210000,210000,0.034110353766066671,0.032778346999999999,0.036542313999999999,0.03287611,0.033154198000000003,0.034244780000000002,0.034779873000000003,0.035171000000000001,9.1400768162308243e-05,0,0.00019218184268861649,0,5.9458642437671975e-05,8.2075449583554334e-05,0.00014237829409248718,0.00019189735635518742,0.0026554498901080674,0,0.0055256625775665274,0,0.0018075129393999661,0.0023336114862686397,0.0041206898499631028,0.0055233639746153007,5.2615075986191303e-14,5.0560460497292469e-14,5.6366363588568202e-14,5.0711259591051831e-14,5.1140209842786128e-14,5.2822428063184743e-14,5.3647805956088633e-14,5.4251117892047083e-14,,,,,,,,
reference,n03,SSP2,2060,"AESA (PBs-LCIA), 0.9.1, biogeochemical flows, phosphorus",P GLO,Tg P yr-1,EU electricity market imports,210000,210000,0.00013538017735238096,8.2100000000000003e-05,0.00017875500000000001,8.2100000000000003e-05,0.000106734,0.000148188,0.000156265,0.00016958199999999999,2.0300494980243281e-05,8.9771349628601768e-06,3.9351683009048668e-05,8.9771349628601768e-06,1.6251802815693173e-05,1.9684150020342892e-05,2.4534427883578682e-05,3.9351683009048668e-05,0.14597111259593731,0.10934390941364405,0.25182659590470463,0.10934390941364405,0.12619496381714818,0.14154697117870205,0.15800020413231353,0.25182659590470463,2.088124682135618e-16,1.2658322337876399e-16,2.7572870217899961e-16,1.2658322337876399e-16,1.6463726674407889e-16,2.2857952896343179e-16,2.4103746974575889e-16,2.6157900342843341e-16,3.8417941355504163e-16,1.6982081205380663e-16,7.4474281160136332e-16,1.6982081205380663e-16,3.0757151300863198e-16,3.725289722772734e-16,4.6432390830915682e-16,7.4474281160136332e-16
reference,n03,SSP2,2060,"AESA (PBs-LCIA), 0.9.1, biogeochemical flows, phosphorus",P GLO,Tg P yr-1,Other life cycle contributions,210000,210000,0.00013538017735238096,8.2100000000000003e-05,0.00017875500000000001,8.2100000000000003e-05,0.000106734,0.000148188,0.000156265,0.00016958199999999999,1.6954580520784338e-06,-3.1963751220178844e-20,1.4261336196905538e-05,-3.1963720395134411e-20,0,0,3.1963748162888527e-20,1.4261336196905538e-05,0.011431960316888128,-2.4870450136692714e-16,0.091263790336323161,-2.1119489271403317e-16,0,0,2.2172480958648974e-16,0.091263790336323161,2.088124682135618e-16,1.2658322337876399e-16,2.7572870217899961e-16,1.2658322337876399e-16,1.6463726674407889e-16,2.2857952896343179e-16,2.4103746974575889e-16,2.6157900342843341e-16,,,,,,,,
reference,n03,SSP2,2060,"AESA (PBs-LCIA), 0.9.1, biogeochemical flows, phosphorus",P GLO,Tg P yr-1,Transmission corona,210000,210000,0.00013538017735238096,8.2100000000000003e-05,0.00017875500000000001,8.2100000000000003e-05,0.000106734,0.000148188,0.000156265,0.00016958199999999999,-1.6305641495810373e-20,-9.2894540919517459e-20,3.3461847661142738e-20,-9.1895558533941631e-20,-3.196356337707404e-20,-3.9954641784488475e-21,5.1191931993398333e-21,3.2977288602540396e-20,-1.0349500920235037e-16,-6.4592183760972248e-16,3.7389216102653508e-16,-5.1408664671724779e-16,-2.1278967976642374e-16,-2.6399361589254146e-17,4.9644512537601307e-17,3.1350692057959731e-16,2.088124682135618e-16,1.2658322337876399e-16,2.7572870217899961e-16,1.2658322337876399e-16,1.6463726674407889e-16,2.2857952896343179e-16,2.4103746974575889e-16,2.6157900342843341e-16,,,,,,,,
reference,n03,SSP2,2060,"AESA (PBs-LCIA), 0.9.1, biogeochemical flows, phosphorus",P GLO,Tg P yr-1,"electricity production, Evolutionary Power Reactor (EPR)",210000,210000,0.00013538017735238096,8.2100000000000003e-05,0.00017875500000000001,8.2100000000000003e-05,0.000106734,0.000148188,0.000156265,0.00016958199999999999,7.9737611093884434e-06,0,1.1915062726121127e-05,0,6.3846884215095067e-06,8.8480216050550886e-06,9.8271048464155759e-06,1.1102452443166989e-05,0.060380032254656636,0,0.079891869001615518,0,0.057529773308377094,0.064775896141073444,0.069391195159733174,0.073492644849000754,2.088124682135618e-16,1.2658322337876399e-16,2.7572870217899961e-16,1.2658322337876399e-16,1.6463726674407889e-16,2.2857952896343179e-16,2.4103746974575889e-16,2.6157900342843341e-16,3.3231240568118104e-17,0,4.9660175510055011e-17,0,2.6610510669536319e-17,3.6877254378799995e-17,4.0958023405651204e-17,4.6273370708085882e-17
reference,n03,SSP2,2060,"AESA (PBs-LCIA), 0.9.1, biogeochemical flows, phosphorus",P GLO,Tg P yr-1,"electricity production, Small Modular Reactor (SMR)",210000,210000,0.00013538017735238096,8.2100000000000003e-05,0.00017875500000000001,8.2100000000000003e-05,0.000106734,0.000148188,0.000156265,0.00016958199999999999,1.5507726799405718e-06,0,2.5392531040587181e-06,0,1.3358376881900707e-06,1.8835807227180461e-06,2.0908291627337305e-06,2.4386504255256518e-06,0.011838097099094664,0,0.01792580746151028,0,0.012247028411875539,0.013597937423884208,0.015241755681481341,0.016270861001097085,2.088124682135618e-16,1.2658322337876399e-16,2.7572870217899961e-16,1.2658322337876399e-16,1.6463726674407889e-16,2.2857952896343179e-16,2.4103746974575889e-16,2.6157900342843341e-16,4.2255045073757231e-17,0,6.9194113807395666e-17,0,3.6385308945021008e-17,5.1327236736318424e-17,5.6974583442753276e-17,6.6452757458391886e-17
reference,n03,SSP2,2060,"AESA (PBs-LCIA), 0.9.1, biogeochemical flows, phosphorus",P GLO,Tg P yr-1,"electricity production, hydro, reservoir, alpine region",210000,210000,0.00013538017735238096,8.2100000000000003e-05,0.00017875500000000001,8.2100000000000003e-05,0.000106734,0.000148188,0.000156265,0.00016958199999999999,3.2335903604157831e-07,0,5.4608192119436188e-07,0,1.9783282268060724e-07,4.4505692476603151e-07,4.7446677350634241e-07,5.2960969605990365e-07,0.0023743661763477668,0,0.0033303603467578543,0,0.0024096567926992353,0.0029289408491291399,0.003109706770648403,0.0032720633928114435,2.088124682135618e-16,1.2658322337876399e-16,2.7572870217899961e-16,1.2658322337876399e-16,1.6463726674407889e-16,2.2857952896343179e-16,2.4103746974575889e-16,2.6157900342843341e-16,3.6888167919713436e-17,0,6.2299236656280005e-17,0,2.2559656841941231e-17,5.0773968620665352e-17,5.4129236155988432e-17,6.0419972543005278e-17
reference,n03,SSP2,2060,"AESA (PBs-LCIA), 0.9.1, biogeochemical flows, phosphorus",P GLO,Tg P yr-1,"electricity production, hydro, run-of-river",210000,187430,0.00013538017735238096,8.2100000000000003e-05,0.00017875500000000001,8.2100000000000003e-05,0.000106734,0.000148188,0.000156265,0.00016958199999999999,2.2036696866019814e-06,0,3.7286910881854662e-06,0,1.250083899263037e-06,3.0650855961267804e-06,3.2642491780382566e-06,3.6324083951556434e-06,0.016078617128352665,0,0.022717962708471873,0,0.015226356872874994,0.020670460987891531,0.021493540799737535,0.02244499869815908,2.088124682135618e-16,1.2658322337876399e-16,2.7572870217899961e-16,1.2658322337876399e-16,1.6463726674407889e-16,2.2857952896343179e-16,2.4103746974575889e-16,2.6157900342843341e-16,5.3650164251731339e-17,0,8.1025557493927244e-17,0,3.0708866369391298e-17,6.8141977074580944e-17,7.1961130640681922e-17,7.8933246105527807e-17
reference,n03,SSP2,2060,"AESA (PBs-LCIA), 0.9.1, biogeochemical flows, phosphorus",P GLO,Tg P yr-1,"electricity production, nuclear, pressure water reactor",210000,210000,0.00013538017735238096,8.2100000000000003e-05,0.00017875500000000001,8.2100000000000003e-05,0.000106734,0.000148188,0.000156265,0.00016958199999999999,9.0617526585473561e-07,0,1.4980921204190805e-06,0,7.506761005473658e-07,1.1199961997899141e-06,1.2261223009958992e-06,1.4253519565550032e-06,0.0068824299987780913,0,0.010041899126104934,0,0.0072822072951704113,0.0081032057872976581,0.0089085610854823388,0.0091434360602602408,2.088124682135618e-16,1.2658322337876399e-16,2.7572870217899961e-16,1.2658322337876399e-16,1.6463726674407889e-16,2.2857952896343179e-16,2.4103746974575889e-16,2.6157900342843341e-16,3.7986612001616448e-17,0,6.280414717927505e-17,0,3.1456587509982907e-17,4.6953377684629332e-17,5.1402358306912294e-17,5.9754720121661578e-17
reference,n03,SSP2,2060,"AESA (PBs-LCIA), 0.9.1, biogeochemical flows, phosphorus",P GLO,Tg P yr-1,"electricity production, photovoltaic",210000,210000,0.00013538017735238096,8.2100000000000003e-05,0.00017875500000000001,8.2100000000000003e-05,0.000106734,0.000148188,0.000156265,0.00016958199999999999,3.9649309893302689e-05,3.7013414526227213e-05,4.4074427100594751e-05,3.7013414526227213e-05,3.7850718575610912e-05,3.9248938243706904e-05,4.1055305538115098e-05,4.3854890536431127e-05,0.30808950399690443,0.24656332466557437,0.45083330726220722,0.24885091378442636,0.25676221470152588,0.2721305442050006,0.35233415728224571,0.45083330726220722,2.088124682135618e-16,1.2658322337876399e-16,2.7572870217899961e-16,1.2658322337876399e-16,1.6463726674407889e-16,2.2857952896343179e-16,2.4103746974575889e-16,2.6157900342843341e-16,5.2946023901953009e-16,4.9408309445174844e-16,5.8859735195137438e-16,4.9408309445174844e-16,5.0548095893198134e-16,5.2415535654421955e-16,5.482774206372928e-16,5.8566507829610039e-16
reference,n03,SSP2,2060,"AESA (PBs-LCIA), 0.9.1, biogeochemical flows, phosphorus",P GLO,Tg P yr-1,"electricity production, wind, 1-3MW turbine, offshore",210000,210000,0.00013538017735238096,8.2100000000000003e-05,0.00017875500000000001,8.2100000000000003e-05,0.000106734,0.000148188,0.000156265,0.00016958199999999999,1.935667128169618e-05,1.0487677876289873e-05,2.6014686329700977e-05,1.0487677876289873e-05,1.4433349067368483e-05,2.2199405223892546e-05,2.3797606610841219e-05,2.5904631752809572e-05,0.14162694161380748,0.10875931158217662,0.16556273354891321,0.10875931158217662,0.12774272687320187,0.14553263589662374,0.15328184469118092,0.16239149066990588,2.088124682135618e-16,1.2658322337876399e-16,2.7572870217899961e-16,1.2658322337876399e-16,1.6463726674407889e-16,2.2857952896343179e-16,2.4103746974575889e-16,2.6157900342843341e-16,2.4370211056962474e-16,1.3198881254395162e-16,3.2754212368058153e-16,1.3198881254395162e-16,1.8172608290970232e-16,2.7950485478886993e-16,2.9962717356830218e-16,3.2615621552289763e-16
reference,n03,SSP2,2060,"AESA (PBs-LCIA), 0.9.1, biogeochemical flows, phosphorus",P GLO,Tg P yr-1,"electricity production, wind, 1-3MW turbine, onshore",210000,210000,0.00013538017735238096,8.2100000000000003e-05,0.00017875500000000001,8.2100000000000003e-05,0.000106734,0.000148188,0.000156265,0.00016958199999999999,2.2124760967665475e-05,1.1063361111359164e-05,3.0285384313203323e-05,1.1063361111359164e-05,1.6055561774986828e-05,2.5491205288758015e-05,2.7611292679187171e-05,3.0169344573737841e-05,0.16081424663331972,0.12246630043591801,0.19018231191191251,0.12246630043591801,0.13475470293981928,0.16942398429808017,0.17952842787786116,0.18990410109834946,2.088124682135618e-16,1.2658322337876399e-16,2.7572870217899961e-16,1.2658322337876399e-16,1.6463726674407889e-16,2.2857952896343179e-16,2.4103746974575889e-16,2.6157900342843341e-16,2.9204749087938273e-16,1.4597875513616859e-16,3.9978495056934168e-16,1.4597875513616859e-16,2.1194366599322711e-16,3.3649853135555517e-16,3.6448577164228337e-16,3.9825285447679056e-16
reference,n03,SSP2,2060,"AESA (PBs-LCIA), 0.9.1, biogeochemical flows, phosphorus",P GLO,Tg P yr-1,"heat and power co-generation, wood chips, 6667 kW",210000,210000,0.00013538017735238096,8.2100000000000003e-05,0.00017875500000000001,8.2100000000000003e-05,0.000106734,0.000148188,0.000156265,0.00016958199999999999,1.7287530068854673e-05,3.9980426280916572e-06,2.763282248951488e-05,3.9980426280916572e-06,9.1635539906013773e-06,1.9037889775965493e-05,2.5522156319750185e-05,2.763282248951488e-05,0.12049751906288939,0.048697230549228462,0.20333677258008775,0.048697230549228462,0.081016844874261265,0.12578967390146811,0.15951547094182542,0.20333677258008775,2.088124682135618e-16,1.2658322337876399e-16,2.7572870217899961e-16,1.2658322337876399e-16,1.6463726674407889e-16,2.2857952896343179e-16,2.4103746974575889e-16,2.6157900342843341e-16,2.0188770930075167e-15,4.6670559765567139e-16,3.2270870952466301e-15,4.6670559765567139e-16,1.0701615945571918e-15,2.2233335764976516e-15,2.9806023262067437e-15,3.2270870952466301e-15
reference,n03,SSP2,2060,"AESA (PBs-LCIA), 0.9.1, biogeochemical flows, phosphorus",P GLO,Tg P yr-1,transmission network construction,210000,210000,0.00013538017735238096,8.2100000000000003e-05,0.00017875500000000001,8.2100000000000003e-05,0.000106734,0.000148188,0.000156265,0.00016958199999999999,2.0082143307129296e-06,0,7.1490619704098663e-06,0,9.9219224238788458e-07,1.2750650183315637e-06,1.6149786732513916e-06,6.9424490917074353e-06,0.014015173123023854,0,0.043568980791925407,0,0.0082904636462627426,0.0112117577991914,0.012085167385966926,0.041079580424304353,2.088124682135618e-16,1.2658322337876399e-16,2.7572870217899961e-16,1.2658322337876399e-16,1.6463726674407889e-16,2.2857952896343179e-16,2.4103746974575889e-16,2.6157900342843341e-16,,,,,,,,
reference,n03,SSP2,2060,"AESA (PBs-LCIA), 0.9.1, change in biosphere integrity, functional diversity, total",BI FD,%BII loss,EU electricity market imports,210000,210000,0.0051829980187333329,0.00266016,0.0071813989999999998,0.00266016,0.0035692570000000002,0.0056239330000000002,0.0063989880000000004,0.00701638,0.0006522275294795634,0.00029723748308958857,0.0031504270411247541,0.00029723748308958857,0.00034491777044134514,0.00043648671654031225,0.00056666208403404275,0.0014980362050420037,0.12303442392984233,0.052302413289029064,0.53355279553501478,0.052302413289029064,0.079012297361294712,0.10196155883626094,0.12266557834752566,0.22467680693109751,7.9947524755498072e-15,4.1032854121010542e-15,1.1077277654352821e-14,4.1032854121010542e-15,5.5055636803415709e-15,8.6748930998700339e-15,9.8704116424028434e-15,1.082273654499309e-14,1.2343640548606534e-14,5.625326157110405e-15,5.9622962357396588e-14,5.625326157110405e-15,6.5276931931805874e-15,8.2606684267049222e-15,1.0724283831865023e-14,2.8350873669905986e-14
reference,n03,SSP2,2060,"AESA (PBs-LCIA), 0.9.1, change in biosphere integrity, functional diversity, total",BI FD,%BII loss,Other life cycle contributions,210000,210000,0.0051829980187333329,0.00266016,0.0071813989999999998,0.00266016,0.0035692570000000002,0.0056239330000000002,0.0063989880000000004,0.00701638,0.00024139914505998935,-1.0228370800012401e-18,0.001447184960934016,-1.0228370139451721e-18,0,0,1.0228370465408025e-18,0.001447184960934016,0.034357247793585441,-2.1022814517409276e-16,0.2077370750703468,-1.8187219050176667e-16,0,0,1.71743658289648e-16,0.2077370750703468,7.9947524755498072e-15,4.1032854121010542e-15,1.1077277654352821e-14,4.1032854121010542e-15,5.5055636803415709e-15,8.6748930998700339e-15,9.8704116424028434e-15,1.082273654499309e-14,,,,,,,,
reference,n03,SSP2,2060,"AESA (PBs-LCIA), 0.9.1, change in biosphere integrity, functional diversity, total",BI FD,%BII loss,Transmission corona,210000,210000,0.0051829980187333329,0.00266016,0.0071813989999999998,0.00266016,0.0035692570000000002,0.0056239330000000002,0.0063989880000000004,0.00701638,0.00016981541490624497,0,0.00020686133886967231,0,0.00020686131039059121,0.00020686132239565295,0.00020686132827265691,0.00020686133265039898,0.039396988679157807,0,0.077762739185859839,0,0.032327194129938099,0.03678232222955443,0.057956411338168624,0.077762739185859839,7.9947524755498072e-15,4.1032854121010542e-15,1.1077277654352821e-14,4.1032854121010542e-15,5.5055636803415709e-15,8.6748930998700339e-15,9.8704116424028434e-15,1.082273654499309e-14,,,,,,,,
reference,n03,SSP2,2060,"AESA (PBs-LCIA), 0.9.1, change in biosphere integrity, functional diversity, total",BI FD,%BII loss,"electricity production, Evolutionary Power Reactor (EPR)",210000,210000,0.0051829980187333329,0.00266016,0.0071813989999999998,0.00266016,0.0035692570000000002,0.0056239330000000002,0.0063989880000000004,0.00701638,0.00018299502233963728,0,0.00027040214858088413,0,0.00018416378807576742,0.00022062564684979271,0.00022830058129837008,0.00024591244806874404,0.041938792344855647,0,0.082936983809166628,0,0.036641589657436732,0.041531179096154114,0.053435818704340353,0.082936983809166628,7.9947524755498072e-15,4.1032854121010542e-15,1.1077277654352821e-14,4.1032854121010542e-15,5.5055636803415709e-15,8.6748930998700339e-15,9.8704116424028434e-15,1.082273654499309e-14,7.6269587019028509e-16,0,1.1269956381817771e-15,0,7.6756709503888226e-16,9.1953465694580167e-16,9.5152275565366772e-16,1.0249263311064937e-15
reference,n03,SSP2,2060,"AESA (PBs-LCIA), 0.9.1, change in biosphere integrity, functional diversity, total",BI FD,%BII loss,"electricity production, Small Modular Reactor (SMR)",210000,210000,0.0051829980187333329,0.00266016,0.0071813989999999998,0.00266016,0.0035692570000000002,0.0056239330000000002,0.0063989880000000004,0.00701638,4.5306978571440253e-05,0,6.6520677833482912e-05,0,4.3783302792358865e-05,5.3347887959179922e-05,5.7516444153292564e-05,6.1434945026942099e-05,0.01033421689996473,0,0.02005439069799558,0,0.0092456619911774861,0.010284556967128912,0.012644635621734249,0.02005439069799558,7.9947524755498072e-15,4.1032854121010542e-15,1.1077277654352821e-14,4.1032854121010542e-15,5.5055636803415709e-15,8.6748930998700339e-15,9.8704116424028434e-15,1.082273654499309e-14,1.2346062230543967e-15,0,1.81267525180992e-15,0,1.1930863337418447e-15,1.4537193762289498e-15,1.5673119062760145e-15,1.6740901988452519e-15
reference,n03,SSP2,2060,"AESA (PBs-LCIA), 0.9.1, change in biosphere integrity, functional diversity, total",BI FD,%BII loss,"electricity production, hydro, reservoir, alpine region",210000,210000,0.0051829980187333329,0.00266016,0.0071813989999999998,0.00266016,0.0035692570000000002,0.0056239330000000002,0.0063989880000000004,0.00701638,2.7934843993587238e-05,0,3.6879340248084329e-05,0,3.2126735889926351e-05,3.2982552950941569e-05,3.5130726087375531e-05,3.6070965933422452e-05,0.0064938388159258053,0,0.013206245521839112,0,0.0051196963206991348,0.0062458437633989266,0.0095049508259429979,0.013206245521839112,7.9947524755498072e-15,4.1032854121010542e-15,1.1077277654352821e-14,4.1032854121010542e-15,5.5055636803415709e-15,8.6748930998700339e-15,9.8704116424028434e-15,1.082273654499309e-14,3.1869215840943658e-15,0,4.2073462033738689e-15,0,3.6651497170310747e-15,3.7627853053710271e-15,4.0078572219350491e-15,4.1151238853742401e-15
reference,n03,SSP2,2060,"AESA (PBs-LCIA), 0.9.1, change in biosphere integrity, functional diversity, total",BI FD,%BII loss,"electricity production, hydro, run-of-river",210000,187430,0.0051829980187333329,0.00266016,0.0071813989999999998,0.00266016,0.0035692570000000002,0.0056239330000000002,0.0063989880000000004,0.00701638,0.00016493603693517819,0,0.00020951144469458284,0,0.00019455636185363183,0.00020030522863418088,0.00020232704656531958,0.00020908082081776938,0.038242331486736253,0,0.076313076592112949,0,0.031413017386770284,0.037253545640494441,0.054806322249392393,0.076313076592112949,7.9947524755498072e-15,4.1032854121010542e-15,1.1077277654352821e-14,4.1032854121010542e-15,5.5055636803415709e-15,8.6748930998700339e-15,9.8704116424028434e-15,1.082273654499309e-14,4.0157028498949462e-15,0,4.5527477666927015e-15,0,4.2777783815181196e-15,4.3680415888968912e-15,4.4113603336129355e-15,4.5527477666927015e-15
reference,n03,SSP2,2060,"AESA (PBs-LCIA), 0.9.1, change in biosphere integrity, functional diversity, total",BI FD,%BII loss,"electricity production, nuclear, pressure water reactor",210000,210000,0.0051829980187333329,0.00266016,0.0071813989999999998,0.00266016,0.0035692570000000002,0.0056239330000000002,0.0063989880000000004,0.00701638,2.5027660248822571e-05,0,3.463564985835718e-05,0,2.4035096174124175e-05,2.9304188012647259e-05,3.2288408838511019e-05,3.4288328728781705e-05,0.0057104554020595633,0,0.011015949421330769,0,0.0051597025654775601,0.0057318320826713516,0.0069438465235224659,0.011015949421330769,7.9947524755498072e-15,4.1032854121010542e-15,1.1077277654352821e-14,4.1032854121010542e-15,5.5055636803415709e-15,8.6748930998700339e-15,9.8704116424028434e-15,1.082273654499309e-14,1.0492289261978729e-15,0,1.4520224244269573e-15,0,1.0076178659009271e-15,1.2285127952984145e-15,1.3536197773496606e-15,1.4374617972803629e-15
reference,n03,SSP2,2060,"AESA (PBs-LCIA), 0.9.1, change in biosphere integrity, functional diversity, total",BI FD,%BII loss,"electricity production, photovoltaic",210000,210000,0.0051829980187333329,0.00266016,0.0071813989999999998,0.00266016,0.0035692570000000002,0.0056239330000000002,0.0063989880000000004,0.00701638,0.0006997423710393331,0.00063787985296761152,0.00076497815070109888,0.00064952681163644001,0.00068196667126163156,0.00069819848145052054,0.0007158380798495701,0.00076497815070109888,0.14990906755643355,0.094947710280981909,0.25636302751023682,0.094947710280981909,0.11016788486355891,0.12844680055085922,0.18197815725694169,0.25636302751023682,7.9947524755498072e-15,4.1032854121010542e-15,1.1077277654352821e-14,4.1032854121010542e-15,5.5055636803415709e-15,8.6748930998700339e-15,9.8704116424028434e-15,1.082273654499309e-14,9.3447997975991822e-15,8.5186489406376472e-15,1.0215999442718414e-14,8.6741894475102405e-15,9.1074116682182747e-15,9.3241821774086562e-15,9.559752329092311e-15,1.0215999442718414e-14
reference,n03,SSP2,2060,"AESA (PBs-LCIA), 0.9.1, change in biosphere integrity, functional diversity, total",BI FD,%BII loss,"electricity production, wind, 1-3MW turbine, offshore",210000,210000,0.0051829980187333329,0.00266016,0.0071813989999999998,0.00266016,0.0035692570000000002,0.0056239330000000002,0.0063989880000000004,0.00701638,0.00019544884298641857,0,0.00027305924697863153,0,0.0002120730021202647,0.00022315364829431436,0.00025074020993264126,0.00026272155749253921,0.045490546962622079,0,0.094257567188680849,0,0.03439057842626693,0.044113342929765334,0.061635275635547188,0.094257567188680849,7.9947524755498072e-15,4.1032854121010542e-15,1.1077277654352821e-14,4.1032854121010542e-15,5.5055636803415709e-15,8.6748930998700339e-15,9.8704116424028434e-15,1.082273654499309e-14,2.4608314674979883e-15,0,3.4379981204692719e-15,0,2.6701406788282737e-15,2.809653506736327e-15,3.1569866183112195e-15,3.3078398759115269e-15
reference,n03,SSP2,2060,"AESA (PBs-LCIA), 0.9.1, change in biosphere integrity, functional diversity, total",BI FD,%BII loss,"electricity production, wind, 1-3MW turbine, onshore",210000,210000,0.0051829980187333329,0.00266016,0.0071813989999999998,0.00266016,0.0035692570000000002,0.0056239330000000002,0.0063989880000000004,0.00701638,0.00022413898663213065,0,0.00030538550260484092,0,0.00023795942420525181,0.00026427717979787683,0.00028426176051217782,0.00029456307755323881,0.051947117947121944,0,0.10583966525386321,0,0.041007395810483356,0.04973653386152703,0.071282685279340827,0.10583966525386321,7.9947524755498072e-15,4.1032854121010542e-15,1.1077277654352821e-14,4.1032854121010542e-15,5.5055636803415709e-15,8.6748930998700339e-15,9.8704116424028434e-15,1.082273654499309e-14,2.9587683046834822e-15,0,4.0312705756025868e-15,0,3.1412063693302637e-15,3.4886165469783508e-15,3.7524251525932329e-15,3.8884083099453816e-15
reference,n03,SSP2,2060,"AESA (PBs-LCIA), 0.9.1, change in biosphere integrity, functional diversity, total",BI FD,%BII loss,"heat and power co-generation, wood chips, 6667 kW",210000,210000,0.0051829980187333329,0.00266016,0.0071813989999999998,0.00266016,0.0035692570000000002,0.0056239330000000002,0.0063989880000000004,0.00701638,0.0024484511900023575,0.00027674220816467431,0.0042178306524119002,0.00027674220816467431,0.001059439631944859,0.0028287805525284678,0.0039300193702696863,0.0042178306524119002,0.42890204293405321,0.08240948038985331,0.62085143418323696,0.10403216654813031,0.32539811155290826,0.50576533346320796,0.59751920575846773,0.62085143418323696,7.9947524755498072e-15,4.1032854121010542e-15,1.1077277654352821e-14,4.1032854121010542e-15,5.5055636803415709e-15,8.6748930998700339e-15,9.8704116424028434e-15,1.082273654499309e-14,2.8594205044025094e-13,3.231930144886392e-14,4.9257880340742495e-13,3.231930144886392e-14,1.2372651973771851e-13,3.3035875606632461e-13,4.5896680023033919e-13,4.9257880340742495e-13
reference,n03,SSP2,2060,"AESA (PBs-LCIA), 0.9.1, change in biosphere integrity, functional diversity, total",BI FD,%BII loss,transmission network construction,210000,210000,0.0051829980187333329,0.00266016,0.0071813989999999998,0.00266016,0.0035692570000000002,0.0056239330000000002,0.0063989880000000004,0.00701638,0.00010557399653863051,0,0.00014546660622905518,0,0.00011434741695876017,0.00012364821262082028,0.00013476145548552363,0.00014546660622905518,0.024242929247641657,0,0.04648149457958179,0,0.019101510531832001,0.024425168405122898,0.034193182432788273,0.04648149457958179,7.9947524755498072e-15,4.1032854121010542e-15,1.1077277654352821e-14,4.1032854121010542e-15,5.5055636803415709e-15,8.6748930998700339e-15,9.8704116424028434e-15,1.082273654499309e-14,,,,,,,,
reference,n03,SSP2,2060,"AESA (PBs-LCIA), 0.9.1, climate change, atmospheric CO2 concentration",aCO2,ppm,EU electricity market imports,210000,210000,0.14687331962893332,0.066470966000000006,0.45106435,0.066470966000000006,0.102265255,0.13409629000000001,0.16812908100000001,0.29419563799999998,0.042784861789529775,0.0091241932335655428,0.30811015795063174,0.0091241932335655428,0.01314737096578299,0.021045092980068708,0.035133917220946373,0.16071131690104204,0.21765393192701643,0.098044255853633161,0.68307361898725039,0.098044255853633161,0.13726584376050052,0.17686804756882463,0.23584940018998474,0.54627362252407718,2.2655147244490848e-13,1.025311830922266e-13,6.9576484689024531e-13,1.025311830922266e-13,1.5774372187441949e-13,2.0684295840831419e-13,2.5933839424114012e-13,4.5379552325373679e-13,8.0971890120585543e-13,1.7267863939629886e-13,5.8310955858105106e-12,1.7267863939629886e-13,2.4881872521300119e-13,3.9828595731890663e-13,6.6492202185858949e-13,3.0415194858667196e-12
reference,n03,SSP2,2060,"AESA (PBs-LCIA), 0.9.1, climate change, atmospheric CO2 concentration",aCO2,ppm,Other life cycle contributions,210000,210000,0.14687331962893332,0.066470966000000006,0.45106435,0.066470966000000006,0.102265255,0.13409629000000001,0.16812908100000001,0.29419563799999998,0.002063613818673175,-3.2730785643597899e-17,0.01644027005675109,-1.6365392816738425e-17,0,0,1.6365392817965394e-17,0.013014461588111466,0.013957393401173171,-2.1971749159775568e-16,0.095149848866156461,-1.7675687081141686e-16,0,0,1.4512690073319823e-16,0.074326832113986774,2.2655147244490848e-13,1.025311830922266e-13,6.9576484689024531e-13,1.025311830922266e-13,1.5774372187441949e-13,2.0684295840831419e-13,2.5933839424114012e-13,4.5379552325373679e-13,,,,,,,,
reference,n03,SSP2,2060,"AESA (PBs-LCIA), 0.9.1, climate change, atmospheric CO2 concentration",aCO2,ppm,Transmission corona,210000,210000,0.14687331962893332,0.066470966000000006,0.45106435,0.066470966000000006,0.102265255,0.13409629000000001,0.16812908100000001,0.29419563799999998,-6.7467123353491843e-18,-5.6895310943200621e-17,2.0456740953392304e-17,-4.3981993208584676e-17,-4.8584759862161419e-18,-5.1141852678096256e-19,2.045674098335456e-18,2.0328886279319626e-17,-4.4801852543473694e-17,-3.701617865153706e-16,1.7981026509385444e-16,-3.4820836734811873e-16,-7.3091701213070103e-17,-4.5630713377431602e-18,4.5352156479124448e-18,1.4885962025604138e-16,2.2655147244490848e-13,1.025311830922266e-13,6.9576484689024531e-13,1.025311830922266e-13,1.5774372187441949e-13,2.0684295840831419e-13,2.5933839424114012e-13,4.5379552325373679e-13,,,,,,,,
reference,n03,SSP2,2060,"AESA (PBs-LCIA), 0.9.1, climate change, atmospheric CO2 concentration",aCO2,ppm,"electricity production, Evolutionary Power Reactor (EPR)",210000,210000,0.14687331962893332,0.066470966000000006,0.45106435,0.066470966000000006,0.102265255,0.13409629000000001,0.16812908100000001,0.29419563799999998,0.015606982233237603,0.0049148717065777914,0.026282003035831728,0.0049148717065777914,0.012363806735288004,0.016276476889298609,0.019868840263066311,0.020959434575456459,0.11360586989834669,0.058266637644566077,0.156301375492614,0.064247620123446481,0.10122803388239765,0.11325632554220574,0.14082963659361025,0.156301375492614,2.2655147244490848e-13,1.025311830922266e-13,6.9576484689024531e-13,1.025311830922266e-13,1.5774372187441949e-13,2.0684295840831419e-13,2.5933839424114012e-13,4.5379552325373679e-13,6.504756640085132e-14,2.0484449779426591e-14,1.0953945570247687e-13,2.0484449779426591e-14,5.1530496351636176e-14,6.783791985278895e-14,8.2810352780895116e-14,8.7355786763549875e-14
reference,n03,SSP2,2060,"AESA (PBs-LCIA), 0.9.1, climate change, atmospheric CO2 concentration",aCO2,ppm,"electricity production, Small Modular Reactor (SMR)",210000,210000,0.14687331962893332,0.066470966000000006,0.45106435,0.066470966000000006,0.102265255,0.13409629000000001,0.16812908100000001,0.29419563799999998,0.0030540050041873508,0,0.0062820019499843947,0,0.0011179736756571634,0.0030802378649488478,0.0047272079859299355,0.0048749419989233969,0.022244110371341334,0,0.036354040808462315,0,0.01601561158284389,0.026803213492671944,0.031733130155785397,0.036354040808462315,2.2655147244490848e-13,1.025311830922266e-13,6.9576484689024531e-13,1.025311830922266e-13,1.5774372187441949e-13,2.0684295840831419e-13,2.5933839424114012e-13,4.5379552325373679e-13,8.3221033303999889e-14,0,1.7118331280865156e-13,0,3.0464561910424575e-14,8.3935873953760298e-14,1.2881548399275246e-13,1.3284120682072358e-13
reference,n03,SSP2,2060,"AESA (PBs-LCIA), 0.9.1, climate change, atmospheric CO2 concentration",aCO2,ppm,"electricity production, hydro, reservoir, alpine region",210000,210000,0.14687331962893332,0.066470966000000006,0.45106435,0.066470966000000006,0.102265255,0.13409629000000001,0.16812908100000001,0.29419563799999998,0.00071115649779702529,0,0.0013128145958772601,0,0.00038975746408411631,0.0007751365252728383,0.0011220990658557125,0.0011566395992530657,0.0053308666488235887,0,0.0090314414196239531,0,0.0039315321162343873,0.0057567354080025855,0.0083678606310115845,0.0090001838596876667,2.2655147244490848e-13,1.025311830922266e-13,6.9576484689024531e-13,1.025311830922266e-13,1.5774372187441949e-13,2.0684295840831419e-13,2.5933839424114012e-13,4.5379552325373679e-13,8.113165009076892e-14,0,1.4977127378557724e-13,0,4.4465130121617662e-14,8.8430754260695909e-14,1.2801366374618742e-13,1.3195418940459866e-13
reference,n03,SSP2,2060,"AESA (PBs-LCIA), 0.9.1, climate change, atmospheric CO2 concentration",aCO2,ppm,"electricity production, hydro, run-of-river",210000,187430,0.14687331962893332,0.066470966000000006,0.45106435,0.066470966000000006,0.102265255,0.13409629000000001,0.16812908100000001,0.29419563799999998,0.0027291375257444714,0,0.0049089966282930024,0,0.0014387221683314687,0.0032600319418097947,0.0041694626014461226,0.0042385481442555146,0.020510121277533776,0,0.033429525907042644,0,0.01416131930933545,0.023841070062585006,0.029840152710864633,0.031608243182980784,2.2655147244490848e-13,1.025311830922266e-13,6.9576484689024531e-13,1.025311830922266e-13,1.5774372187441949e-13,2.0684295840831419e-13,2.5933839424114012e-13,4.5379552325373679e-13,6.6446396536566554e-14,0,1.0667399434486858e-13,0,5.0003743520430203e-14,7.6197234599176233e-14,9.0603694272900893e-14,1.0667399434486858e-13
reference,n03,SSP2,2060,"AESA (PBs-LCIA), 0.9.1, climate change, atmospheric CO2 concentration",aCO2,ppm,"electricity production, nuclear, pressure water reactor",210000,210000,0.14687331962893332,0.066470966000000006,0.45106435,0.066470966000000006,0.102265255,0.13409629000000001,0.16812908100000001,0.29419563799999998,0.0016748034927890163,0,0.0032367094501522396,0,0.00063460368802667488,0.0017247648107591087,0.0026379870734855246,0.0026614621719906351,0.012283706743309093,0,0.019847396016628313,0,0.0085761959851644084,0.014934737795786491,0.017708462881547583,0.019847396016628313,2.2655147244490848e-13,1.025311830922266e-13,6.9576484689024531e-13,1.025311830922266e-13,1.5774372187441949e-13,2.0684295840831419e-13,2.5933839424114012e-13,4.5379552325373679e-13,7.0212406874031233e-14,0,1.3569183610261015e-13,0,2.6604346452680458e-14,7.2306924195868541e-14,1.1059173347527486e-13,1.1157587483012758e-13
reference,n03,SSP2,2060,"AESA (PBs-LCIA), 0.9.1, climate change, atmospheric CO2 concentration",aCO2,ppm,"electricity production, photovoltaic",210000,210000,0.14687331962893332,0.066470966000000006,0.45106435,0.066470966000000006,0.102265255,0.13409629000000001,0.16812908100000001,0.29419563799999998,0.021707269597837774,0.013396797872322144,0.033078349413195415,0.013396797872322144,0.017336497368965528,0.019925973343285809,0.023973222290687376,0.033078349413195415,0.16319522878649911,0.062247035052746758,0.20154360134200761,0.10462018969797057,0.15468284799754162,0.17485125380118649,0.17877617860037273,0.20154360134200761,2.2655147244490848e-13,1.025311830922266e-13,6.9576484689024531e-13,1.025311830922266e-13,1.5774372187441949e-13,2.0684295840831419e-13,2.5933839424114012e-13,4.5379552325373679e-13,2.8989253241380565e-13,1.7890926563814381e-13,4.417490849739457e-13,1.7890926563814381e-13,2.3152248999788606e-13,2.6610398145319742e-13,3.2015348995516425e-13,4.417490849739457e-13
reference,n03,SSP2,2060,"AESA (PBs-LCIA), 0.9.1, climate change, atmospheric CO2 concentration",aCO2,ppm,"electricity production, wind, 1-3MW turbine, offshore",210000,210000,0.14687331962893332,0.066470966000000006,0.45106435,0.066470966000000006,0.102265255,0.13409629000000001,0.16812908100000001,0.29419563799999998,0.020665222599528764,0.013390114331487221,0.026990668261370778,0.013390114331487221,0.017950799414842341,0.020314308814303648,0.024582448460143399,0.025420325020037476,0.15843723164553306,0.05983773326659661,0.20144305306902294,0.082803162971662958,0.15119528917211814,0.16379181098480913,0.18331937788989836,0.20144305306902294,2.2655147244490848e-13,1.025311830922266e-13,6.9576484689024531e-13,1.025311830922266e-13,1.5774372187441949e-13,2.0684295840831419e-13,2.5933839424114012e-13,4.5379552325373679e-13,2.6018895356742831e-13,1.6859048192828575e-13,3.3983053912772169e-13,1.6859048192828575e-13,2.2601255302294596e-13,2.5577071574311092e-13,3.0950944318931613e-13,3.2005886877045697e-13
reference,n03,SSP2,2060,"AESA (PBs-LCIA), 0.9.1, climate change, atmospheric CO2 concentration",aCO2,ppm,"electricity production, wind, 1-3MW turbine, onshore",210000,210000,0.14687331962893332,0.066470966000000006,0.45106435,0.066470966000000006,0.102265255,0.13409629000000001,0.16812908100000001,0.29419563799999998,0.01784819858154818,0.010814117699713521,0.023561247253528497,0.010814117699713521,0.014900733125366427,0.016718267262442237,0.020958235371493151,0.022571956169228875,0.13580395329009143,0.052234780366766952,0.16347944629329128,0.072656192579153567,0.13425372954503256,0.1399182668085763,0.15629243263548268,0.16268934168511287,2.2655147244490848e-13,1.025311830922266e-13,6.9576484689024531e-13,1.025311830922266e-13,1.5774372187441949e-13,2.0684295840831419e-13,2.5933839424114012e-13,4.5379552325373679e-13,2.3560686566212897e-13,1.4275280305487239e-13,3.1102251558138749e-13,1.4275280305487239e-13,1.9669856358588621e-13,2.2069109822107561e-13,2.7666120603414185e-13,2.9796328307762436e-13
reference,n03,SSP2,2060,"AESA (PBs-LCIA), 0.9.1, climate change, atmospheric CO2 concentration",aCO2,ppm,"heat and power co-generation, wood chips, 6667 kW",210000,210000,0.14687331962893332,0.066470966000000006,0.45106435,0.066470966000000006,0.102265255,0.13409629000000001,0.16812908100000001,0.29419563799999998,0.0090262927118059579,0.0053219016364277165,0.014969798616034799,0.005439903337972095,0.0076297389421767416,0.0082218173286464913,0.0097863292859046783,0.014969798616034799,0.067728566451631139,0.021949204205871958,0.089699982888246113,0.045961822892696881,0.056897464815594385,0.06823041017876752,0.081838788652057418,0.089699982888246113,2.2655147244490848e-13,1.025311830922266e-13,6.9576484689024531e-13,1.025311830922266e-13,1.5774372187441949e-13,2.0684295840831419e-13,2.5933839424114012e-13,4.5379552325373679e-13,1.0541344030257588e-12,6.2151757751129951e-13,1.7482459545384371e-12,6.3529839356771261e-13,8.9103805526421608e-13,9.6018385384835506e-13,1.1428951747873539e-12,1.7482459545384371e-12
reference,n03,SSP2,2060,"AESA (PBs-LCIA), 0.9.1, climate change, atmospheric CO2 concentration",aCO2,ppm,transmission network construction,210000,210000,0.14687331962893332,0.066470966000000006,0.45106435,0.066470966000000006,0.102265255,0.13409629000000001,0.16812908100000001,0.29419563799999998,0.0090017757762542519,0,0.012431386958438328,0.0058099108222622866,0.0079456034343024003,0.0094872208745724034,0.010731014549596588,0.012431386958438328,0.069249019558701247,0,0.097212527871165175,0.027494589055191521,0.068379512922331784,0.073989258293360796,0.079776816512539012,0.08740524129380467,2.2655147244490848e-13,1.025311830922266e-13,6.9576484689024531e-13,1.025311830922266e-13,1.5774372187441949e-13,2.0684295840831419e-13,2.5933839424114012e-13,4.5379552325373679e-13,,,,,,,,
reference,n03,SSP2,2060,"AESA (PBs-LCIA), 0.9.1, climate change, energy imbalance at top-of-atmosphere",EI,W m-2,EU electricity market imports,210000,210000,0.0021853613070428571,0.001121999,0.0061940579999999997,0.001121999,0.001595172,0.001998686,0.0025210279999999998,0.0041187359999999996,0.00058952765693433935,0.00013725914397579817,0.0040908826740364331,0.00013725914397579817,0.00018757804834591273,0.00029235098119368688,0.00047042682872471691,0.0021394020601359343,0.20583773741773423,0.092421811259843251,0.6604527555338412,0.092421811259843251,0.1223344619521035,0.16879148860169238,0.21477529034544113,0.51943170432286379,3.3709105739835067e-15,1.7306786432136649e-15,9.5543078181812213e-15,1.7306786432136649e-15,2.4605463141707991e-15,3.0829646717725348e-15,3.8886751965527678e-15,6.3531327485501244e-15,1.1157022953586104e-14,2.5976785966769379e-15,7.7421423294573097e-14,2.5976785966769379e-15,3.5499811535307741e-15,5.5328477019926772e-15,8.9029969184789707e-15,4.0488953259533091e-14
reference,n03,SSP2,2060,"AESA (PBs-LCIA), 0.9.1, climate change, energy imbalance at top-of-atmosphere",EI,W m-2,Other life cycle contributions,210000,210000,0.0021853613070428571,0.001121999,0.0061940579999999997,0.001121999,0.001595172,0.001998686,0.0025210279999999998,0.0041187359999999996,2.8136094547839531e-05,-1.0228370594232784e-18,0.00022734654646068504,-5.1141858598253392e-19,-2.5570926284829204e-19,0,2.5570925277714055e-19,0.00017502292274275088,0.012732369254682484,-3.2219930899298663e-16,0.090039519953823116,-2.4833761120481587e-16,-1.4249179507741844e-16,0,1.7567175940198519e-16,0.067179204787887706,3.3709105739835067e-15,1.7306786432136649e-15,9.5543078181812213e-15,1.7306786432136649e-15,2.4605463141707991e-15,3.0829646717725348e-15,3.8886751965527678e-15,6.3531327485501244e-15,,,,,,,,
reference,n03,SSP2,2060,"AESA (PBs-LCIA), 0.9.1, climate change, energy imbalance at top-of-atmosphere",EI,W m-2,Transmission corona,210000,210000,0.0021853613070428571,0.001121999,0.0061940579999999997,0.001121999,0.001595172,0.001998686,0.0025210279999999998,0.0041187359999999996,0.00015508170330640454,0.00015508167400890452,0.00015508174386352866,0.00015508167580259471,0.00015508169309277556,0.00015508170510124725,0.00015508171340829514,0.00015508173699700753,0.082318451251628663,0.02503717448105669,0.13821911585234506,0.037652742569265464,0.061515261573295371,0.077591830383185373,0.097219414449486757,0.13821911585234506,3.3709105739835067e-15,1.7306786432136649e-15,9.5543078181812213e-15,1.7306786432136649e-15,2.4605463141707991e-15,3.0829646717725348e-15,3.8886751965527678e-15,6.3531327485501244e-15,,,,,,,,
reference,n03,SSP2,2060,"AESA (PBs-LCIA), 0.9.1, climate change, energy imbalance at top-of-atmosphere",EI,W m-2,"electricity production, Evolutionary Power Reactor (EPR)",210000,210000,0.0021853613070428571,0.001121999,0.0061940579999999997,0.001121999,0.001595172,0.001998686,0.0025210279999999998,0.0041187359999999996,0.00022487585255930861,8.4753356406949072e-05,0.00036525307598937956,8.4753356406949072e-05,0.00018223359155532522,0.00023392483440796004,0.00028070102479173887,0.00029494959906996331,0.10882678338284749,0.058968300908609439,0.14757175417747626,0.064963816064073865,0.098648047931370497,0.10860100076488982,0.13158781356718549,0.14757175417747626,3.3709105739835067e-15,1.7306786432136649e-15,9.5543078181812213e-15,1.7306786432136649e-15,2.4605463141707991e-15,3.0829646717725348e-15,3.8886751965527678e-15,6.3531327485501244e-15,9.3724890875954777e-16,3.5323929525441886e-16,1.522320102544291e-15,3.5323929525441886e-16,7.5952229705500686e-16,9.7496345849293167e-16,1.1699198585130202e-15,1.2293057887347417e-15
reference,n03,SSP2,2060,"AESA (PBs-LCIA), 0.9.1, climate change, energy imbalance at top-of-atmosphere",EI,W m-2,"electricity production, Small Modular Reactor (SMR)",210000,210000,0.0021853613070428571,0.001121999,0.0061940579999999997,0.001121999,0.001595172,0.001998686,0.0025210279999999998,0.0041187359999999996,4.1657414597288525e-05,0,8.4429908245353547e-05,0,1.6611340928250065e-05,4.246474934240771e-05,6.3918642654788374e-05,6.5836118960043338e-05,0.020049061647331091,0,0.032939700863488984,0,0.014603006063138099,0.024037991504751607,0.029182317411369556,0.032939700863488984,3.3709105739835067e-15,1.7306786432136649e-15,9.5543078181812213e-15,1.7306786432136649e-15,2.4605463141707991e-15,3.0829646717725348e-15,3.8886751965527678e-15,6.3531327485501244e-15,1.1351563202232553e-15,0,2.3006982388003015e-15,0,4.5265574592133956e-16,1.1571562229301118e-15,1.7417703809460113e-15,1.7940212389701445e-15
reference,n03,SSP2,2060,"AESA (PBs-LCIA), 0.9.1, climate change, energy imbalance at top-of-atmosphere",EI,W m-2,"electricity production, hydro, reservoir, alpine region",210000,210000,0.0021853613070428571,0.001121999,0.0061940579999999997,0.001121999,0.001595172,0.001998686,0.0025210279999999998,0.0041187359999999996,9.6064144602984237e-06,0,1.7559057205082514e-05,0,5.476384538261459e-06,1.0502869739692391e-05,1.5047239875728791e-05,1.5470815033187424e-05,0.0047277383983159067,0,0.0079740448980277975,0,0.0037562045814996219,0.005048669075179894,0.0075285662058616467,0.0078376128229272115,3.3709105739835067e-15,1.7306786432136649e-15,9.5543078181812213e-15,1.7306786432136649e-15,2.4605463141707991e-15,3.0829646717725348e-15,3.8886751965527678e-15,6.3531327485501244e-15,1.0959391552449028e-15,0,2.0032091876653056e-15,0,6.2476839010521194e-16,1.1982105490293342e-15,1.7166508395922505e-15,1.7649740169447068e-15
reference,n03,SSP2,2060,"AESA (PBs-LCIA), 0.9.1, climate change, energy imbalance at top-of-atmosphere",EI,W m-2,"electricity production, hydro, run-of-river",210000,187430,0.0021853613070428571,0.001121999,0.0061940579999999997,0.001121999,0.001595172,0.001998686,0.0025210279999999998,0.0041187359999999996,3.639783807863701e-05,0,6.5070916964687746e-05,0,1.9754610845454694e-05,4.342557002015245e-05,5.529392664817629e-05,5.6253655734613179e-05,0.017946303624314708,0,0.029213679642413028,0,0.013404433307945806,0.021448816456030601,0.025821026225064121,0.02814531934211436,3.3709105739835067e-15,1.7306786432136649e-15,9.5543078181812213e-15,1.7306786432136649e-15,2.4605463141707991e-15,3.0829646717725348e-15,3.8886751965527678e-15,6.3531327485501244e-15,8.8617929751339038e-16,0,1.4140108212777755e-15,0,6.7471122522334245e-16,1.0145615209981171e-15,1.2015539561460572e-15,1.4140108212777755e-15
reference,n03,SSP2,2060,"AESA (PBs-LCIA), 0.9.1, climate change, energy imbalance at top-of-atmosphere",EI,W m-2,"electricity production, nuclear, pressure water reactor",210000,210000,0.0021853613070428571,0.001121999,0.0061940579999999997,0.001121999,0.001595172,0.001998686,0.0025210279999999998,0.0041187359999999996,2.2869335875369534e-05,0,4.357797563818082e-05,0,9.4362402456944177e-06,2.3746633401362307e-05,3.5698815819477541e-05,3.5982802866943435e-05,0.011076919562390724,0,0.018003229555289543,0,0.0082873713005253528,0.013319694081406125,0.016267060780132434,0.018003229555289543,3.3709105739835067e-15,1.7306786432136649e-15,9.5543078181812213e-15,1.7306786432136649e-15,2.4605463141707991e-15,3.0829646717725348e-15,3.8886751965527678e-15,6.3531327485501244e-15,9.5874597889502299e-16,0,1.8269095157880157e-15,0,3.9559334665436297e-16,9.9552488713053104e-16,1.4965933484888085e-15,1.5084988794038639e-15
reference,n03,SSP2,2060,"AESA (PBs-LCIA), 0.9.1, climate change, energy imbalance at top-of-atmosphere",EI,W m-2,"electricity production, photovoltaic",210000,210000,0.0021853613070428571,0.001121999,0.0061940579999999997,0.001121999,0.001595172,0.001998686,0.0025210279999999998,0.0041187359999999996,0.00030396726430675279,0.00019452063669292215,0.00045367315719117016,0.00019452063669292215,0.00024592746721826202,0.00028040844197774862,0.0003334220215505098,0.00045367315719117016,0.15011507980744088,0.062484076988628845,0.17995562016414343,0.10266248192525677,0.14413872064256888,0.16066271437623172,0.16682061191728456,0.17995562016414343,3.3709105739835067e-15,1.7306786432136649e-15,9.5543078181812213e-15,1.7306786432136649e-15,2.4605463141707991e-15,3.0829646717725348e-15,3.8886751965527678e-15,6.3531327485501244e-15,4.0593701083631471e-15,2.5977508573461014e-15,6.0586370228914623e-15,2.5977508573461014e-15,3.2842702144898385e-15,3.7447506946140481e-15,4.4527273975981731e-15,6.0586370228914623e-15
reference,n03,SSP2,2060,"AESA (PBs-LCIA), 0.9.1, climate change, energy imbalance at top-of-atmosphere",EI,W m-2,"electricity production, wind, 1-3MW turbine, offshore",210000,210000,0.0021853613070428571,0.001121999,0.0061940579999999997,0.001121999,0.001595172,0.001998686,0.0025210279999999998,0.0041187359999999996,0.00027769572671165575,0.00018281013337725048,0.00036034906172508369,0.00018281013337725048,0.00024188757384396235,0.00027457945680736835,0.00032879554700020874,0.00033974325994860885,0.13924568445876589,0.058176572083290745,0.16450585384608124,0.079074262839919626,0.13476377888250701,0.14445337185725457,0.15791307746320801,0.16450585384608124,3.3709105739835067e-15,1.7306786432136649e-15,9.5543078181812213e-15,1.7306786432136649e-15,2.4605463141707991e-15,3.0829646717725348e-15,3.8886751965527678e-15,6.3531327485501244e-15,3.4963746987945523e-15,2.3017015947026014e-15,4.5370351669517422e-15,2.3017015947026014e-15,3.0455259051415772e-15,3.4571382945485183e-15,4.1397555138226583e-15,4.2775947584664782e-15
reference,n03,SSP2,2060,"AESA (PBs-LCIA), 0.9.1, climate change, energy imbalance at top-of-atmosphere",EI,W m-2,"electricity production, wind, 1-3MW turbine, onshore",210000,210000,0.0021853613070428571,0.001121999,0.0061940579999999997,0.001121999,0.001595172,0.001998686,0.0025210279999999998,0.0041187359999999996,0.00024037527239036306,0.00014876966135338315,0.00031491664716975305,0.00014876966135338315,0.00020385461252521293,0.00022516801426867208,0.00028086457759015238,0.00030199833688172704,0.11981124020444066,0.050841733669551213,0.14115594698795622,0.069475933461490336,0.11816416034077752,0.12470806219478468,0.13259339923955649,0.14052461346612344,3.3709105739835067e-15,1.7306786432136649e-15,9.5543078181812213e-15,1.7306786432136649e-15,2.4605463141707991e-15,3.0829646717725348e-15,3.8886751965527678e-15,6.3531327485501244e-15,3.1730969977323747e-15,1.963848192143702e-15,4.1570873934206835e-15,1.963848192143702e-15,2.6910017849545772e-15,2.9723524030600067e-15,3.7075799226480887e-15,3.9865583607959663e-15
reference,n03,SSP2,2060,"AESA (PBs-LCIA), 0.9.1, climate change, energy imbalance at top-of-atmosphere",EI,W m-2,"heat and power co-generation, wood chips, 6667 kW",210000,210000,0.0021853613070428571,0.001121999,0.0061940579999999997,0.001121999,0.001595172,0.001998686,0.0025210279999999998,0.0041187359999999996,0.00013006658658222466,8.2342639326489798e-05,0.00020988788650415483,8.4145725643919141e-05,0.00010998818997519995,0.00011839369574439485,0.00014013177169481996,0.00020988788650415483,0.064315794770157059,0.022623580808384419,0.084005225746973722,0.045894064668410742,0.055030249861759153,0.065754637549943609,0.074996257255059179,0.084005225746973722,3.3709105739835067e-15,1.7306786432136649e-15,9.5543078181812213e-15,1.7306786432136649e-15,2.4605463141707991e-15,3.0829646717725348e-15,3.8886751965527678e-15,6.3531327485501244e-15,1.5189809469737679e-14,9.6163761815551243e-15,2.4511733723133515e-14,9.8269471552360767e-15,1.2844956233188156e-14,1.3826593657552512e-14,1.6365269830296484e-14,2.4511733723133515e-14
reference,n03,SSP2,2060,"AESA (PBs-LCIA), 0.9.1, climate change, energy imbalance at top-of-atmosphere",EI,W m-2,transmission network construction,210000,210000,0.0021853613070428571,0.001121999,0.0061940579999999997,0.001121999,0.001595172,0.001998686,0.0025210279999999998,0.0041187359999999996,0.00012510414669237506,0,0.0001704222496295621,8.338005622490218e-05,0.00011117709741636861,0.00013224798505442333,0.00014790622133802829,0.0001704222496295621,0.062996836219950156,0,0.082667826830128827,0.027409366120790046,0.062083218345609717,0.067600300206726027,0.072450013830961557,0.078699363881900547,3.3709105739835067e-15,1.7306786432136649e-15,9.5543078181812213e-15,1.7306786432136649e-15,2.4605463141707991e-15,3.0829646717725348e-15,3.8886751965527678e-15,6.3531327485501244e-15,,,,,,,,
reference,n03,SSP2,2060,"AESA (PBs-LCIA), 0.9.1, freshwater use, global",FWU,km3 yr-1,EU electricity market imports,210000,210000,2.4639144700549145,2.3498322140000001,2.6101302820000001,2.3526077839999999,2.3906018649999998,2.4723331389999998,2.5577267809999999,2.5723573750000002,0.13327846806392626,0,0.29523395738233515,0,0.041970829000488478,0.14639626594177371,0.24595913083670407,0.25034442849205524,0.05296749968819519,0,0.11311081267411431,0,0.0178401301253573,0.059213810482266774,0.096163176092069105,0.097321014150320073,3.8005776183804708e-12,3.6246062226388861e-12,4.0261148886217826e-12,3.6288875278414249e-12,3.6874932354886359e-12,3.8135633794616407e-12,3.9452827099105186e-12,3.9678503397830343e-12,2.5223429553674058e-12,0,5.5874088553450469e-12,0,7.94313038060531e-13,2.7706019993147345e-12,4.6548650352813545e-12,4.7378583718506722e-12
reference,n03,SSP2,2060,"AESA (PBs-LCIA), 0.9.1, freshwater use, global",FWU,km3 yr-1,Other life cycle contributions,210000,210000,2.4639144700549145,2.3498322140000001,2.6101302820000001,2.3526077839999999,2.3906018649999998,2.4723331389999998,2.5577267809999999,2.5723573750000002,0.039109057918110861,-5.2369256948508255e-16,0.28817620493428719,-5.2369256948508255e-16,-5.2369256939402e-16,0,5.236925694985983e-16,0.28817620493428719,0.01589744062556505,-2.2094629889631193e-16,0.1179349578416229,-2.070853720512722e-16,-2.0358468635953818e-16,0,2.2172538629333548e-16,0.1179349578416229,3.8005776183804708e-12,3.6246062226388861e-12,4.0261148886217826e-12,3.6288875278414249e-12,3.6874932354886359e-12,3.8135633794616407e-12,3.9452827099105186e-12,3.9678503397830343e-12,,,,,,,,
reference,n03,SSP2,2060,"AESA (PBs-LCIA), 0.9.1, freshwater use, global",FWU,km3 yr-1,Transmission corona,210000,210000,2.4639144700549145,2.3498322140000001,2.6101302820000001,2.3526077839999999,2.3906018649999998,2.4723331389999998,2.5577267809999999,2.5723573750000002,-5.0385462461824036e-15,-5.0588702206050361e-13,1.0173070812651269e-12,-4.3728329544266151e-13,-3.2210366105076952e-13,-2.5464551189523962e-14,9.0124729532676937e-14,9.2254992254215731e-13,-1.9550641422739924e-15,-2.152864443029138e-13,4.041887606878247e-13,-1.6753312984346331e-13,-1.3126459273541745e-13,-1.0743513783833167e-14,3.5035850931357051e-14,3.9213928000085087e-13,3.8005776183804708e-12,3.6246062226388861e-12,4.0261148886217826e-12,3.6288875278414249e-12,3.6874932354886359e-12,3.8135633794616407e-12,3.9452827099105186e-12,3.9678503397830343e-12,,,,,,,,
reference,n03,SSP2,2060,"AESA (PBs-LCIA), 0.9.1, freshwater use, global",FWU,km3 yr-1,"electricity production, Evolutionary Power Reactor (EPR)",210000,210000,2.4639144700549145,2.3498322140000001,2.6101302820000001,2.3526077839999999,2.3906018649999998,2.4723331389999998,2.5577267809999999,2.5723573750000002,1.7353174563108567,1.7332823763911744,1.7413785020252326,1.7335257743321399,1.7339749148177674,1.7344053083832001,1.7351184603626937,1.7410554933568456,0.70508398725463262,0.66473191744676219,0.74057742781140412,0.67452465090030256,0.67810421397124199,0.70139548635437954,0.72578707660323871,0.73732225357884962,3.8005776183804708e-12,3.6246062226388861e-12,4.0261148886217826e-12,3.6288875278414249e-12,3.6874932354886359e-12,3.8135633794616407e-12,3.9452827099105186e-12,3.9678503397830343e-12,7.2325434735994574e-12,7.2240615640342693e-12,7.2578050053137514e-12,7.225076012278143e-12,7.2269479607775596e-12,7.2287417772482692e-12,7.2317140892354225e-12,7.2564587528526717e-12
reference,n03,SSP2,2060,"AESA (PBs-LCIA), 0.9.1, freshwater use, global",FWU,km3 yr-1,"electricity production, Small Modular Reactor (SMR)",210000,210000,2.4639144700549145,2.3498322140000001,2.6101302820000001,2.3526077839999999,2.3906018649999998,2.4723331389999998,2.5577267809999999,2.5723573750000002,0.15786080792099941,0.15712545462606567,0.16026075845699728,0.15715739561814449,0.15728435138922164,0.15748299957358763,0.15782541915670181,0.16023370879394722,0.064146997392837177,0.060402566266324273,0.068123645184045609,0.061257742329439535,0.061571470707288037,0.063613551762004741,0.066019114879550145,0.06784110191513204,3.8005776183804708e-12,3.6246062226388861e-12,4.0261148886217826e-12,3.6288875278414249e-12,3.6874932354886359e-12,3.8135633794616407e-12,3.9452827099105186e-12,3.9678503397830343e-12,4.3016758451744605e-12,4.2816376124936929e-12,4.3670740235093505e-12,4.2825079994356946e-12,4.2859675180429425e-12,4.2913806421370208e-12,4.3007115076624691e-12,4.3663369251301989e-12
reference,n03,SSP2,2060,"AESA (PBs-LCIA), 0.9.1, freshwater use, global",FWU,km3 yr-1,"electricity production, hydro, reservoir, alpine region",210000,210000,2.4639144700549145,2.3498322140000001,2.6101302820000001,2.3526077839999999,2.3906018649999998,2.4723331389999998,2.5577267809999999,2.5723573750000002,0.26473339933732115,0.2646587321154284,0.26494788407521608,0.2646587321154284,0.26470002123999692,0.26472192641439407,0.26473350679175728,0.26494788407521608,0.10756236405553167,0.10142590559537959,0.11264980013881293,0.10290235840235912,0.10349929583259661,0.10714245996761697,0.11072526342231268,0.11250759198543844,3.8005776183804708e-12,3.6246062226388861e-12,4.0261148886217826e-12,3.6288875278414249e-12,3.6874932354886359e-12,3.8135633794616407e-12,3.9452827099105186e-12,3.9678503397830343e-12,3.0201872019759391e-11,3.019335368120788e-11,3.0226341319257049e-11,3.019335368120788e-11,3.0198064104790817e-11,3.0200563140848785e-11,3.020188427580219e-11,3.0226341319257049e-11
reference,n03,SSP2,2060,"AESA (PBs-LCIA), 0.9.1, freshwater use, global",FWU,km3 yr-1,"electricity production, hydro, run-of-river",210000,187430,2.4639144700549145,2.3498322140000001,2.6101302820000001,2.3526077839999999,2.3906018649999998,2.4723331389999998,2.5577267809999999,2.5723573750000002,0.0017182432949554613,0,0.0022835614057852226,0,0.0020238513207846364,0.0020308234845646295,0.0021097813172685576,0.0022746687408989157,0.00069892756715765234,0,0.00096343631806776063,0,0.00078748310576870516,0.00080980003303901115,0.00088253144455258657,0.00095040884783913779,3.8005776183804708e-12,3.6246062226388861e-12,4.0261148886217826e-12,3.6288875278414249e-12,3.6874932354886359e-12,3.8135633794616407e-12,3.9452827099105186e-12,3.9678503397830343e-12,4.1834123160318819e-14,0,4.9622485978970762e-14,0,4.3978906600922311e-14,4.4501085290079781e-14,4.6088163545047531e-14,4.9429245652277074e-14
reference,n03,SSP2,2060,"AESA (PBs-LCIA), 0.9.1, freshwater use, global",FWU,km3 yr-1,"electricity production, nuclear, pressure water reactor",210000,210000,2.4639144700549145,2.3498322140000001,2.6101302820000001,2.3526077839999999,2.3906018649999998,2.4723331389999998,2.5577267809999999,2.5723573750000002,0.062149751642060533,0,0.07633429700673991,0,0.075467907052218661,0.075564049008236225,0.075655381844195513,0.076282072567017745,0.025261151315022771,0,0.03244594380912505,0,0.029407806458086917,0.029984338441059712,0.031647001933630431,0.032296948615047193,3.8005776183804708e-12,3.6246062226388861e-12,4.0261148886217826e-12,3.6288875278414249e-12,3.6874932354886359e-12,3.8135633794616407e-12,3.9452827099105186e-12,3.9678503397830343e-12,2.6054899393081853e-12,0,3.2001454169730228e-12,0,3.1638239472430329e-12,3.1678544846525509e-12,3.1716834100458791e-12,3.1979560233391247e-12
reference,n03,SSP2,2060,"AESA (PBs-LCIA), 0.9.1, freshwater use, global",FWU,km3 yr-1,"electricity production, photovoltaic",210000,210000,2.4639144700549145,2.3498322140000001,2.6101302820000001,2.3526077839999999,2.3906018649999998,2.4723331389999998,2.5577267809999999,2.5723573750000002,0.029597277721247154,0,0.037905778691083303,0,0.034749251136994556,0.035646429077937962,0.036670830012296318,0.037360356219824836,0.012026330005347618,0,0.015526005950320066,0,0.01350871829657594,0.014606859691721248,0.015024429236727475,0.01549979849715717,3.8005776183804708e-12,3.6246062226388861e-12,4.0261148886217826e-12,3.6288875278414249e-12,3.6874932354886359e-12,3.8135633794616407e-12,3.9452827099105186e-12,3.9678503397830343e-12,3.95260663955513e-13,0,5.0621761219305366e-13,0,4.640633577104153e-13,4.7604483614816082e-13,4.8972533062787688e-13,4.989336973410782e-13
reference,n03,SSP2,2060,"AESA (PBs-LCIA), 0.9.1, freshwater use, global",FWU,km3 yr-1,"electricity production, wind, 1-3MW turbine, offshore",210000,210000,2.4639144700549145,2.3498322140000001,2.6101302820000001,2.3526077839999999,2.3906018649999998,2.4723331389999998,2.5577267809999999,2.5723573750000002,0.015599631882348376,0,0.019950371119167021,0,0.018521599627684571,0.018685759889147349,0.019246384581225733,0.019747427608758573,0.0063432741012666195,0,0.0084170769598929992,0,0.0072414300719184487,0.0074356233182268959,0.008050853160873667,0.0083608328051013002,3.8005776183804708e-12,3.6246062226388861e-12,4.0261148886217826e-12,3.6288875278414249e-12,3.6874932354886359e-12,3.8135633794616407e-12,3.9452827099105186e-12,3.9678503397830343e-12,1.9640978350057368e-13,0,2.5118849611250472e-13,0,2.3319930882377652e-13,2.3526619618970019e-13,2.4232483540281925e-13,2.4863330175909349e-13
reference,n03,SSP2,2060,"AESA (PBs-LCIA), 0.9.1, freshwater use, global",FWU,km3 yr-1,"electricity production, wind, 1-3MW turbine, onshore",210000,210000,2.4639144700549145,2.3498322140000001,2.6101302820000001,2.3526077839999999,2.3906018649999998,2.4723331389999998,2.5577267809999999,2.5723573750000002,0.011339514328554842,0,0.014731431464107332,0,0.013402806360408916,0.01346847220840627,0.01383783363015449,0.014627733755262206,0.0046109213551210719,0,0.0062152022948412074,0,0.0052103204984917445,0.005411076692173525,0.0058606395224668475,0.0061266840850481294,3.8005776183804708e-12,3.6246062226388861e-12,4.0261148886217826e-12,3.6288875278414249e-12,3.6874932354886359e-12,3.8135633794616407e-12,3.9452827099105186e-12,3.9678503397830343e-12,1.4968835189310181e-13,0,1.9446368099109438e-13,0,1.769250372638057e-13,1.7779186557671705e-13,1.8266765662653455e-13,1.9309480936487614e-13
reference,n03,SSP2,2060,"AESA (PBs-LCIA), 0.9.1, freshwater use, global",FWU,km3 yr-1,"heat and power co-generation, wood chips, 6667 kW",210000,210000,2.4639144700549145,2.3498322140000001,2.6101302820000001,2.3526077839999999,2.3906018649999998,2.4723331389999998,2.5577267809999999,2.5723573750000002,0.008974684889034381,0,0.019181140560621146,0,0.0031358063950142853,0.0079689245396061207,0.015045895780542719,0.019181140560621146,0.0036769438675321379,0,0.0080143211064905642,0,0.0012260130434214214,0.0033912738501618487,0.0060293843354733935,0.0080143211064905642,3.8005776183804708e-12,3.6246062226388861e-12,4.0261148886217826e-12,3.6288875278414249e-12,3.6874932354886359e-12,3.8135633794616407e-12,3.9452827099105186e-12,3.9678503397830343e-12,1.048107390584201e-12,0,2.2400669693355754e-12,0,3.6621473607751755e-13,9.3064980098631813e-13,1.7571329533299441e-12,2.2400669693355754e-12
reference,n03,SSP2,2060,"AESA (PBs-LCIA), 0.9.1, freshwater use, global",FWU,km3 yr-1,transmission network construction,210000,210000,2.4639144700549145,2.3498322140000001,2.6101302820000001,2.3526077839999999,2.3906018649999998,2.4723331389999998,2.5577267809999999,2.5723573750000002,0.0042361767455044519,0,0.0063275235958898252,0,0.0045954158985161576,0.0047552518307340808,0.0053372695202570522,0.0062202417175025526,0.0017241627717924212,0,0.0026695870845718514,0,0.0017864609105941811,0.0019839848122240968,0.0020448287800283265,0.0026335785114760266,3.8005776183804708e-12,3.6246062226388861e-12,4.0261148886217826e-12,3.6288875278414249e-12,3.6874932354886359e-12,3.8135633794616407e-12,3.9452827099105186e-12,3.9678503397830343e-12,,,,,,,,
reference,n03,SSP2,2060,"AESA (PBs-LCIA), 0.9.1, land-system change, global",LSC,%,EU electricity market imports,210000,210000,5.4496250685714283e-07,1.3399999999999999e-09,1.28e-06,1.04e-07,2.4499999999999998e-07,4.5999999999999999e-07,8.4600000000000003e-07,1.1000000000000001e-06,5.0027293183764088e-08,-2.5187697701037435e-08,3.784944115028723e-07,-1.8730760343850176e-08,3.5640120951176188e-09,2.3309364114403705e-08,3.4821873091689756e-08,2.7026739115792295e-07,-0.41533707783842905,-13.978179361082221,0.41185463710867498,-0.14816292765316139,0.022486076971384952,0.060721676588693985,0.13092892562987471,0.35236947999729196,8.4031456299403684e-19,2.0666355666120329e-21,1.9784266978982092e-18,1.6028711662927541e-19,3.7766805264056889e-19,7.1006194541890564e-19,1.3054922950119189e-18,1.691848482180067e-18,9.4666094116105805e-19,-4.7582436315113476e-19,7.1592553371462122e-18,-3.5443342663748872e-19,6.7394524241171126e-20,4.4085396987407352e-19,6.6005533278013265e-19,5.113121313169296e-18
reference,n03,SSP2,2060,"AESA (PBs-LCIA), 0.9.1, land-system change, global",LSC,%,Other life cycle contributions,210000,210000,5.4496250685714283e-07,1.3399999999999999e-09,1.28e-06,1.04e-07,2.4499999999999998e-07,4.5999999999999999e-07,8.4600000000000003e-07,1.1000000000000001e-06,-2.7642472643801614e-10,-9.4157531175258417e-09,4.9762565143655018e-09,-4.0945671813900895e-09,-6.2469254822559828e-23,0,3.1240301533331347e-23,4.9762565143655018e-09,-0.0006736976240451309,-0.012276079683866806,0.0056741807461408167,-0.0089012330030219383,-2.5497655029616258e-16,0,1.3593671139009385e-16,0.0056741807461408167,8.4031456299403684e-19,2.0666355666120329e-21,1.9784266978982092e-18,1.6028711662927541e-19,3.7766805264056889e-19,7.1006194541890564e-19,1.3054922950119189e-18,1.691848482180067e-18,,,,,,,,
reference,n03,SSP2,2060,"AESA (PBs-LCIA), 0.9.1, land-system change, global",LSC,%,Transmission corona,210000,210000,5.4496250685714283e-07,1.3399999999999999e-09,1.28e-06,1.04e-07,2.4499999999999998e-07,4.5999999999999999e-07,8.4600000000000003e-07,1.1000000000000001e-06,-1.0959187794688318e-21,-2.020398325509407e-20,2.1097344748722713e-20,-2.020398325509407e-20,-1.7481766629498703e-21,6.2469254822559828e-23,3.2870099024779347e-22,7.8939989728739026e-21,-3.0835713609365152e-13,-8.5503257203306094e-12,6.6343851411077707e-14,-5.8875952889739851e-14,-2.306301666160779e-15,2.4336635095367147e-16,7.8226358530266193e-16,1.2568628226641014e-14,8.4031456299403684e-19,2.0666355666120329e-21,1.9784266978982092e-18,1.6028711662927541e-19,3.7766805264056889e-19,7.1006194541890564e-19,1.3054922950119189e-18,1.691848482180067e-18,,,,,,,,
reference,n03,SSP2,2060,"AESA (PBs-LCIA), 0.9.1, land-system change, global",LSC,%,"electricity production, Evolutionary Power Reactor (EPR)",210000,210000,5.4496250685714283e-07,1.3399999999999999e-09,1.28e-06,1.04e-07,2.4499999999999998e-07,4.5999999999999999e-07,8.4600000000000003e-07,1.1000000000000001e-06,-1.906591335685911e-09,-3.0599557367131956e-08,1.3949590625372757e-08,-1.5201788956082554e-08,-1.0323943917555089e-08,0,4.9574601319361783e-09,1.3949590625372757e-08,-0.82376652620593249,-22.835490572486535,0.056937104593358198,-0.14617104765463995,-0.020156577429937657,0,0.0065401848706282033,0.056937104593358198,8.4031456299403684e-19,2.0666355666120329e-21,1.9784266978982092e-18,1.6028711662927541e-19,3.7766805264056889e-19,7.1006194541890564e-19,1.3054922950119189e-18,1.691848482180067e-18,-7.9421378116742207e-21,-1.2751532557498782e-19,5.8102359088710954e-20,-6.3306472532435389e-20,-4.3046488065785626e-20,0,2.0660012124912907e-20,5.8102359088710954e-20
reference,n03,SSP2,2060,"AESA (PBs-LCIA), 0.9.1, land-system change, global",LSC,%,"electricity production, Small Modular Reactor (SMR)",210000,210000,5.4496250685714283e-07,1.3399999999999999e-09,1.28e-06,1.04e-07,2.4499999999999998e-07,4.5999999999999999e-07,8.4600000000000003e-07,1.1000000000000001e-06,1.4227042901328052e-09,-5.9134417530818507e-09,6.5024033118843475e-09,-2.2180650675033056e-09,0,4.261330565846301e-11,4.9795839327523573e-09,5.7592982525815327e-09,-0.15427165571723581,-4.4130162336431722,0.023507339806455238,-0.021327548725993323,0,0.00013400410584422329,0.00756763282172689,0.023507339806455238,8.4031456299403684e-19,2.0666355666120329e-21,1.9784266978982092e-18,1.6028711662927541e-19,3.7766805264056889e-19,7.1006194541890564e-19,1.3054922950119189e-18,1.691848482180067e-18,3.8751060245572446e-20,-1.6111604986159534e-19,1.7709304257813949e-19,-6.0391934404459464e-20,0,1.1596877614100188e-21,1.3563763642507576e-19,1.5683865722701681e-19
reference,n03,SSP2,2060,"AESA (PBs-LCIA), 0.9.1, land-system change, global",LSC,%,"electricity production, hydro, reservoir, alpine region",210000,210000,5.4496250685714283e-07,1.3399999999999999e-09,1.28e-06,1.04e-07,2.4499999999999998e-07,4.5999999999999999e-07,8.4600000000000003e-07,1.1000000000000001e-06,-9.2773569231394435e-09,-1.2105694636787162e-08,0,-1.1694172363014875e-08,-1.1556803445578015e-08,-1.1191130102011338e-08,-1.0711585361174775e-08,0,-0.35011083746131377,-9.0341004752143004,0,-0.11244396502898917,-0.045275925662987007,-0.019763072622093682,-0.010524976544223484,0,8.4031456299403684e-19,2.0666355666120329e-21,1.9784266978982092e-18,1.6028711662927541e-19,3.7766805264056889e-19,7.1006194541890564e-19,1.3054922950119189e-18,1.691848482180067e-18,-1.0579293925407855e-18,-1.3808610000060985e-18,0,-1.3330177003594351e-18,-1.3169938622721633e-18,-1.2756409518440394e-18,-1.221525890504675e-18,0
reference,n03,SSP2,2060,"AESA (PBs-LCIA), 0.9.1, land-system change, global",LSC,%,"electricity production, hydro, run-of-river",210000,187430,5.4496250685714283e-07,1.3399999999999999e-09,1.28e-06,1.04e-07,2.4499999999999998e-07,4.5999999999999999e-07,8.4600000000000003e-07,1.1000000000000001e-06,-2.3025760704842675e-08,-3.0002817174548019e-08,0,-2.7671080778047566e-08,-2.6576531585221462e-08,-2.5504982404726606e-08,-2.4311114683974908e-08,0,-0.86669040092884586,-22.390162070558226,0,-0.26530594165264537,-0.099627548785464204,-0.06015452343053819,-0.025183440325650591,0,8.4031456299403684e-19,2.0666355666120329e-21,1.9784266978982092e-18,1.6028711662927541e-19,3.7766805264056889e-19,7.1006194541890564e-19,1.3054922950119189e-18,1.691848482180067e-18,-5.6041585235027728e-19,-6.5187298205526153e-19,-5.0264414767278152e-19,-6.0173652452139827e-19,-5.893247172516535e-19,-5.6544627055508075e-19,-5.3006794156713074e-19,-5.0264414767278152e-19
reference,n03,SSP2,2060,"AESA (PBs-LCIA), 0.9.1, land-system change, global",LSC,%,"electricity production, nuclear, pressure water reactor",210000,210000,5.4496250685714283e-07,1.3399999999999999e-09,1.28e-06,1.04e-07,2.4499999999999998e-07,4.5999999999999999e-07,8.4600000000000003e-07,1.1000000000000001e-06,9.9785836025271737e-10,-2.855613570054597e-09,3.3951963623324251e-09,-8.5033997755274604e-10,0,5.3229529521153535e-10,2.370583096263229e-09,3.3951963623324251e-09,-0.073588400985064736,-2.1310549030258188,0.013857944336050716,-0.0081763459380071735,0,0.00048390481382866853,0.004373769550301161,0.013857944336050716,8.4031456299403684e-19,2.0666355666120329e-21,1.9784266978982092e-18,1.6028711662927541e-19,3.7766805264056889e-19,7.1006194541890564e-19,1.3054922950119189e-18,1.691848482180067e-18,4.1815942261326739e-20,-1.196973574669818e-19,1.4224437000798075e-19,-3.5619178524764499e-20,0,2.2250892380412801e-20,9.9341104214920414e-20,1.4224437000798075e-19
reference,n03,SSP2,2060,"AESA (PBs-LCIA), 0.9.1, land-system change, global",LSC,%,"electricity production, photovoltaic",210000,210000,5.4496250685714283e-07,1.3399999999999999e-09,1.28e-06,1.04e-07,2.4499999999999998e-07,4.5999999999999999e-07,8.4600000000000003e-07,1.1000000000000001e-06,7.4520624591900279e-08,4.1800625292576179e-08,1.1600333848098827e-07,4.1800625292576179e-08,5.1731560270852637e-08,6.4666752664179041e-08,1.0215397874096378e-07,1.1600333848098827e-07,1.495910202018041,0.038000568447796527,36.032189827167052,0.038000568447796527,0.094357123924806482,0.18685454620669004,0.41695501526923995,0.62179569869402918,8.4031456299403684e-19,2.0666355666120329e-21,1.9784266978982092e-18,1.6028711662927541e-19,3.7766805264056889e-19,7.1006194541890564e-19,1.3054922950119189e-18,1.691848482180067e-18,9.9479364630373699e-19,5.5662077177016144e-19,1.548757189074212e-18,5.5662077177016144e-19,6.9080754502735782e-19,8.6288750411618866e-19,1.3633498062940021e-18,1.548757189074212e-18
reference,n03,SSP2,2060,"AESA (PBs-LCIA), 0.9.1, land-system change, global",LSC,%,"electricity production, wind, 1-3MW turbine, offshore",210000,210000,5.4496250685714283e-07,1.3399999999999999e-09,1.28e-06,1.04e-07,2.4499999999999998e-07,4.5999999999999999e-07,8.4600000000000003e-07,1.1000000000000001e-06,1.7718953203705458e-08,0,4.0223545534403556e-08,0,7.3783417124306904e-09,1.3454508036706412e-08,3.5788527812553209e-08,3.6719847230480677e-08,0.20712941745974045,0,4.2222013862050023,0,0.0067075833749369908,0.043768819950384716,0.1440546082610564,0.20291144469617378,8.4031456299403684e-19,2.0666355666120329e-21,1.9784266978982092e-18,1.6028711662927541e-19,3.7766805264056889e-19,7.1006194541890564e-19,1.3054922950119189e-18,1.691848482180067e-18,2.2296883344445458e-19,0,5.0616644660679515e-19,0,9.2630142937504938e-20,1.6938533752143771e-19,4.5031123945124077e-19,4.6213986085646084e-19
reference,n03,SSP2,2060,"AESA (PBs-LCIA), 0.9.1, land-system change, global",LSC,%,"electricity production, wind, 1-3MW turbine, onshore",210000,210000,5.4496250685714283e-07,1.3399999999999999e-09,1.28e-06,1.04e-07,2.4499999999999998e-07,4.5999999999999999e-07,8.4600000000000003e-07,1.1000000000000001e-06,-3.9516577707159985e-08,-5.8900414817024778e-08,0,-5.4819326006305254e-08,-5.2274715042335919e-08,-4.7432805998479116e-08,-2.7973161665710682e-08,0,-1.677483336021153,-43.95553344554088,0,-0.48022409296574525,-0.12108025601854118,-0.11417617006412524,-0.049565960561976749,0,8.4031456299403684e-19,2.0666355666120329e-21,1.9784266978982092e-18,1.6028711662927541e-19,3.7766805264056889e-19,7.1006194541890564e-19,1.3054922950119189e-18,1.691848482180067e-18,-5.214981354382992e-19,-7.7740446120166732e-19,0,-7.2417190547727989e-19,-6.898479858429993e-19,-6.2608254257322083e-19,-3.6902457951429743e-19,0
reference,n03,SSP2,2060,"AESA (PBs-LCIA), 0.9.1, land-system change, global",LSC,%,"heat and power co-generation, wood chips, 6667 kW",210000,210000,5.4496250685714283e-07,1.3399999999999999e-09,1.28e-06,1.04e-07,2.4499999999999998e-07,4.5999999999999999e-07,8.4600000000000003e-07,1.1000000000000001e-06,3.9108367326271591e-07,2.9904634784987008e-08,1.155543819434871e-06,3.2185048995604983e-08,4.7031192976954104e-08,3.3057936010366317e-07,5.6538803124998093e-07,1.077119545386464e-06,1.388866056100829,0.13404931856837268,22.316891630587321,0.13404931856837268,0.45222300939378945,0.64468418614593037,0.89708394468118668,0.9791995867149671,8.4031456299403684e-19,2.0666355666120329e-21,1.9784266978982092e-18,1.6028711662927541e-19,3.7766805264056889e-19,7.1006194541890564e-19,1.3054922950119189e-18,1.691848482180067e-18,4.5657240715835327e-17,3.491887150028593e-18,1.3522562873699159e-16,3.7519306981134467e-18,5.4879970381890895e-18,3.8591006511628886e-17,6.6010679622117322e-17,1.2542822708751346e-16
reference,n03,SSP2,2060,"AESA (PBs-LCIA), 0.9.1, land-system change, global",LSC,%,transmission network construction,210000,210000,5.4496250685714283e-07,1.3399999999999999e-09,1.28e-06,1.04e-07,2.4499999999999998e-07,4.5999999999999999e-07,8.4600000000000003e-07,1.1000000000000001e-06,8.3194111361938756e-08,6.5624447682899561e-08,9.5052403298524178e-08,6.5624447682899561e-08,8.0945105740570949e-08,8.2207679269567565e-08,9.1276473948122529e-08,9.2603197528676036e-08,2.2700162572037179,0.066610831020232672,57.166254217600333,0.073586459764155399,0.095882821379258382,0.17085460798648716,0.37255703652294914,0.78130627854876489,8.4031456299403684e-19,2.0666355666120329e-21,1.9784266978982092e-18,1.6028711662927541e-19,3.7766805264056889e-19,7.1006194541890564e-19,1.3054922950119189e-18,1.691848482180067e-18,,,,,,,,
reference,n03,SSP2,2060,"AESA (PBs-LCIA), 0.9.1, ocean acidification, carbonate ion concentration",OA,aragonite saturation,EU electricity market imports,210000,210000,0.00044879688409047623,0.00020310799999999999,0.0013783249999999999,0.00020310799999999999,0.00031248499999999999,0.00040975400000000002,0.00051374999999999999,0.00089897999999999996,0.00013073929563519576,2.7881002736490782e-05,0.0009415041264106438,2.7881002736490782e-05,4.0174749583034313e-05,6.4308083317756782e-05,0.0001073600610796254,0.00049109487360388625,0.21765818862147351,0.098046021717992524,0.68307846582674181,0.098046021717992524,0.13727180975880213,0.17687124444404489,0.23585457930127987,0.5462800881041695,6.9226708241602639e-16,3.132924991742066e-16,2.1260608566874109e-15,3.132924991742066e-16,4.8200617182043875e-16,6.3204377182417904e-16,7.9245703284589954e-16,1.386672239763758e-15,2.4742877506067885e-15,5.2765677880035681e-16,1.7818307576815822e-14,5.2765677880035681e-16,7.6032154666929319e-16,1.2170522657384656e-15,2.0318266395170569e-15,9.2941431551152496e-15
reference,n03,SSP2,2060,"AESA (PBs-LCIA), 0.9.1, ocean acidification, carbonate ion concentration",OA,aragonite saturation,Other life cycle contributions,210000,210000,0.00044879688409047623,0.00020310799999999999,0.0013783249999999999,0.00020310799999999999,0.00031248499999999999,0.00040975400000000002,0.00051374999999999999,0.00089897999999999996,6.3058234904637354e-06,-1.2785462732656978e-19,5.0236297188492902e-05,-6.3927367155548489e-20,0,0,6.3927397194153284e-20,3.9768756157877588e-05,0.013957661770254546,-3.5412085741111926e-16,0.095150088714475486,-2.2596184564505629e-16,0,0,2.0457749074084609e-16,0.074329202313492007,6.9226708241602639e-16,3.132924991742066e-16,2.1260608566874109e-15,3.132924991742066e-16,4.8200617182043875e-16,6.3204377182417904e-16,7.9245703284589954e-16,1.386672239763758e-15,,,,,,,,
reference,n03,SSP2,2060,"AESA (PBs-LCIA), 0.9.1, ocean acidification, carbonate ion concentration",OA,aragonite saturation,Transmission corona,210000,210000,0.00044879688409047623,0.00020310799999999999,0.0013783249999999999,0.00020310799999999999,0.00031248499999999999,0.00040975400000000002,0.00051374999999999999,0.00089897999999999996,-2.7188232847158911e-20,-2.2774115987936508e-19,1.2186147042529141e-19,-1.7180462910894246e-19,-6.3927319152479632e-20,-2.7968215802170311e-20,1.1986399577667752e-20,1.2186147042529141e-19,-4.4481807286877546e-17,-2.896558018615034e-16,2.3719994243365724e-16,-2.5333284375555082e-16,-1.5601389895517708e-16,-8.9502652199120146e-17,5.9014906245287e-17,2.3719994243365724e-16,6.9226708241602639e-16,3.132924991742066e-16,2.1260608566874109e-15,3.132924991742066e-16,4.8200617182043875e-16,6.3204377182417904e-16,7.9245703284589954e-16,1.386672239763758e-15,,,,,,,,
reference,n03,SSP2,2060,"AESA (PBs-LCIA), 0.9.1, ocean acidification, carbonate ion concentration",OA,aragonite saturation,"electricity production, Evolutionary Power Reactor (EPR)",210000,210000,0.00044879688409047623,0.00020310799999999999,0.0013783249999999999,0.00020310799999999999,0.00031248499999999999,0.00040975400000000002,0.00051374999999999999,0.00089897999999999996,4.7690683985472128e-05,1.5018222096010879e-05,8.0310783934006247e-05,1.5018222096010879e-05,3.778036644525748e-05,4.9736527381480581e-05,6.0713860273780604e-05,6.4046453439378401e-05,0.11360832048812439,0.058266942799416868,0.15630464483416487,0.064247953931636181,0.10122961751684302,0.11325879192436815,0.14083309558635326,0.15630464483416487,6.9226708241602639e-16,3.132924991742066e-16,2.1260608566874109e-15,3.132924991742066e-16,4.8200617182043875e-16,6.3204377182417904e-16,7.9245703284589954e-16,1.386672239763758e-15,1.987675737827724e-16,6.2593556569586977e-17,3.3472339074720725e-16,6.2593556569586977e-17,1.574627688909437e-16,2.0729445510196535e-16,2.5304614209145085e-16,2.6693601880465266e-16
reference,n03,SSP2,2060,"AESA (PBs-LCIA), 0.9.1, ocean acidification, carbonate ion concentration",OA,aragonite saturation,"electricity production, Small Modular Reactor (SMR)",210000,210000,0.00044879688409047623,0.00020310799999999999,0.0013783249999999999,0.00020310799999999999,0.00031248499999999999,0.00040975400000000002,0.00051374999999999999,0.00089897999999999996,9.3322099889408948e-06,0,1.9196125392805104e-05,0,3.4161535675612277e-06,9.4123657875820314e-06,1.4445092303617721e-05,1.4896527190669909e-05,0.022244587222643192,0,0.036354806031594342,0,0.016015703561271463,0.026803638648873338,0.031733785673902497,0.036354806031594342,6.9226708241602639e-16,3.132924991742066e-16,2.1260608566874109e-15,3.132924991742066e-16,4.8200617182043875e-16,6.3204377182417904e-16,7.9245703284589954e-16,1.386672239763758e-15,2.5430081382173971e-16,0,5.2309072272808065e-16,0,9.3089293486519784e-17,2.5648482550979603e-16,3.9362569224741678e-16,4.0592740202262777e-16
reference,n03,SSP2,2060,"AESA (PBs-LCIA), 0.9.1, ocean acidification, carbonate ion concentration",OA,aragonite saturation,"electricity production, hydro, reservoir, alpine region",210000,210000,0.00044879688409047623,0.00020310799999999999,0.0013783249999999999,0.00020310799999999999,0.00031248499999999999,0.00040975400000000002,0.00051374999999999999,0.00089897999999999996,2.1731007242144904e-06,0,4.0116086828432236e-06,0,1.1909833138097887e-06,2.368597866667773e-06,3.4288347556345917e-06,3.5343920375205854e-06,0.0053309874932995988,0,0.0090316934238416219,0,0.0039315580296787308,0.0057568836559769368,0.008368032418559896,0.0090004212575147541,6.9226708241602639e-16,3.132924991742066e-16,2.1260608566874109e-15,3.132924991742066e-16,4.8200617182043875e-16,6.3204377182417904e-16,7.9245703284589954e-16,1.386672239763758e-15,2.4791618832479208e-16,0,4.5766085659188144e-16,0,1.3587194507060926e-16,2.7021914171806893e-16,3.9117551085244881e-16,4.0321776665413663e-16
reference,n03,SSP2,2060,"AESA (PBs-LCIA), 0.9.1, ocean acidification, carbonate ion concentration",OA,aragonite saturation,"electricity production, hydro, run-of-river",210000,187430,0.00044879688409047623,0.00020310799999999999,0.0013783249999999999,0.00020310799999999999,0.00031248499999999999,0.00040975400000000002,0.00051374999999999999,0.00089897999999999996,8.3395280016953401e-06,0,1.5000583340754956e-05,0,4.3963519617960429e-06,9.9618344581512931e-06,1.2740836007298151e-05,1.2951891194651176e-05,0.020510664724898483,0,0.033430494638316675,0,0.014161458895792997,0.023841859173373781,0.029841032778654564,0.031608943889873377,6.9226708241602639e-16,3.132924991742066e-16,2.1260608566874109e-15,3.132924991742066e-16,4.8200617182043875e-16,6.3204377182417904e-16,7.9245703284589954e-16,1.386672239763758e-15,2.0304269920586221e-16,0,3.2596731205025747e-16,0,1.5279815282695745e-16,2.3283767862063507e-16,2.7686219629068528e-16,3.2596731205025747e-16
reference,n03,SSP2,2060,"AESA (PBs-LCIA), 0.9.1, ocean acidification, carbonate ion concentration",OA,aragonite saturation,"electricity production, nuclear, pressure water reactor",210000,210000,0.00044879688409047623,0.00020310799999999999,0.0013783249999999999,0.00020310799999999999,0.00031248499999999999,0.00040975400000000002,0.00051374999999999999,0.00089897999999999996,5.1177439253837958e-06,0,9.8905178175031115e-06,0,1.9391386866040397e-06,5.2704122998962636e-06,8.0609858376140648e-06,8.1327185592644422e-06,0.012283970454285283,0,0.019847807609600986,0,0.008576244235771302,0.014934977359223509,0.017708823973879528,0.019847807609600986,6.9226708241602639e-16,3.132924991742066e-16,2.1260608566874109e-15,3.132924991742066e-16,4.8200617182043875e-16,6.3204377182417904e-16,7.9245703284589954e-16,1.386672239763758e-15,2.1454996116734829e-16,0,4.1463801102458786e-16,0,8.1293882032051263e-17,2.2095005488287877e-16,3.3793869110952223e-16,3.4094609634161107e-16
reference,n03,SSP2,2060,"AESA (PBs-LCIA), 0.9.1, ocean acidification, carbonate ion concentration",OA,aragonite saturation,"electricity production, photovoltaic",210000,210000,0.00044879688409047623,0.00020310799999999999,0.0013783249999999999,0.00020310799999999999,0.00031248499999999999,0.00040975400000000002,0.00051374999999999999,0.00089897999999999996,6.6331409740508584e-05,4.093674746725615e-05,0.00010107869470321071,4.093674746725615e-05,5.2975286563401487e-05,6.0888235823601787e-05,7.3255565140237453e-05,0.00010107869470321071,0.1631988001998444,0.062247210080722912,0.20155162508249871,0.10462073265079722,0.15468637033834154,0.17485409017725417,0.17877937772477498,0.20155162508249871,6.9226708241602639e-16,3.132924991742066e-16,2.1260608566874109e-15,3.132924991742066e-16,4.8200617182043875e-16,6.3204377182417904e-16,7.9245703284589954e-16,1.386672239763758e-15,8.8583105268566783e-16,5.4669380314193529e-16,1.3498681921160749e-15,5.4669380314193529e-16,7.0746625879227724e-16,8.1314000458352496e-16,9.7830084184315495e-16,1.3498681921160749e-15
reference,n03,SSP2,2060,"AESA (PBs-LCIA), 0.9.1, ocean acidification, carbonate ion concentration",OA,aragonite saturation,"electricity production, wind, 1-3MW turbine, offshore",210000,210000,0.00044879688409047623,0.00020310799999999999,0.0013783249999999999,0.00020310799999999999,0.00031248499999999999,0.00040975400000000002,0.00051374999999999999,0.00089897999999999996,6.3147175708743789e-05,4.0916522697467821e-05,8.24758683976608e-05,4.0916522697467821e-05,5.4852428003392469e-05,6.2074975638731346e-05,7.5117147155750197e-05,7.7677826295705695e-05,0.1584408051197769,0.059837751181804587,0.20145204865129793,0.082803607345244112,0.15119771541743202,0.1637955714961222,0.18332254756695529,0.20145204865129793,6.9226708241602639e-16,3.132924991742066e-16,2.1260608566874109e-15,3.132924991742066e-16,4.8200617182043875e-16,6.3204377182417904e-16,7.9245703284589954e-16,1.386672239763758e-15,7.9506482728295968e-16,5.1516514740650976e-16,1.0384264549865866e-15,5.1516514740650976e-16,6.906286654502103e-16,7.8156506525890237e-16,9.4577499671858483e-16,9.7801550863896042e-16
reference,n03,SSP2,2060,"AESA (PBs-LCIA), 0.9.1, ocean acidification, carbonate ion concentration",OA,aragonite saturation,"electricity production, wind, 1-3MW turbine, onshore",210000,210000,0.00044879688409047623,0.00020310799999999999,0.0013783249999999999,0.00020310799999999999,0.00031248499999999999,0.00040975400000000002,0.00051374999999999999,0.00089897999999999996,5.4539089149646393e-05,3.3044995963286789e-05,7.1996399194719713e-05,3.3044995963286789e-05,4.55326515782308e-05,5.1086097587803227e-05,6.4042480560868952e-05,6.8974009475916532e-05,0.13580688831446236,0.052234704583258462,0.16348335948222548,0.072656642298197058,0.13425597951516599,0.13992162745961922,0.15629494906912184,0.16269667351008721,6.9226708241602639e-16,3.132924991742066e-16,2.1260608566874109e-15,3.132924991742066e-16,4.8200617182043875e-16,6.3204377182417904e-16,7.9245703284589954e-16,1.386672239763758e-15,7.1994824537653959e-16,4.3621263899152491e-16,9.5039558195510974e-16,4.3621263899152491e-16,6.0105830641139755e-16,6.7436609468815487e-16,8.4539889074934183e-16,9.1049787326543439e-16
reference,n03,SSP2,2060,"AESA (PBs-LCIA), 0.9.1, ocean acidification, carbonate ion concentration",OA,aragonite saturation,"heat and power co-generation, wood chips, 6667 kW",210000,210000,0.00044879688409047623,0.00020310799999999999,0.0013783249999999999,0.00020310799999999999,0.00031248499999999999,0.00040975400000000002,0.00051374999999999999,0.00089897999999999996,2.757438065253117e-05,1.6254380369933034e-05,4.5735818059274945e-05,1.6614927903591861e-05,2.3307360282138107e-05,2.5116581507897195e-05,2.9896445398847886e-05,4.5735818059274945e-05,0.067709861374627478,0.021944148173484251,0.089677221578110519,0.045953611460210993,0.05688134900974269,0.0682099700754321,0.081803414457292972,0.089677221578110519,6.9226708241602639e-16,3.132924991742066e-16,2.1260608566874109e-15,3.132924991742066e-16,4.8200617182043875e-16,6.3204377182417904e-16,7.9245703284589954e-16,1.386672239763758e-15,3.2202691634359814e-15,1.8982646335888057e-15,5.3412491073370303e-15,1.9403676463270495e-15,2.7219468443905945e-15,2.933234292244341e-15,3.4914522496559596e-15,5.3412491073370303e-15
reference,n03,SSP2,2060,"AESA (PBs-LCIA), 0.9.1, ocean acidification, carbonate ion concentration",OA,aragonite saturation,transmission network construction,210000,210000,0.00044879688409047623,0.00020310799999999999,0.0013783249999999999,0.00020310799999999999,0.00031248499999999999,0.00040975400000000002,0.00051374999999999999,0.00089897999999999996,2.7506443087680076e-05,0,3.7986546339220079e-05,1.7752953606124542e-05,2.4278990559228125e-05,2.8989686558152635e-05,3.2790472456730486e-05,3.7986546339220079e-05,0.069249264216309891,0,0.09721390639566993,0.027494192562228237,0.068379669488416894,0.073989277070911172,0.079777049797371699,0.087406471464071045,6.9226708241602639e-16,3.132924991742066e-16,2.1260608566874109e-15,3.132924991742066e-16,4.8200617182043875e-16,6.3204377182417904e-16,7.9245703284589954e-16,1.386672239763758e-15,,,,,,,,
reference,n03,SSP2,2060,"AESA (PBs-LCIA), 0.9.1, ozone depletion, stratospheric O3 concentration",SOD,DU,EU electricity market imports,210000,210000,0.00056161221866190473,0.00054997200000000003,0.00058175399999999997,0.00055133899999999997,0.00055942999999999998,0.00056090199999999995,0.00056434900000000001,0.00057653800000000003,6.3498501080214137e-06,0,3.0392381118035775e-05,0,2.5968464857860172e-06,5.4776535435472941e-06,6.7488788343862173e-06,2.1080501262886994e-05,0.011210210895952069,0,0.052242668065945012,0,0.0047100721802484811,0.0097415836917696275,0.012022993268474782,0.036718639252976346,8.6628458451869142e-16,8.4832945978623015e-16,8.9735336026052098e-16,8.5043759950667154e-16,8.6291778196826952e-16,8.6518949419505516e-16,8.7050610913692437e-16,8.8930786158485848e-16,1.2017322563858108e-16,0,5.7518692779029977e-16,0,4.9146226846530968e-17,1.0366659581044e-16,1.2772496772029611e-16,3.9895623299450724e-16
reference,n03,SSP2,2060,"AESA (PBs-LCIA), 0.9.1, ozone depletion, stratospheric O3 concentration",SOD,DU,Other life cycle contributions,210000,210000,0.00056161221866190473,0.00054997200000000003,0.00058175399999999997,0.00055133899999999997,0.00055942999999999998,0.00056090199999999995,0.00056434900000000001,0.00057653800000000003,7.7020574071422758e-06,-1.2785455312049699e-19,5.2308161959313082e-05,-1.2785455312049699e-19,-6.3927260029127544e-20,0,6.392730405830344e-20,4.1643101175519556e-05,0.01356088940503143,-2.2802748203221164e-16,0.090728038671020958,-2.2802748203221164e-16,-1.1320879218403936e-16,0,1.1387832169498176e-16,0.07356255650685059,8.6628458451869142e-16,8.4832945978623015e-16,8.9735336026052098e-16,8.5043759950667154e-16,8.6291778196826952e-16,8.6518949419505516e-16,8.7050610913692437e-16,8.8930786158485848e-16,,,,,,,,
reference,n03,SSP2,2060,"AESA (PBs-LCIA), 0.9.1, ozone depletion, stratospheric O3 concentration",SOD,DU,Transmission corona,210000,210000,0.00056161221866190473,0.00054997200000000003,0.00058175399999999997,0.00055133899999999997,0.00055942999999999998,0.00056090199999999995,0.00056434900000000001,0.00057653800000000003,0.00047126117846596661,0.00047126083258781969,0.00047126158089831019,0.00047126086215266923,0.00047126100797749567,0.00047126114997930133,0.00047126139191305079,0.00047126158089831019,0.83928211960352683,0.81006936554705467,0.85688226293701186,0.81739799974588956,0.83505268899085727,0.84018411237651403,0.84239597607977801,0.85475814761651436,8.6628458451869142e-16,8.4832945978623015e-16,8.9735336026052098e-16,8.5043759950667154e-16,8.6291778196826952e-16,8.6518949419505516e-16,8.7050610913692437e-16,8.8930786158485848e-16,,,,,,,,
reference,n03,SSP2,2060,"AESA (PBs-LCIA), 0.9.1, ozone depletion, stratospheric O3 concentration",SOD,DU,"electricity production, Evolutionary Power Reactor (EPR)",210000,210000,0.00056161221866190473,0.00054997200000000003,0.00058175399999999997,0.00055133899999999997,0.00055942999999999998,0.00056090199999999995,0.00056434900000000001,0.00057653800000000003,7.8139838810604412e-06,0,9.8423222239685902e-06,0,9.1360914216500289e-06,9.4382831030463701e-06,9.663526454079895e-06,9.8134831851002959e-06,0.013945413824502982,0,0.017451444262292937,0,0.016446272379530655,0.0171188381432229,0.017182175286898357,0.017378685789600036,8.6628458451869142e-16,8.4832945978623015e-16,8.9735336026052098e-16,8.5043759950667154e-16,8.6291778196826952e-16,8.6518949419505516e-16,8.7050610913692437e-16,8.8930786158485848e-16,3.2567519009832634e-17,0,4.1021339096883937e-17,0,3.8077849772698617e-17,3.9337329860644518e-17,4.0276139423945155e-17,4.0901134987851581e-17
reference,n03,SSP2,2060,"AESA (PBs-LCIA), 0.9.1, ozone depletion, stratospheric O3 concentration",SOD,DU,"electricity production, Small Modular Reactor (SMR)",210000,210000,0.00056161221866190473,0.00054997200000000003,0.00058175399999999997,0.00055133899999999997,0.00055942999999999998,0.00056090199999999995,0.00056434900000000001,0.00057653800000000003,1.5608449702473078e-06,0,1.9675985823382615e-06,0,1.7979711780621619e-06,1.9137084443486723e-06,1.931728215139777e-06,1.9629482208648197e-06,0.0027854193399829779,0,0.0035168911030924953,0,0.0032227457422359289,0.0033944022686212736,0.0034257888960993166,0.0034765329048402367,8.6628458451869142e-16,8.4832945978623015e-16,8.9735336026052098e-16,8.5043759950667154e-16,8.6291778196826952e-16,8.6518949419505516e-16,8.7050610913692437e-16,8.8930786158485848e-16,4.2532721949011991e-17,0,5.3616719468330579e-17,0,4.8994344027260877e-17,5.2148209087206387e-17,5.2639233914587957e-17,5.3489968290749433e-17
reference,n03,SSP2,2060,"AESA (PBs-LCIA), 0.9.1, ozone depletion, stratospheric O3 concentration",SOD,DU,"electricity production, hydro, reservoir, alpine region",210000,210000,0.00056161221866190473,0.00054997200000000003,0.00058175399999999997,0.00055133899999999997,0.00055942999999999998,0.00056090199999999995,0.00056434900000000001,0.00057653800000000003,2.2790449571346641e-07,0,3.1282917429712057e-07,0,2.4797168822616828e-07,2.6767668412059437e-07,2.9387550726624436e-07,3.0325114122700745e-07,0.00040659883818286853,0,0.00053773446215603263,0,0.00044891269484916658,0.00048550290133764229,0.00052272793035760287,0.00053702708807035334,8.6628458451869142e-16,8.4832945978623015e-16,8.9735336026052098e-16,8.5043759950667154e-16,8.6291778196826952e-16,8.6518949419505516e-16,8.7050610913692437e-16,8.8930786158485848e-16,2.6000282534116738e-17,0,3.5688846550903977e-17,0,2.8289618286140106e-17,3.053763716939905e-17,3.3526533537437911e-17,3.4596138756981976e-17
reference,n03,SSP2,2060,"AESA (PBs-LCIA), 0.9.1, ozone depletion, stratospheric O3 concentration",SOD,DU,"electricity production, hydro, run-of-river",210000,187430,0.00056161221866190473,0.00054997200000000003,0.00058175399999999997,0.00055133899999999997,0.00055942999999999998,0.00056090199999999995,0.00056434900000000001,0.00057653800000000003,3.5385331095629665e-07,0,5.6180227730663891e-07,0,2.8798840658721752e-07,3.8517580803233204e-07,5.1978551765604826e-07,5.3507696245480147e-07,0.00063095044297210108,0,0.00099489498978481625,0,0.00052364194283930363,0.00069861883166678223,0.00092906606000319641,0.00095168274652561522,8.6628458451869142e-16,8.4832945978623015e-16,8.9735336026052098e-16,8.5043759950667154e-16,8.6291778196826952e-16,8.6518949419505516e-16,8.7050610913692437e-16,8.8930786158485848e-16,8.6152785813710837e-18,0,1.2208136550302841e-17,0,7.5628759749348717e-18,8.3699831928859299e-18,1.1295107686085375e-17,1.2208136550302841e-17
reference,n03,SSP2,2060,"AESA (PBs-LCIA), 0.9.1, ozone depletion, stratospheric O3 concentration",SOD,DU,"electricity production, nuclear, pressure water reactor",210000,210000,0.00056161221866190473,0.00054997200000000003,0.00058175399999999997,0.00055133899999999997,0.00055942999999999998,0.00056090199999999995,0.00056434900000000001,0.00057653800000000003,8.2432993108829158e-07,0,1.0498301152045885e-06,0,9.3662911349196775e-07,9.9847102112591935e-07,1.0285755894501976e-06,1.045288221963937e-06,0.0014711251282682029,0,0.001876469227546358,0,0.0016909769941037104,0.0017989367200918641,0.0018294146649228138,0.0018621601549957813,8.6628458451869142e-16,8.4832945978623015e-16,8.9735336026052098e-16,8.5043759950667154e-16,8.6291778196826952e-16,8.6518949419505516e-16,8.7050610913692437e-16,8.8930786158485848e-16,3.455820048920306e-17,0,4.4011828029019278e-17,0,3.9266077384300747e-17,4.1858699682526926e-17,4.3120747997545462e-17,4.3821383699284958e-17
reference,n03,SSP2,2060,"AESA (PBs-LCIA), 0.9.1, ozone depletion, stratospheric O3 concentration",SOD,DU,"electricity production, photovoltaic",210000,210000,0.00056161221866190473,0.00054997200000000003,0.00058175399999999997,0.00055133899999999997,0.00055942999999999998,0.00056090199999999995,0.00056434900000000001,0.00057653800000000003,5.960823046446198e-06,0,9.3838100961153719e-06,0,5.7235477343143636e-06,6.250300154957107e-06,8.2392466887933689e-06,8.9451546611879838e-06,0.010632382953526516,0,0.016617778223461527,0,0.010323283374170432,0.010827755431069206,0.014652863774228111,0.015909766170833579,8.6628458451869142e-16,8.4832945978623015e-16,8.9735336026052098e-16,8.5043759950667154e-16,8.6291778196826952e-16,8.6518949419505516e-16,8.7050610913692437e-16,8.8930786158485848e-16,7.9604590051909107e-17,0,1.2531731986419981e-16,0,7.6435906875747434e-17,8.3470466156025582e-17,1.1003211678962125e-16,1.1945924112475801e-16
reference,n03,SSP2,2060,"AESA (PBs-LCIA), 0.9.1, ozone depletion, stratospheric O3 concentration",SOD,DU,"electricity production, wind, 1-3MW turbine, offshore",210000,210000,0.00056161221866190473,0.00054997200000000003,0.00058175399999999997,0.00055133899999999997,0.00055942999999999998,0.00056090199999999995,0.00056434900000000001,0.00057653800000000003,4.7993980053760932e-06,0,6.6348297012791673e-06,0,5.1778458693457852e-06,5.6644120030527328e-06,6.283005807727001e-06,6.381636035571103e-06,0.0085637603505832639,0,0.011749612086878821,0,0.0093394012849253721,0.010091726064601408,0.011173840482107291,0.011350316563427384,8.6628458451869142e-16,8.4832945978623015e-16,8.9735336026052098e-16,8.5043759950667154e-16,8.6291778196826952e-16,8.6518949419505516e-16,8.7050610913692437e-16,8.8930786158485848e-16,6.0427632994021687e-17,0,8.3536948455150829e-17,0,6.519253615468628e-17,7.1318759165034632e-17,7.9107263523291204e-17,8.0349072465820058e-17
reference,n03,SSP2,2060,"AESA (PBs-LCIA), 0.9.1, ozone depletion, stratospheric O3 concentration",SOD,DU,"electricity production, wind, 1-3MW turbine, onshore",210000,210000,0.00056161221866190473,0.00054997200000000003,0.00058175399999999997,0.00055133899999999997,0.00055942999999999998,0.00056090199999999995,0.00056434900000000001,0.00057653800000000003,3.2057676663435592e-06,0,4.4951897752957462e-06,0,3.2675141295520478e-06,3.7977001825460407e-06,4.2264348559411102e-06,4.3722399163071314e-06,0.0057192187709097552,0,0.0079605262673804796,0,0.0059247814830649132,0.0067886452540486027,0.0075288535194412021,0.0077890583564904333,8.6628458451869142e-16,8.4832945978623015e-16,8.9735336026052098e-16,8.5043759950667154e-16,8.6291778196826952e-16,8.6518949419505516e-16,8.7050610913692437e-16,8.8930786158485848e-16,4.2318050047943776e-17,0,5.9339194077263387e-17,0,4.3133134339753406e-17,5.0131871296709505e-17,5.5791470776718792e-17,5.7716177999077057e-17
reference,n03,SSP2,2060,"AESA (PBs-LCIA), 0.9.1, ozone depletion, stratospheric O3 concentration",SOD,DU,"heat and power co-generation, wood chips, 6667 kW",210000,210000,0.00056161221866190473,0.00054997200000000003,0.00058175399999999997,0.00055133899999999997,0.00055942999999999998,0.00056090199999999995,0.00056434900000000001,0.00057653800000000003,5.0408719546917488e-05,4.803836458501441e-05,5.339657670300025e-05,4.803836458501441e-05,4.8908481819877771e-05,5.0725039574232827e-05,5.1260985525149533e-05,5.339657670300025e-05,0.08975273111902822,0.084070727180006966,0.094616233399900149,0.086181701201010583,0.08744486004992702,0.089493312236499242,0.091630741156444123,0.094616233399900149,8.6628458451869142e-16,8.4832945978623015e-16,8.9735336026052098e-16,8.5043759950667154e-16,8.6291778196826952e-16,8.6518949419505516e-16,8.7050610913692437e-16,8.8930786158485848e-16,5.8869764878597729e-15,5.6101509740492054e-15,6.235913386663883e-15,5.6101509740492054e-15,5.7117723975278382e-15,5.9239181241405287e-15,5.9865031298420897e-15,6.235913386663883e-15
reference,n03,SSP2,2060,"AESA (PBs-LCIA), 0.9.1, ozone depletion, stratospheric O3 concentration",SOD,DU,transmission network construction,210000,210000,0.00056161221866190473,0.00054997200000000003,0.00058175399999999997,0.00055133899999999997,0.00055942999999999998,0.00056090199999999995,0.00056434900000000001,0.00057653800000000003,1.1435078266253686e-06,0,1.7271305733096134e-06,0,1.1321761534717894e-06,1.3523189129064639e-06,1.476481265031302e-06,1.6753241551983124e-06,0.0020391793275327396,0,0.0030718578502704585,0,0.0020507886384422695,0.0024173156836538334,0.0026066181045164534,0.0029794345952991168,8.6628458451869142e-16,8.4832945978623015e-16,8.9735336026052098e-16,8.5043759950667154e-16,8.6291778196826952e-16,8.6518949419505516e-16,8.7050610913692437e-16,8.8930786158485848e-16,,,,,,,,
reference,n03,SSP2,2060,"IPCC 2021, climate change, global warming potential (GWP100)",GWP_100,kg CO2-eq,EU electricity market imports,20000,20000,7061572092.6297503,3820347782,19840341068,3820347782,5397035377,6507174485,7928581451,12634811529,1762907404.7974141,392051594.8645618,12981045627.302013,392051594.8645618,548195846.94215953,886631449.6694051,1239896924.1162374,6190302281.0024862,0.18838899119873775,0.084244835943132007,0.65427532635710706,0.084244835943132007,0.10262196460535797,0.15638319815202936,0.17010053606577599,0.48994021531656567,0.010892444998970468,0.0058928702478812829,0.030603641936993942,0.0058928702478812829,0.0083249041760585715,0.01003728904127469,0.01222980325702412,0.019489143188594561,0.033363656847199032,0.0074197174739085558,0.2456709584617279,0.0074197174739085558,0.01037480361912667,0.016779819154045566,0.023465495346910423,0.11715369764836599
reference,n03,SSP2,2060,"IPCC 2021, climate change, global warming potential (GWP100)",GWP_100,kg CO2-eq,Other life cycle contributions,20000,20000,7061572092.6297503,3820347782,19840341068,3820347782,5397035377,6507174485,7928581451,12634811529,84910485.831664637,-2.2492424590210678e-06,695047101.90898371,-1.1246212294696288e-06,0,5.6231061478182715e-07,1.124621229396543e-06,530723064.36604887,0.011694932081241937,-4.2767013593902401e-16,0.083367696677506528,-2.0557754373248246e-16,0,1.4718833123811846e-16,1.7282788896916185e-16,0.063451124367170389,0.010892444998970468,0.0058928702478812829,0.030603641936993942,0.0058928702478812829,0.0083249041760585715,0.01003728904127469,0.01222980325702412,0.019489143188594561,,,,,,,,
reference,n03,SSP2,2060,"IPCC 2021, climate change, global warming potential (GWP100)",GWP_100,kg CO2-eq,Transmission corona,20000,20000,7061572092.6297503,3820347782,19840341068,3820347782,5397035377,6507174485,7928581451,12634811529,912441958.12754965,912441958.0795691,912441958.22630906,912441958.0907253,912441958.09279811,912441958.10792458,912441958.16635656,912441958.22630906,0.14760520185930845,0.04598922745526849,0.23883740703539671,0.072216507230736138,0.11508262401454798,0.14022091465259445,0.16906354958987094,0.23883740703539671,0.010892444998970468,0.0058928702478812829,0.030603641936993942,0.0058928702478812829,0.0083249041760585715,0.01003728904127469,0.01222980325702412,0.019489143188594561,,,,,,,,
reference,n03,SSP2,2060,"IPCC 2021, climate change, global warming potential (GWP100)",GWP_100,kg CO2-eq,"electricity production, Evolutionary Power Reactor (EPR)",20000,20000,7061572092.6297503,3820347782,19840341068,3820347782,5397035377,6507174485,7928581451,12634811529,650948151.00522947,223868075.80704743,1080613102.2625544,223868075.80704743,526204995.32629395,673478072.78347063,825671590.80561006,860759337.47102046,0.096240616730006598,0.054465449891153782,0.13227850881441677,0.058598873343894797,0.089602773646834707,0.094756355062311323,0.11596461606461954,0.13227850881441677,0.010892444998970468,0.0058928702478812829,0.030603641936993942,0.0058928702478812829,0.0083249041760585715,0.01003728904127469,0.01222980325702412,0.019489143188594561,0.002713054481399301,0.00093304863882426152,0.0045038337002414712,0.00093304863882426152,0.002193143675939248,0.0028069558237627007,0.0034412756318759996,0.0035875161092382341
reference,n03,SSP2,2060,"IPCC 2021, climate change, global warming potential (GWP100)",GWP_100,kg CO2-eq,"electricity production, Small Modular Reactor (SMR)",20000,20000,7061572092.6297503,3820347782,19840341068,3820347782,5397035377,6507174485,7928581451,12634811529,127293879.24498154,0,258538699.37763661,0,52911607.981097177,128455959.11617912,196336183.40882403,200410501.63119701,0.018865066204214433,0,0.030798390621486,0,0.013211195075046008,0.02241333443649873,0.027572989505055004,0.030798390621486,0.010892444998970468,0.0058928702478812829,0.030603641936993942,0.0058928702478812829,0.0083249041760585715,0.01003728904127469,0.01222980325702412,0.019489143188594561,0.0034687330746187178,0,0.007045128507930239,0,0.001441830869860151,0.0035003995217588969,0.0053501222304937219,0.0054611465975747051
reference,n03,SSP2,2060,"IPCC 2021, climate change, global warming potential (GWP100)",GWP_100,kg CO2-eq,"electricity production, hydro, reservoir, alpine region",20000,20000,7061572092.6297503,3820347782,19840341068,3820347782,5397035377,6507174485,7928581451,12634811529,30778299.014514532,0,55078456.682454951,0,19654487.134711482,34393565.508315526,47184740.582028076,48359585.332471378,0.004688612469716226,0,0.0075927545296331752,0,0.0038274876694024472,0.0050880041991434883,0.0072511872381470456,0.0075239884702948141,0.010892444998970468,0.0058928702478812829,0.030603641936993942,0.0058928702478812829,0.0083249041760585715,0.01003728904127469,0.01222980325702412,0.019489143188594561,0.003511314591229101,0,0.0062835762467206256,0,0.0022422645068376408,0.0039237590213285411,0.0053830287377664631,0.0055170598453050451
reference,n03,SSP2,2060,"IPCC 2021, climate change, global warming potential (GWP100)",GWP_100,kg CO2-eq,"electricity production, hydro, run-of-river",20000,17890,7061572092.6297503,3820347782,19840341068,3820347782,5397035377,6507174485,7928581451,12634811529,108224446.96961963,0,194369343.9305203,0,60481300.342916861,127568002.56305538,163300218.37309149,166909492.29819593,0.016389125280790624,0,0.02618214905009034,0,0.012896918178205879,0.01992838255533386,0.023146401623932132,0.02565007172974184,0.010892444998970468,0.0058928702478812829,0.030603641936993942,0.0058928702478812829,0.0083249041760585715,0.01003728904127469,0.01222980325702412,0.019489143188594561,0.0026291226920782309,0,0.0042237051385444471,0,0.0020107592662189618,0.003063294668662325,0.003548563562415414,0.0042237051385444471
reference,n03,SSP2,2060,"IPCC 2021, climate change, global warming potential (GWP100)",GWP_100,kg CO2-eq,"electricity production, nuclear, pressure water reactor",20000,20000,7061572092.6297503,3820347782,19840341068,3820347782,5397035377,6507174485,7928581451,12634811529,69476424.043912426,0,132594901.76225291,0,29672243.172986258,71344765.573229447,108997780.06750993,109232699.3388669,0.010353748530116058,0,0.016750400702911217,0,0.0074086917375969516,0.01247896583876687,0.015002744845695488,0.016750400702911217,0.010892444998970468,0.0058928702478812829,0.030603641936993942,0.0058928702478812829,0.0083249041760585715,0.01003728904127469,0.01222980325702412,0.019489143188594561,0.0029126443645711283,0,0.0055587459873372783,0,0.0012439427194668189,0.0029909704227659649,0.004569489207930052,0.0045793376753083641
reference,n03,SSP2,2060,"IPCC 2021, climate change, global warming potential (GWP100)",GWP_100,kg CO2-eq,"electricity production, photovoltaic",20000,20000,7061572092.6297503,3820347782,19840341068,3820347782,5397035377,6507174485,7928581451,12634811529,926901708.32893121,592014077.03366375,1390699773.3914702,592014077.03366375,752836213.90249789,848478449.03222775,1019922906.4683887,1390699773.3914702,0.14021927655203467,0.059824230539785493,0.17540335329670692,0.101909325355181,0.13319143860611055,0.1449562915461684,0.15673821392364104,0.17540335329670692,0.010892444998970468,0.0058928702478812829,0.030603641936993942,0.0058928702478812829,0.0083249041760585715,0.01003728904127469,0.01222980325702412,0.019489143188594561,0.012378428453210582,0.0079061283728233331,0.018572279553171128,0.0079061283728233331,0.010053848350057428,0.011331114918407983,0.013620692045912023,0.018572279553171128
reference,n03,SSP2,2060,"IPCC 2021, climate change, global warming potential (GWP100)",GWP_100,kg CO2-eq,"electricity production, wind, 1-3MW turbine, offshore",20000,20000,7061572092.6297503,3820347782,19840341068,3820347782,5397035377,6507174485,7928581451,12634811529,849703941.38710475,558238089.86364233,1105455736.3353515,558238089.86364233,749526715.21012282,832607254.38233304,1007380047.2841606,1035078776.1269815,0.1304494332029992,0.055717577260721289,0.15481067083821415,0.07847859627777802,0.12435874677272167,0.13724448420347346,0.14612232229061556,0.15481067083821415,0.010892444998970468,0.0058928702478812829,0.030603641936993942,0.0058928702478812829,0.0083249041760585715,0.01003728904127469,0.01222980325702412,0.019489143188594561,0.010698340091516788,0.0070285903664037705,0.013918425991499216,0.0070285903664037705,0.0094370419107226433,0.010483081384521229,0.01268358756821922,0.013032333062736523
reference,n03,SSP2,2060,"IPCC 2021, climate change, global warming potential (GWP100)",GWP_100,kg CO2-eq,"electricity production, wind, 1-3MW turbine, onshore",20000,20000,7061572092.6297503,3820347782,19840341068,3820347782,5397035377,6507174485,7928581451,12634811529,738098964.25222397,453821051.85927677,970361017.05710316,453821051.85927677,616633861.53434396,695044546.30784976,864510164.47314107,922437368.08503389,0.11265082936279873,0.048908484674296988,0.13285492289563849,0.069128753639190854,0.10920286658392177,0.11687756495382247,0.122616406374464,0.13285492289563849,0.010892444998970468,0.0058928702478812829,0.030603641936993942,0.0058928702478812829,0.0083249041760585715,0.01003728904127469,0.01222980325702412,0.019489143188594561,0.0097433465226134247,0.0059907085379838146,0.012809344137687122,0.0059907085379838146,0.0081399347259854538,0.0091750025286876282,0.011412049756251829,0.012176723391087342
reference,n03,SSP2,2060,"IPCC 2021, climate change, global warming potential (GWP100)",GWP_100,kg CO2-eq,"heat and power co-generation, wood chips, 6667 kW",20000,20000,7061572092.6297503,3820347782,19840341068,3820347782,5397035377,6507174485,7928581451,12634811529,424224612.88628954,277482675.01144147,673128545.56590378,280952967.12200511,357352774.12540042,392411528.85263318,451009565.62056279,673128545.56590378,0.064581463922362067,0.022731946193605766,0.083641061171403575,0.047870494113853489,0.054916734590282068,0.065960085353166137,0.074229438834438055,0.083641061171403575,0.010892444998970468,0.0058928702478812829,0.030603641936993942,0.0058928702478812829,0.0083249041760585715,0.01003728904127469,0.01222980325702412,0.019489143188594561,0.049543015445018233,0.032405777591983986,0.078611228382438392,0.032811055198295677,0.041733396579787134,0.045827728624296418,0.052671092613808729,0.078611228382438392
reference,n03,SSP2,2060,"IPCC 2021, climate change, global warming potential (GWP100)",GWP_100,kg CO2-eq,transmission network construction,20000,20000,7061572092.6297503,3820347782,19840341068,3820347782,5397035377,6507174485,7928581451,12634811529,375661816.7403143,0,513926038.31716585,248439175.91869593,334197157.12769133,394796908.75688362,443298163.41450012,513926038.31716585,0.057872702605673211,0,0.072872009801366447,0.025800943628373971,0.05509561656828111,0.063448071515837326,0.065030512952052463,0.072028398091311688,0.010892444998970468,0.0058928702478812829,0.030603641936993942,0.0058928702478812829,0.0083249041760585715,0.01003728904127469,0.01222980325702412,0.019489143188594561,,,,,,,,
reference,n03,SSP5,2060,"AESA (PBs-LCIA), 0.9.1, atmospheric aerosol loading, AOD (Global)",AAL,AOD,EU electricity market imports,230000,230000,0.00013236584925217391,0.00012558799999999999,0.000148696,0.00012558799999999999,0.00012558799999999999,0.00012758600000000001,0.000148696,0.000148696,1.2489075175078382e-05,6.0234458073908155e-06,2.4686837685930953e-05,6.0234458073908155e-06,6.0234458073908155e-06,9.6205388779538573e-06,2.4686837685930953e-05,2.4686837685930953e-05,0.091205412354085968,0.047961953430190912,0.16602220426864847,0.047961953430190912,0.047961953430190912,0.075404345915334417,0.16602220426864847,0.16602220426864847,2.0417422515960123e-16,1.9371961681219961e-16,2.293626263645861e-16,1.9371961681219961e-16,1.9371961681219961e-16,1.9680162400920361e-16,2.293626263645861e-16,2.293626263645861e-16,2.3636052479006791e-16,1.13996266969224e-16,4.6720662665199372e-16,1.13996266969224e-16,1.13996266969224e-16,1.8207286259835764e-16,4.6720662665199372e-16,4.6720662665199372e-16
reference,n03,SSP5,2060,"AESA (PBs-LCIA), 0.9.1, atmospheric aerosol loading, AOD (Global)",AAL,AOD,Other life cycle contributions,230000,230000,0.00013236584925217391,0.00012558799999999999,0.000148696,0.00012558799999999999,0.00012558799999999999,0.00012758600000000001,0.000148696,0.000148696,2.562054788098038e-06,0,1.0244477690974579e-05,0,0,0,1.0244477690974579e-05,1.0244477690974579e-05,0.017230152714921978,0,0.068895449043515494,0,0,0,0.068895449043515494,0.068895449043515494,2.0417422515960123e-16,1.9371961681219961e-16,2.293626263645861e-16,1.9371961681219961e-16,1.9371961681219961e-16,1.9680162400920361e-16,2.293626263645861e-16,2.293626263645861e-16,,,,,,,,
reference,n03,SSP5,2060,"AESA (PBs-LCIA), 0.9.1, atmospheric aerosol loading, AOD (Global)",AAL,AOD,Transmission corona,230000,230000,0.00013236584925217391,0.00012558799999999999,0.000148696,0.00012558799999999999,0.00012558799999999999,0.00012758600000000001,0.000148696,0.000148696,-3.423065644506321e-20,-8.0907696280884262e-20,2.4846665027190949e-20,-8.0907696280884262e-20,-8.0907696280884262e-20,0,2.4846665027190949e-20,2.4846665027190949e-20,-2.6752009283454722e-16,-6.3414243162168468e-16,1.9784266830581704e-16,-6.3414243162168468e-16,-6.3414243162168468e-16,0,1.9784266830581704e-16,1.9784266830581704e-16,2.0417422515960123e-16,1.9371961681219961e-16,2.293626263645861e-16,1.9371961681219961e-16,1.9371961681219961e-16,1.9680162400920361e-16,2.293626263645861e-16,2.293626263645861e-16,,,,,,,,
reference,n03,SSP5,2060,"AESA (PBs-LCIA), 0.9.1, atmospheric aerosol loading, AOD (Global)",AAL,AOD,"electricity production, Evolutionary Power Reactor (EPR)",230000,230000,0.00013236584925217391,0.00012558799999999999,0.000148696,0.00012558799999999999,0.00012558799999999999,0.00012758600000000001,0.000148696,0.000148696,3.2796666586310091e-05,3.2582740561562514e-05,3.2887425770368993e-05,3.2582740561562514e-05,3.2582740561562514e-05,3.2858266244751048e-05,3.2887425770368993e-05,3.2887425770368993e-05,0.24891927932011942,0.22117222904697498,0.25944151162183104,0.22117222904697498,0.22117222904697498,0.25753818008834078,0.25944151162183104,0.25944151162183104,2.0417422515960123e-16,1.9371961681219961e-16,2.293626263645861e-16,1.9371961681219961e-16,1.9371961681219961e-16,1.9680162400920361e-16,2.293626263645861e-16,2.293626263645861e-16,1.3669193020970322e-16,1.3580044911586395e-16,1.3706967616275503e-16,1.3580044911586395e-16,1.3580044911586395e-16,1.3694886559510904e-16,1.3706967616275503e-16,1.3706967616275503e-16
reference,n03,SSP5,2060,"AESA (PBs-LCIA), 0.9.1, atmospheric aerosol loading, AOD (Global)",AAL,AOD,"electricity production, Small Modular Reactor (SMR)",230000,230000,0.00013236584925217391,0.00012558799999999999,0.000148696,0.00012558799999999999,0.00012558799999999999,0.00012758600000000001,0.000148696,0.000148696,7.9175340349792315e-06,7.8771865006993539e-06,7.9541790014258343e-06,7.8771865006993539e-06,7.8771865006993539e-06,7.9193822669869414e-06,7.9541790014258343e-06,7.9541790014258343e-06,0.060088543893327802,0.053492891546684747,0.062722445621391815,0.053492891546684747,0.053492891546684747,0.062070934640061928,0.062722445621391815,0.062722445621391815,2.0417422515960123e-16,1.9371961681219961e-16,2.293626263645861e-16,1.9371961681219961e-16,1.9371961681219961e-16,1.9680162400920361e-16,2.293626263645861e-16,2.293626263645861e-16,2.1575176220382687e-16,2.1465250755377528e-16,2.1674950205725829e-16,2.1465250755377528e-16,2.1465250755377528e-16,2.1580243665421034e-16,2.1674950205725829e-16,2.1674950205725829e-16
reference,n03,SSP5,2060,"AESA (PBs-LCIA), 0.9.1, atmospheric aerosol loading, AOD (Global)",AAL,AOD,"electricity production, hydro, reservoir, alpine region",230000,230000,0.00013236584925217391,0.00012558799999999999,0.000148696,0.00012558799999999999,0.00012558799999999999,0.00012758600000000001,0.000148696,0.000148696,2.9873941885635899e-07,0,3.9960873920415241e-07,0,0,3.9588672365475266e-07,3.9960873920415241e-07,3.9960873920415241e-07,0.0023538179889801615,0,0.003152265532174672,0,0,0.0031320735755032089,0.003152265532174672,0.003152265532174672,2.0417422515960123e-16,1.9371961681219961e-16,2.293626263645861e-16,1.9371961681219961e-16,1.9371961681219961e-16,1.9680162400920361e-16,2.293626263645861e-16,2.293626263645861e-16,3.4081544682098543e-17,0,4.5589180097275232e-17,0,0,4.5164534961465698e-17,4.5589180097275232e-17,4.5589180097275232e-17
reference,n03,SSP5,2060,"AESA (PBs-LCIA), 0.9.1, atmospheric aerosol loading, AOD (Global)",AAL,AOD,"electricity production, hydro, run-of-river",230000,172479,0.00013236584925217391,0.00012558799999999999,0.000148696,0.00012558799999999999,0.00012558799999999999,0.00012758600000000001,0.000148696,0.000148696,1.7835727454379187e-06,0,2.3802135248682694e-06,0,0,2.3747340850408873e-06,2.3802135248682694e-06,2.3802135248682694e-06,0.014053416768868041,0,0.018908925096672354,0,0,0.018655757879926238,0.018908925096672354,0.018908925096672354,2.0417422515960123e-16,1.9371961681219961e-16,2.293626263645861e-16,1.9371961681219961e-16,1.9371961681219961e-16,1.9680162400920361e-16,2.293626263645861e-16,2.293626263645861e-16,5.1683256759229339e-17,5.1603871803510136e-17,5.1722965808707075e-17,5.1603871803510136e-17,5.1603871803510136e-17,5.1722965808707075e-17,5.1722965808707075e-17,5.1722965808707075e-17
reference,n03,SSP5,2060,"AESA (PBs-LCIA), 0.9.1, atmospheric aerosol loading, AOD (Global)",AAL,AOD,"electricity production, nuclear, pressure water reactor",230000,172479,0.00013236584925217391,0.00012558799999999999,0.000148696,0.00012558799999999999,0.00012558799999999999,0.00012758600000000001,0.000148696,0.000148696,3.0330494364461058e-06,0,4.0507462750606978e-06,0,0,4.0321875035016411e-06,4.0507462750606978e-06,4.0507462750606978e-06,0.023898304900004382,0,0.032106471187546913,0,0,0.031749143911249646,0.032106471187546913,0.032106471187546913,2.0417422515960123e-16,1.9371961681219961e-16,2.293626263645861e-16,1.9371961681219961e-16,1.9371961681219961e-16,1.9680162400920361e-16,2.293626263645861e-16,2.293626263645861e-16,1.6955972909993807e-16,1.6904105752550034e-16,1.6981917315990452e-16,1.6904105752550034e-16,1.6904105752550034e-16,1.6981917315990452e-16,1.6981917315990452e-16,1.6981917315990452e-16
reference,n03,SSP5,2060,"AESA (PBs-LCIA), 0.9.1, atmospheric aerosol loading, AOD (Global)",AAL,AOD,"electricity production, photovoltaic",230000,230000,0.00013236584925217391,0.00012558799999999999,0.000148696,0.00012558799999999999,0.00012558799999999999,0.00012758600000000001,0.000148696,0.000148696,7.5223952759893109e-06,6.9782682659337447e-06,8.1013581901255068e-06,6.9782682659337447e-06,6.9782682659337447e-06,8.0311114171508704e-06,8.1013581901255068e-06,8.1013581901255068e-06,0.056955347207925604,0.054482690792795413,0.063948079570905425,0.054482690792795413,0.054482690792795413,0.054694623751302997,0.063948079570905425,0.063948079570905425,2.0417422515960123e-16,1.9371961681219961e-16,2.293626263645861e-16,1.9371961681219961e-16,1.9371961681219961e-16,1.9680162400920361e-16,2.293626263645861e-16,2.293626263645861e-16,1.0045903141209048e-16,9.3192543881168256e-17,1.0819048088167334e-16,9.3192543881168256e-17,9.3192543881168256e-17,1.0725287874885953e-16,1.0819048088167334e-16,1.0819048088167334e-16
reference,n03,SSP5,2060,"AESA (PBs-LCIA), 0.9.1, atmospheric aerosol loading, AOD (Global)",AAL,AOD,"electricity production, wind, 1-3MW turbine, offshore",230000,230000,0.00013236584925217391,0.00012558799999999999,0.000148696,0.00012558799999999999,0.00012558799999999999,0.00012758600000000001,0.000148696,0.000148696,1.0344079084393461e-05,1.016592145705861e-05,1.0751236734384314e-05,1.016592145705861e-05,1.016592145705861e-05,1.0293003030724712e-05,1.0751236734384314e-05,1.0751236734384314e-05,0.078404392620864349,0.072303469726047204,0.081958491501773353,0.072303469726047204,0.072303469726047204,0.079678973061767036,0.081958491501773353,0.081958491501773353,2.0417422515960123e-16,1.9371961681219961e-16,2.293626263645861e-16,1.9371961681219961e-16,1.9371961681219961e-16,1.9680162400920361e-16,2.293626263645861e-16,2.293626263645861e-16,1.3023917371153216e-16,1.2799623481486304e-16,1.3536506006596805e-16,1.2799623481486304e-16,1.2799623481486304e-16,1.2959622349428866e-16,1.3536506006596805e-16,1.3536506006596805e-16
reference,n03,SSP5,2060,"AESA (PBs-LCIA), 0.9.1, atmospheric aerosol loading, AOD (Global)",AAL,AOD,"electricity production, wind, 1-3MW turbine, onshore",230000,230000,0.00013236584925217391,0.00012558799999999999,0.000148696,0.00012558799999999999,0.00012558799999999999,0.00012758600000000001,0.000148696,0.000148696,6.9483147684035538e-06,6.7039010790503117e-06,7.4600696945796479e-06,6.7039010790503117e-06,6.7039010790503117e-06,6.9250764362532345e-06,7.4600696945796479e-06,7.4600696945796479e-06,0.052599764506253123,0.050169941992922795,0.055141227157477109,0.050169941992922795,0.050169941992922795,0.052544174745272294,0.055141227157477109,0.055141227157477109,2.0417422515960123e-16,1.9371961681219961e-16,2.293626263645861e-16,1.9371961681219961e-16,1.9371961681219961e-16,1.9680162400920361e-16,2.293626263645861e-16,2.293626263645861e-16,9.1722112869408984e-17,8.8495834221238406e-17,9.8477230440179571e-17,8.8495834221238406e-17,8.8495834221238406e-17,9.1415450232115279e-17,9.8477230440179571e-17,9.8477230440179571e-17
reference,n03,SSP5,2060,"AESA (PBs-LCIA), 0.9.1, atmospheric aerosol loading, AOD (Global)",AAL,AOD,"heat and power co-generation, wood chips, 6667 kW",230000,230000,0.00013236584925217391,0.00012558799999999999,0.000148696,0.00012558799999999999,0.00012558799999999999,0.00012758600000000001,0.000148696,0.000148696,4.4295601813504157e-05,4.343549997982451e-05,4.6610415232210157e-05,4.343549997982451e-05,4.343549997982451e-05,4.3699791160576115e-05,4.6610415232210157e-05,4.6610415232210157e-05,0.33557397003477446,0.31346112358241079,0.34796151830251393,0.31346112358241079,0.31346112358241079,0.34044095731369045,0.34796151830251393,0.34796151830251393,2.0417422515960123e-16,1.9371961681219961e-16,2.293626263645861e-16,1.9371961681219961e-16,1.9371961681219961e-16,1.9680162400920361e-16,2.293626263645861e-16,2.293626263645861e-16,5.1730682362800978e-15,5.0726287289437854e-15,5.4433835301090339e-15,5.0726287289437854e-15,5.0726287289437854e-15,5.1034917202934106e-15,5.4433835301090339e-15,5.4433835301090339e-15
reference,n03,SSP5,2060,"AESA (PBs-LCIA), 0.9.1, atmospheric aerosol loading, AOD (Global)",AAL,AOD,transmission network construction,230000,230000,0.00013236584925217391,0.00012558799999999999,0.000148696,0.00012558799999999999,0.00012558799999999999,0.00012758600000000001,0.000148696,0.000148696,2.3747661246773232e-06,0,3.3528367734450809e-06,0,0,3.073653289307917e-06,3.3528367734450809e-06,3.3528367734450809e-06,0.018717597689874878,0,0.026697110977522382,0,0,0.024090835117551432,0.026697110977522382,0.026697110977522382,2.0417422515960123e-16,1.9371961681219961e-16,2.293626263645861e-16,1.9371961681219961e-16,1.9371961681219961e-16,1.9680162400920361e-16,2.293626263645861e-16,2.293626263645861e-16,,,,,,,,
reference,n03,SSP5,2060,"AESA (PBs-LCIA), 0.9.1, biogeochemical flows, nitrogen, inverse modelling, surface water",N,Tg N yr-1,EU electricity market imports,230000,230000,0.041263757294956523,0.032941173999999997,0.064947353999999999,0.032941173999999997,0.032941173999999997,0.033577572,0.064947353999999999,0.064947353999999999,0.0081814541611780426,0.00024063580970820885,0.030741385629884179,0.00024063580970820885,0.00024063580970820885,0.00086649116703377055,0.030741385629884179,0.030741385629884179,0.13310115742400239,0.0073050161997325561,0.47332776066418625,0.0073050161997325561,0.0073050161997325561,0.025805652863577229,0.47332776066418625,0.47332776066418625,6.364917078780114e-14,5.0811620617958638e-14,1.001810182384102e-13,5.0811620617958638e-14,5.0811620617958638e-14,5.1793262946720762e-14,1.001810182384102e-13,1.001810182384102e-13,1.5483696365712446e-13,4.5541192192905207e-15,5.8179178345692616e-13,4.5541192192905207e-15,4.5541192192905207e-15,1.6398657238676156e-14,5.8179178345692616e-13,5.8179178345692616e-13
reference,n03,SSP5,2060,"AESA (PBs-LCIA), 0.9.1, biogeochemical flows, nitrogen, inverse modelling, surface water",N,Tg N yr-1,Other life cycle contributions,230000,230000,0.041263757294956523,0.032941173999999997,0.064947353999999999,0.032941173999999997,0.032941173999999997,0.033577572,0.064947353999999999,0.064947353999999999,0.0011022116305723665,0,0.0044072369227176906,0,0,0,0.0044072369227176906,0.0044072369227176906,0.016970847350799949,0,0.067858606260043947,0,0,0,0.067858606260043947,0.067858606260043947,6.364917078780114e-14,5.0811620617958638e-14,1.001810182384102e-13,5.0811620617958638e-14,5.0811620617958638e-14,5.1793262946720762e-14,1.001810182384102e-13,1.001810182384102e-13,,,,,,,,
reference,n03,SSP5,2060,"AESA (PBs-LCIA), 0.9.1, biogeochemical flows, nitrogen, inverse modelling, surface water",N,Tg N yr-1,Transmission corona,230000,230000,0.041263757294956523,0.032941173999999997,0.064947353999999999,0.032941173999999997,0.032941173999999997,0.033577572,0.064947353999999999,0.064947353999999999,-2.9011569209294322e-18,-1.19623988016992e-17,1.2312001572233695e-17,-1.19623988016992e-17,-1.19623988016992e-17,0,1.2312001572233695e-17,1.2312001572233695e-17,-8.4630390393489216e-17,-3.5626157846371977e-16,3.7375721861745716e-16,-3.5626157846371977e-16,-3.5626157846371977e-16,0,3.7375721861745716e-16,3.7375721861745716e-16,6.364917078780114e-14,5.0811620617958638e-14,1.001810182384102e-13,5.0811620617958638e-14,5.0811620617958638e-14,5.1793262946720762e-14,1.001810182384102e-13,1.001810182384102e-13,,,,,,,,
reference,n03,SSP5,2060,"AESA (PBs-LCIA), 0.9.1, biogeochemical flows, nitrogen, inverse modelling, surface water",N,Tg N yr-1,"electricity production, Evolutionary Power Reactor (EPR)",230000,230000,0.041263757294956523,0.032941173999999997,0.064947353999999999,0.032941173999999997,0.032941173999999997,0.033577572,0.064947353999999999,0.064947353999999999,0.023598700767548577,0.023494729997572277,0.02389128485523476,0.023494729997572277,0.023494729997572277,0.023504324197163001,0.02389128485523476,0.02389128485523476,0.62024282035813794,0.36785616940198612,0.71323292841877095,0.36785616940198612,0.36785616940198612,0.70000070872197073,0.71323292841877095,0.71323292841877095,6.364917078780114e-14,5.0811620617958638e-14,1.001810182384102e-13,5.0811620617958638e-14,5.0811620617958638e-14,5.1793262946720762e-14,1.001810182384102e-13,1.001810182384102e-13,9.8355853659025778e-14,9.7922517676079944e-14,9.957530022030423e-14,9.7922517676079944e-14,9.7922517676079944e-14,9.7962506989389647e-14,9.957530022030423e-14,9.957530022030423e-14
reference,n03,SSP5,2060,"AESA (PBs-LCIA), 0.9.1, biogeochemical flows, nitrogen, inverse modelling, surface water",N,Tg N yr-1,"electricity production, Small Modular Reactor (SMR)",230000,230000,0.041263757294956523,0.032941173999999997,0.064947353999999999,0.032941173999999997,0.032941173999999997,0.033577572,0.064947353999999999,0.064947353999999999,0.0058284515079386218,0.0057999539198439216,0.0059074465921633871,0.0057999539198439216,0.0057999539198439216,0.0058031839733995727,0.0059074465921633871,0.0059074465921633871,0.15316411432316174,0.090957463673783961,0.17607004291480086,0.090957463673783961,0.090957463673783961,0.17282917220457669,0.17607004291480086,0.17607004291480086,6.364917078780114e-14,5.0811620617958638e-14,1.001810182384102e-13,5.0811620617958638e-14,5.0811620617958638e-14,5.1793262946720762e-14,1.001810182384102e-13,1.001810182384102e-13,1.5882415324857416e-13,1.5804759738446676e-13,1.6097675348280437e-13,1.5804759738446676e-13,1.5804759738446676e-13,1.5813561913633441e-13,1.6097675348280437e-13,1.6097675348280437e-13
reference,n03,SSP5,2060,"AESA (PBs-LCIA), 0.9.1, biogeochemical flows, nitrogen, inverse modelling, surface water",N,Tg N yr-1,"electricity production, hydro, reservoir, alpine region",230000,230000,0.041263757294956523,0.032941173999999997,0.064947353999999999,0.032941173999999997,0.032941173999999997,0.033577572,0.064947353999999999,0.064947353999999999,1.2829324937248553e-06,0,1.8000769258781849e-06,0,0,1.5322754592933596e-06,1.8000769258781849e-06,1.8000769258781849e-06,3.8428455941477334e-05,0,5.3609502374924099e-05,0,0,4.6515508502925847e-05,5.3609502374924099e-05,5.3609502374924099e-05,6.364917078780114e-14,5.0811620617958638e-14,1.001810182384102e-13,5.0811620617958638e-14,5.0811620617958638e-14,5.1793262946720762e-14,1.001810182384102e-13,1.001810182384102e-13,1.4636220158624276e-16,0,2.0536016110899909e-16,0,0,1.7480826726484911e-16,2.0536016110899909e-16,2.0536016110899909e-16
reference,n03,SSP5,2060,"AESA (PBs-LCIA), 0.9.1, biogeochemical flows, nitrogen, inverse modelling, surface water",N,Tg N yr-1,"electricity production, hydro, run-of-river",230000,172479,0.041263757294956523,0.032941173999999997,0.064947353999999999,0.032941173999999997,0.032941173999999997,0.033577572,0.064947353999999999,0.064947353999999999,5.7045141593481191e-06,0,7.8474525047932856e-06,0,0,7.1261305565039098e-06,7.8474525047932856e-06,7.8474525047932856e-06,0.00017091579399989291,0,0.00023371113625467874,0,0,0.00021632897954711359,0.00023371113625467874,0.00023371113625467874,6.364917078780114e-14,5.0811620617958638e-14,1.001810182384102e-13,5.0811620617958638e-14,5.0811620617958638e-14,5.1793262946720762e-14,1.001810182384102e-13,1.001810182384102e-13,1.6530123488365696e-16,1.5485298925376492e-16,1.7052753877101423e-16,1.5485298925376492e-16,1.5485298925376492e-16,1.7052753877101423e-16,1.7052753877101423e-16,1.7052753877101423e-16
reference,n03,SSP5,2060,"AESA (PBs-LCIA), 0.9.1, biogeochemical flows, nitrogen, inverse modelling, surface water",N,Tg N yr-1,"electricity production, nuclear, pressure water reactor",230000,172479,0.041263757294956523,0.032941173999999997,0.064947353999999999,0.032941173999999997,0.032941173999999997,0.033577572,0.064947353999999999,0.064947353999999999,0.002190525704698027,0,0.0029214850947526338,0,0,0.0029201998076272581,0.0029214850947526338,0.0029214850947526338,0.065657871647795629,0,0.088648929380211475,0,0,0.087007038351451793,0.088648929380211475,0.088648929380211475,6.364917078780114e-14,5.0811620617958638e-14,1.001810182384102e-13,5.0811620617958638e-14,5.0811620617958638e-14,5.1793262946720762e-14,1.001810182384102e-13,1.001810182384102e-13,1.2245879141377202e-13,1.2242287277411707e-13,1.2247675823161945e-13,1.2242287277411707e-13,1.2242287277411707e-13,1.2247675823161945e-13,1.2247675823161945e-13,1.2247675823161945e-13
reference,n03,SSP5,2060,"AESA (PBs-LCIA), 0.9.1, biogeochemical flows, nitrogen, inverse modelling, surface water",N,Tg N yr-1,"electricity production, photovoltaic",230000,230000,0.041263757294956523,0.032941173999999997,0.064947353999999999,0.032941173999999997,0.032941173999999997,0.033577572,0.064947353999999999,0.064947353999999999,0.000138684105820853,0,0.000185567270768859,0,0,0.00018461821487474888,0.000185567270768859,0.000185567270768859,0.0041569563199943885,0,0.0056332925708373061,0,0,0.0054982598168428877,0.0056332925708373061,0.0056332925708373061,6.364917078780114e-14,5.0811620617958638e-14,1.001810182384102e-13,5.0811620617958638e-14,5.0811620617958638e-14,5.1793262946720762e-14,1.001810182384102e-13,1.001810182384102e-13,1.852074791090063e-15,0,2.4781820327994323e-15,0,0,2.4655077970466378e-15,2.4781820327994323e-15,2.4781820327994323e-15
reference,n03,SSP5,2060,"AESA (PBs-LCIA), 0.9.1, biogeochemical flows, nitrogen, inverse modelling, surface water",N,Tg N yr-1,"electricity production, wind, 1-3MW turbine, offshore",230000,230000,0.041263757294956523,0.032941173999999997,0.064947353999999999,0.032941173999999997,0.032941173999999997,0.033577572,0.064947353999999999,0.064947353999999999,6.2967242083900122e-05,0,8.4311840095487207e-05,0,0,8.3793825060847648e-05,8.4311840095487207e-05,8.4311840095487207e-05,0.0018874061443121049,0,0.0025594667662872978,0,0,0.0024955296071094016,0.0025594667662872978,0.0025594667662872978,6.364917078780114e-14,5.0811620617958638e-14,1.001810182384102e-13,5.0811620617958638e-14,5.0811620617958638e-14,5.1793262946720762e-14,1.001810182384102e-13,1.001810182384102e-13,7.9279963302534256e-16,0,1.06154236251223e-15,0,0,1.0550202302349566e-15,1.06154236251223e-15,1.06154236251223e-15
reference,n03,SSP5,2060,"AESA (PBs-LCIA), 0.9.1, biogeochemical flows, nitrogen, inverse modelling, surface water",N,Tg N yr-1,"electricity production, wind, 1-3MW turbine, onshore",230000,230000,0.041263757294956523,0.032941173999999997,0.064947353999999999,0.032941173999999997,0.032941173999999997,0.033577572,0.064947353999999999,0.064947353999999999,6.1959500484389793e-05,0,8.3353825024790076e-05,0,0,8.225702346750456e-05,8.3353825024790076e-05,8.3353825024790076e-05,0.0018572559788604815,0,0.0025303841637456543,0,0,0.0024497609138476291,0.0025303841637456543,0.0025303841637456543,6.364917078780114e-14,5.0811620617958638e-14,1.001810182384102e-13,5.0811620617958638e-14,5.0811620617958638e-14,5.1793262946720762e-14,1.001810182384102e-13,1.001810182384102e-13,8.1790236136517183e-16,0,1.1003201898326846e-15,0,0,1.085841778871894e-15,1.1003201898326846e-15,1.1003201898326846e-15
reference,n03,SSP5,2060,"AESA (PBs-LCIA), 0.9.1, biogeochemical flows, nitrogen, inverse modelling, surface water",N,Tg N yr-1,"heat and power co-generation, wood chips, 6667 kW",230000,230000,0.041263757294956523,0.032941173999999997,0.064947353999999999,0.032941173999999997,0.032941173999999997,0.033577572,0.064947353999999999,0.064947353999999999,4.1446970357173014e-05,0,5.6036734761067016e-05,0,0,5.488550580825946e-05,5.6036734761067016e-05,5.6036734761067016e-05,0.0012424263228837805,0,0.0017011152899731813,0,0,0.0016345882843541951,0.0017011152899731813,0.0017011152899731813,6.364917078780114e-14,5.0811620617958638e-14,1.001810182384102e-13,5.0811620617958638e-14,5.0811620617958638e-14,5.1793262946720762e-14,1.001810182384102e-13,1.001810182384102e-13,4.8403789822149086e-15,0,6.5442426053397028e-15,0,0,6.4097966245015921e-15,6.5442426053397028e-15,6.5442426053397028e-15
reference,n03,SSP5,2060,"AESA (PBs-LCIA), 0.9.1, biogeochemical flows, nitrogen, inverse modelling, surface water",N,Tg N yr-1,transmission network construction,230000,230000,0.041263757294956523,0.032941173999999997,0.064947353999999999,0.032941173999999997,0.032941173999999997,0.033577572,0.064947353999999999,0.064947353999999999,5.0368257621501622e-05,0,6.7726388582320734e-05,0,0,6.6885469008999668e-05,6.7726388582320734e-05,6.7726388582320734e-05,0.0015097998801104227,0,0.0020559798075903656,0,0,0.0019919685976401051,0.0020559798075903656,0.0020559798075903656,6.364917078780114e-14,5.0811620617958638e-14,1.001810182384102e-13,5.0811620617958638e-14,5.0811620617958638e-14,5.1793262946720762e-14,1.001810182384102e-13,1.001810182384102e-13,,,,,,,,
reference,n03,SSP5,2060,"AESA (PBs-LCIA), 0.9.1, biogeochemical flows, phosphorus",P GLO,Tg P yr-1,EU electricity market imports,230000,230000,0.0001403249190347826,0.00012816100000000001,0.000149653,0.00012816100000000001,0.00012816100000000001,0.000133843,0.000149653,0.000149653,1.9757041529283014e-05,1.285073407127228e-05,2.5694925049850418e-05,1.285073407127228e-05,1.285073407127228e-05,1.4793573704368731e-05,2.5694925049850418e-05,2.5694925049850418e-05,0.13870102199010773,0.096013493953903309,0.17169669201319332,0.096013493953903309,0.096013493953903309,0.11542960576438019,0.17169669201319332,0.17169669201319332,2.1645067809745524e-16,1.9768804084468701e-16,2.3083915273373621e-16,1.9768804084468701e-16,1.9768804084468701e-16,2.0645229051435101e-16,2.3083915273373621e-16,2.3083915273373621e-16,3.7390925026178318e-16,2.4320480162056589e-16,4.8628577420882983e-16,2.4320480162056589e-16,2.4320480162056589e-16,2.7997404709625759e-16,4.8628577420882983e-16,4.8628577420882983e-16
reference,n03,SSP5,2060,"AESA (PBs-LCIA), 0.9.1, biogeochemical flows, phosphorus",P GLO,Tg P yr-1,Other life cycle contributions,230000,230000,0.0001403249190347826,0.00012816100000000001,0.000149653,0.00012816100000000001,0.00012816100000000001,0.000133843,0.000149653,0.000149653,1.5067545038073685e-06,1.5981826520676898e-20,6.0248176470452558e-06,1.5981826520676898e-20,1.5981826520676898e-20,3.1963652951350798e-20,6.0248176470452558e-06,6.0248176470452558e-06,0.011756731796781907,1.194072646360056e-16,0.04700975840579627,1.194072646360056e-16,1.194072646360056e-16,2.1358511323762836e-16,0.04700975840579627,0.04700975840579627,2.1645067809745524e-16,1.9768804084468701e-16,2.3083915273373621e-16,1.9768804084468701e-16,1.9768804084468701e-16,2.0645229051435101e-16,2.3083915273373621e-16,2.3083915273373621e-16,,,,,,,,
reference,n03,SSP5,2060,"AESA (PBs-LCIA), 0.9.1, biogeochemical flows, phosphorus",P GLO,Tg P yr-1,Transmission corona,230000,230000,0.0001403249190347826,0.00012816100000000001,0.000149653,0.00012816100000000001,0.00012816100000000001,0.000133843,0.000149653,0.000149653,-1.8821383949853097e-20,-3.7831979966914842e-20,0,-3.7831979966914842e-20,-3.7831979966914842e-20,-1.8728702901182107e-20,0,0,-1.3323334670180809e-16,-2.8265938425554452e-16,0,-2.8265938425554452e-16,-2.8265938425554452e-16,-1.2514752728767286e-16,0,0,2.1645067809745524e-16,1.9768804084468701e-16,2.3083915273373621e-16,1.9768804084468701e-16,1.9768804084468701e-16,2.0645229051435101e-16,2.3083915273373621e-16,2.3083915273373621e-16,,,,,,,,
reference,n03,SSP5,2060,"AESA (PBs-LCIA), 0.9.1, biogeochemical flows, phosphorus",P GLO,Tg P yr-1,"electricity production, Evolutionary Power Reactor (EPR)",230000,230000,0.0001403249190347826,0.00012816100000000001,0.000149653,0.00012816100000000001,0.00012816100000000001,0.000133843,0.000149653,0.000149653,8.5500782476177387e-06,7.1041860019703271e-06,9.3239905002518498e-06,7.1041860019703271e-06,7.1041860019703271e-06,8.4490936395831937e-06,9.3239905002518498e-06,9.3239905002518498e-06,0.060791095629913451,0.055431730416978069,0.063126899722683996,0.055431730416978069,0.055431730416978069,0.062304066742743885,0.063126899722683996,0.063126899722683996,2.1645067809745524e-16,1.9768804084468701e-16,2.3083915273373621e-16,1.9768804084468701e-16,1.9768804084468701e-16,2.0645229051435101e-16,2.3083915273373621e-16,2.3083915273373621e-16,3.5635459971978554e-17,2.9609220383954997e-17,3.8861003001901944e-17,2.9609220383954997e-17,2.9609220383954997e-17,3.5214563159173794e-17,3.8861003001901944e-17,3.8861003001901944e-17
reference,n03,SSP5,2060,"AESA (PBs-LCIA), 0.9.1, biogeochemical flows, phosphorus",P GLO,Tg P yr-1,"electricity production, Small Modular Reactor (SMR)",230000,230000,0.0001403249190347826,0.00012816100000000001,0.000149653,0.00012816100000000001,0.00012816100000000001,0.000133843,0.000149653,0.000149653,1.4494500566572234e-06,0,2.0012930288176014e-06,0,0,1.7959772124015668e-06,2.0012930288176014e-06,2.0012930288176014e-06,0.010039859705548958,0,0.013418536736337102,0,0,0.013372889476439507,0.013418536736337102,0.013418536736337102,2.1645067809745524e-16,1.9768804084468701e-16,2.3083915273373621e-16,1.9768804084468701e-16,1.9768804084468701e-16,2.0645229051435101e-16,2.3083915273373621e-16,2.3083915273373621e-16,3.9497233802480179e-17,0,5.4534848146294984e-17,0,0,4.8940031702705802e-17,5.4534848146294984e-17,5.4534848146294984e-17
reference,n03,SSP5,2060,"AESA (PBs-LCIA), 0.9.1, biogeochemical flows, phosphorus",P GLO,Tg P yr-1,"electricity production, hydro, reservoir, alpine region",230000,230000,0.0001403249190347826,0.00012816100000000001,0.000149653,0.00012816100000000001,0.00012816100000000001,0.000133843,0.000149653,0.000149653,3.3482751190927739e-07,0,4.5603052762424189e-07,0,0,4.2742002083456009e-07,4.5603052762424189e-07,4.5603052762424189e-07,0.0023217147124691695,0,0.0031934432195524615,0,0,0.0030472528290394572,0.0031934432195524615,0.0031934432195524615,2.1645067809745524e-16,1.9768804084468701e-16,2.3083915273373621e-16,1.9768804084468701e-16,1.9768804084468701e-16,2.0645229051435101e-16,2.3083915273373621e-16,2.3083915273373621e-16,3.8198501643215399e-17,0,5.2025840932650023e-17,0,0,4.8761836337143189e-17,5.2025840932650023e-17,5.2025840932650023e-17
reference,n03,SSP5,2060,"AESA (PBs-LCIA), 0.9.1, biogeochemical flows, phosphorus",P GLO,Tg P yr-1,"electricity production, hydro, run-of-river",230000,172479,0.0001403249190347826,0.00012816100000000001,0.000149653,0.00012816100000000001,0.00012816100000000001,0.000133843,0.000149653,0.000149653,2.347798444578632e-06,0,3.1832422376914327e-06,0,0,3.0258965063851102e-06,3.1832422376914327e-06,3.1832422376914327e-06,0.01628547227274597,0,0.022607805461511699,0,0,0.021270821418156886,0.022607805461511699,0.022607805461511699,2.1645067809745524e-16,1.9768804084468701e-16,2.3083915273373621e-16,1.9768804084468701e-16,1.9768804084468701e-16,2.0645229051435101e-16,2.3083915273373621e-16,2.3083915273373621e-16,6.803279442192371e-17,6.5753663970477319e-17,6.9172835416376445e-17,6.5753663970477319e-17,6.5753663970477319e-17,6.9172835416376445e-17,6.9172835416376445e-17,6.9172835416376445e-17
reference,n03,SSP5,2060,"AESA (PBs-LCIA), 0.9.1, biogeochemical flows, phosphorus",P GLO,Tg P yr-1,"electricity production, nuclear, pressure water reactor",230000,172479,0.0001403249190347826,0.00012816100000000001,0.000149653,0.00012816100000000001,0.00012816100000000001,0.000133843,0.000149653,0.000149653,8.5921144305496553e-07,0,1.1819752289410019e-06,0,0,1.0733439953971564e-06,1.1819752289410019e-06,1.1819752289410019e-06,0.0059531929490999492,0,0.0080194257106995237,0,0,0.0078981058110495737,0.0080194257106995237,0.0080194257106995237,2.1645067809745524e-16,1.9768804084468701e-16,2.3083915273373621e-16,1.9768804084468701e-16,1.9768804084468701e-16,2.0645229051435101e-16,2.3083915273373621e-16,2.3083915273373621e-16,4.803322332441083e-17,4.4997563534707631e-17,4.9551686913573576e-17,4.4997563534707631e-17,4.4997563534707631e-17,4.9551686913573576e-17,4.9551686913573576e-17,4.9551686913573576e-17
reference,n03,SSP5,2060,"AESA (PBs-LCIA), 0.9.1, biogeochemical flows, phosphorus",P GLO,Tg P yr-1,"electricity production, photovoltaic",230000,230000,0.0001403249190347826,0.00012816100000000001,0.000149653,0.00012816100000000001,0.00012816100000000001,0.000133843,0.000149653,0.000149653,3.9106406111789103e-05,3.8145666128603457e-05,3.9664536692311935e-05,3.8145666128603457e-05,3.8145666128603457e-05,3.8951551249595559e-05,3.9664536692311935e-05,3.9664536692311935e-05,0.27969139123185904,0.26504337829720709,0.29763864302403581,0.26504337829720709,0.26504337829720709,0.29102419438891508,0.29763864302403581,0.29763864302403581,2.1645067809745524e-16,1.9768804084468701e-16,2.3083915273373621e-16,1.9768804084468701e-16,1.9768804084468701e-16,2.0645229051435101e-16,2.3083915273373621e-16,2.3083915273373621e-16,5.2225176145311643e-16,5.0942184344428106e-16,5.2970525318770029e-16,5.0942184344428106e-16,5.0942184344428106e-16,5.2018359419340249e-16,5.2970525318770029e-16,5.2970525318770029e-16
reference,n03,SSP5,2060,"AESA (PBs-LCIA), 0.9.1, biogeochemical flows, phosphorus",P GLO,Tg P yr-1,"electricity production, wind, 1-3MW turbine, offshore",230000,230000,0.0001403249190347826,0.00012816100000000001,0.000149653,0.00012816100000000001,0.00012816100000000001,0.000133843,0.000149653,0.000149653,2.1615033576741477e-05,1.7044635496325239e-05,2.3408367155706097e-05,1.7044635496325239e-05,1.7044635496325239e-05,2.2601214981566104e-05,2.3408367155706097e-05,2.3408367155706097e-05,0.15367155303562471,0.13299393338320736,0.16886363113174468,0.13299393338320736,0.13299393338320736,0.15641762714884497,0.16886363113174468,0.16886363113174468,2.1645067809745524e-16,1.9768804084468701e-16,2.3083915273373621e-16,1.9768804084468701e-16,1.9768804084468701e-16,2.0645229051435101e-16,2.3083915273373621e-16,2.3083915273373621e-16,2.7214780684805349e-16,2.1460360673655658e-16,2.9472702035104715e-16,2.1460360673655658e-16,2.1460360673655658e-16,2.8456443308349899e-16,2.9472702035104715e-16,2.9472702035104715e-16
reference,n03,SSP5,2060,"AESA (PBs-LCIA), 0.9.1, biogeochemical flows, phosphorus",P GLO,Tg P yr-1,"electricity production, wind, 1-3MW turbine, onshore",230000,230000,0.0001403249190347826,0.00012816100000000001,0.000149653,0.00012816100000000001,0.00012816100000000001,0.000133843,0.000149653,0.000149653,2.5114195916156227e-05,1.9346946064745269e-05,2.7353537166008537e-05,1.9346946064745269e-05,1.9346946064745269e-05,2.6405835750051605e-05,2.7353537166008537e-05,2.7353537166008537e-05,0.17844947668961775,0.15095813909649011,0.19728962852036794,0.15095813909649011,0.15095813909649011,0.18277974491663071,0.19728962852036794,0.19728962852036794,2.1645067809745524e-16,1.9768804084468701e-16,2.3083915273373621e-16,1.9768804084468701e-16,1.9768804084468701e-16,2.0645229051435101e-16,2.3083915273373621e-16,2.3083915273373621e-16,3.3152248249237917e-16,2.5539153898145062e-16,3.6108305875386471e-16,2.5539153898145062e-16,2.5539153898145062e-16,3.4857283198392182e-16,3.6108305875386471e-16,3.6108305875386471e-16
reference,n03,SSP5,2060,"AESA (PBs-LCIA), 0.9.1, biogeochemical flows, phosphorus",P GLO,Tg P yr-1,"heat and power co-generation, wood chips, 6667 kW",230000,230000,0.0001403249190347826,0.00012816100000000001,0.000149653,0.00012816100000000001,0.00012816100000000001,0.000133843,0.000149653,0.000149653,1.8618907969666592e-05,1.5889777509249122e-05,2.5701174956941702e-05,1.5889777509249122e-05,1.5889777509249122e-05,1.6991146222099167e-05,2.5701174956941702e-05,2.5701174956941702e-05,0.13496979693172376,0.10617747395140172,0.20053818990911199,0.10617747395140172,0.10617747395140172,0.12694833664890331,0.20053818990911199,0.20053818990911199,2.1645067809745524e-16,1.9768804084468701e-16,2.3083915273373621e-16,1.9768804084468701e-16,1.9768804084468701e-16,2.0645229051435101e-16,2.3083915273373621e-16,2.3083915273373621e-16,2.1744078442324823e-15,1.8556858516012618e-15,3.0015120004077217e-15,1.8556858516012618e-15,1.8556858516012618e-15,1.9843090653536194e-15,3.0015120004077217e-15,3.0015120004077217e-15
reference,n03,SSP5,2060,"AESA (PBs-LCIA), 0.9.1, biogeochemical flows, phosphorus",P GLO,Tg P yr-1,transmission network construction,230000,230000,0.0001403249190347826,0.00012816100000000001,0.000149653,0.00012816100000000001,0.00012816100000000001,0.000133843,0.000149653,0.000149653,1.0652137235210046e-06,0,1.4953249035477511e-06,0,0,1.2707863508137181e-06,1.4953249035477511e-06,1.4953249035477511e-06,0.007368693054507703,0,0.0099919473952927856,0,0,0.0094946045053810671,0.0099919473952927856,0.0099919473952927856,2.1645067809745524e-16,1.9768804084468701e-16,2.3083915273373621e-16,1.9768804084468701e-16,1.9768804084468701e-16,2.0645229051435101e-16,2.3083915273373621e-16,2.3083915273373621e-16,,,,,,,,
reference,n03,SSP5,2060,"AESA (PBs-LCIA), 0.9.1, change in biosphere integrity, functional diversity, total",BI FD,%BII loss,EU electricity market imports,230000,230000,0.0076039643732913054,0.0046409160000000001,0.013946148,0.0046409160000000001,0.0046409160000000001,0.0071840810000000001,0.013946148,0.013946148,0.0027143346002791542,0.00047621460393291857,0.0074546449178164616,0.00047621460393291857,0.00047621460393291857,0.0024474070968425322,0.0074546449178164616,0.0074546449178164616,0.27015525518300826,0.10261220068040847,0.53453074768864217,0.10261220068040847,0.10261220068040847,0.34067086616124348,0.53453074768864217,0.53453074768864217,1.1729082721693786e-14,7.1585926696162039e-15,2.1511874835654451e-14,7.1585926696162039e-15,7.1585926696162039e-15,1.1081414636702361e-14,2.1511874835654451e-14,2.1511874835654451e-14,5.1369759767712528e-14,9.0125319760161934e-15,1.4108184151191676e-13,9.0125319760161934e-15,9.0125319760161934e-15,4.6318060472001544e-14,1.4108184151191676e-13,1.4108184151191676e-13
reference,n03,SSP5,2060,"AESA (PBs-LCIA), 0.9.1, change in biosphere integrity, functional diversity, total",BI FD,%BII loss,Other life cycle contributions,230000,230000,0.0076039643732913054,0.0046409160000000001,0.013946148,0.0046409160000000001,0.0046409160000000001,0.0071840810000000001,0.013946148,0.013946148,0.00040352784585475884,-1.0228370341943177e-18,0.0016135220970879259,-1.0228370341943177e-18,-1.0228370341943177e-18,0,0.0016135220970879259,0.0016135220970879259,0.028934717016824901,-1.4237548744151379e-16,0.11569661365187905,-1.4237548744151379e-16,-1.4237548744151379e-16,0,0.11569661365187905,0.11569661365187905,1.1729082721693786e-14,7.1585926696162039e-15,2.1511874835654451e-14,7.1585926696162039e-15,7.1585926696162039e-15,1.1081414636702361e-14,2.1511874835654451e-14,2.1511874835654451e-14,,,,,,,,
reference,n03,SSP5,2060,"AESA (PBs-LCIA), 0.9.1, change in biosphere integrity, functional diversity, total",BI FD,%BII loss,Transmission corona,230000,230000,0.0076039643732913054,0.0046409160000000001,0.013946148,0.0046409160000000001,0.0046409160000000001,0.0071840810000000001,0.013946148,0.013946148,0.0001551271124495079,0,0.00020686133963063844,0,0,0.00020686131989866477,0.00020686133963063844,0.00020686133963063844,0.029480606374342008,0,0.044573385864048916,0,0,0.028794402498895092,0.044573385864048916,0.044573385864048916,1.1729082721693786e-14,7.1585926696162039e-15,2.1511874835654451e-14,7.1585926696162039e-15,7.1585926696162039e-15,1.1081414636702361e-14,2.1511874835654451e-14,2.1511874835654451e-14,,,,,,,,
reference,n03,SSP5,2060,"AESA (PBs-LCIA), 0.9.1, change in biosphere integrity, functional diversity, total",BI FD,%BII loss,"electricity production, Evolutionary Power Reactor (EPR)",230000,230000,0.0076039643732913054,0.0046409160000000001,0.013946148,0.0046409160000000001,0.0046409160000000001,0.0071840810000000001,0.013946148,0.013946148,0.0001647748661551393,0,0.00024383768818958415,0,0,0.00020766597899962811,0.00024383768818958415,0.00024383768818958415,0.030854221516106211,0,0.04474676529366791,0,0,0.033941389050260451,0.04474676529366791,0.04474676529366791,1.1729082721693786e-14,7.1585926696162039e-15,2.1511874835654451e-14,7.1585926696162039e-15,7.1585926696162039e-15,1.1081414636702361e-14,2.1511874835654451e-14,2.1511874835654451e-14,6.8675695330623704e-16,0,1.0162790103414237e-15,0,0,8.6552065455953359e-16,1.0162790103414237e-15,1.0162790103414237e-15
reference,n03,SSP5,2060,"AESA (PBs-LCIA), 0.9.1, change in biosphere integrity, functional diversity, total",BI FD,%BII loss,"electricity production, Small Modular Reactor (SMR)",230000,230000,0.0076039643732913054,0.0046409160000000001,0.013946148,0.0046409160000000001,0.0046409160000000001,0.0071840810000000001,0.013946148,0.013946148,4.0525441470346339e-05,0,6.2725874605585485e-05,0,0,4.9696000830538776e-05,6.2725874605585485e-05,6.2725874605585485e-05,0.0075358683428705438,0,0.01070823105407182,0,0,0.0087312315389519533,0.01070823105407182,0.01070823105407182,1.1729082721693786e-14,7.1585926696162039e-15,2.1511874835654451e-14,7.1585926696162039e-15,7.1585926696162039e-15,1.1081414636702361e-14,2.1511874835654451e-14,2.1511874835654451e-14,1.1043102302553542e-15,0,1.7092677233282249e-15,0,0,1.3542061012250898e-15,1.7092677233282249e-15,1.7092677233282249e-15
reference,n03,SSP5,2060,"AESA (PBs-LCIA), 0.9.1, change in biosphere integrity, functional diversity, total",BI FD,%BII loss,"electricity production, hydro, reservoir, alpine region",230000,230000,0.0076039643732913054,0.0046409160000000001,0.013946148,0.0046409160000000001,0.0046409160000000001,0.0071840810000000001,0.013946148,0.013946148,2.6008624132755944e-05,0,3.5930359770827668e-05,0,0,3.405814117137808e-05,3.5930359770827668e-05,3.5930359770827668e-05,0.0049189188452815466,0,0.0073386678775004925,0,0,0.0050013856707389111,0.0073386678775004925,0.0073386678775004925,1.1729082721693786e-14,7.1585926696162039e-15,2.1511874835654451e-14,7.1585926696162039e-15,7.1585926696162039e-15,1.1081414636702361e-14,2.1511874835654451e-14,2.1511874835654451e-14,2.9671703771510754e-15,0,4.0990828759280008e-15,0,0,3.8854921251892142e-15,4.0990828759280008e-15,4.0990828759280008e-15
reference,n03,SSP5,2060,"AESA (PBs-LCIA), 0.9.1, change in biosphere integrity, functional diversity, total",BI FD,%BII loss,"electricity production, hydro, run-of-river",230000,172479,0.0076039643732913054,0.0046409160000000001,0.013946148,0.0046409160000000001,0.0046409160000000001,0.0071840810000000001,0.013946148,0.013946148,0.00015047108640912942,0,0.00020428323957686221,0,0,0.00019883643602047488,0.00020428323957686221,0.00020428323957686221,0.02852652097597878,0,0.042844222136421965,0,0,0.028435542357729847,0.042844222136421965,0.042844222136421965,1.1729082721693786e-14,7.1585926696162039e-15,2.1511874835654451e-14,7.1585926696162039e-15,7.1585926696162039e-15,1.1081414636702361e-14,2.1511874835654451e-14,2.1511874835654451e-14,4.3602407512255269e-15,4.3207760658516628e-15,4.4391371826959616e-15,4.3207760658516628e-15,4.3207760658516628e-15,4.3207760658516628e-15,4.4391371826959616e-15,4.4391371826959616e-15
reference,n03,SSP5,2060,"AESA (PBs-LCIA), 0.9.1, change in biosphere integrity, functional diversity, total",BI FD,%BII loss,"electricity production, nuclear, pressure water reactor",230000,172479,0.0076039643732913054,0.0046409160000000001,0.013946148,0.0046409160000000001,0.0046409160000000001,0.0071840810000000001,0.013946148,0.013946148,2.220325677520885e-05,0,3.3296856274633604e-05,0,0,2.7762722021398032e-05,3.3296856274633604e-05,3.3296856274633604e-05,0.0041491859329631691,0,0.0059821643014866099,0,0,0.0046348108094317981,0.0059821643014866099,0.0059821643014866099,1.1729082721693786e-14,7.1585926696162039e-15,2.1511874835654451e-14,7.1585926696162039e-15,7.1585926696162039e-15,1.1081414636702361e-14,2.1511874835654451e-14,2.1511874835654451e-14,1.2412471824843878e-15,1.1638902039599364e-15,1.3958965733789641e-15,1.1638902039599364e-15,1.1638902039599364e-15,1.1638902039599364e-15,1.3958965733789641e-15,1.3958965733789641e-15
reference,n03,SSP5,2060,"AESA (PBs-LCIA), 0.9.1, change in biosphere integrity, functional diversity, total",BI FD,%BII loss,"electricity production, photovoltaic",230000,230000,0.0076039643732913054,0.0046409160000000001,0.013946148,0.0046409160000000001,0.0046409160000000001,0.0071840810000000001,0.013946148,0.013946148,0.00073520689735350126,0.00065574361034423942,0.00081909449256773522,0.00065574361034423942,0.00065574361034423942,0.00081016204773234392,0.00081909449256773522,0.00081909449256773522,0.11351555322530232,0.058732668875142814,0.14129616014257518,0.058732668875142814,0.058732668875142814,0.11277184203969079,0.14129616014257518,0.14129616014257518,1.1729082721693786e-14,7.1585926696162039e-15,2.1511874835654451e-14,7.1585926696162039e-15,7.1585926696162039e-15,1.1081414636702361e-14,2.1511874835654451e-14,2.1511874835654451e-14,9.8184151464714228e-15,8.7572119459344702e-15,1.0938703438250606e-14,8.7572119459344702e-15,8.7572119459344702e-15,1.0819413757720152e-14,1.0938703438250606e-14,1.0938703438250606e-14
reference,n03,SSP5,2060,"AESA (PBs-LCIA), 0.9.1, change in biosphere integrity, functional diversity, total",BI FD,%BII loss,"electricity production, wind, 1-3MW turbine, offshore",230000,230000,0.0076039643732913054,0.0046409160000000001,0.013946148,0.0046409160000000001,0.0046409160000000001,0.0071840810000000001,0.013946148,0.013946148,0.00018077200021810572,0,0.00027309158294099934,0,0,0.0002250355415048307,0.00027309158294099934,0.00027309158294099934,0.033743254374168044,0,0.048489466627887834,0,0,0.038013433164380987,0.048489466627887834,0.048489466627887834,1.1729082721693786e-14,7.1585926696162039e-15,2.1511874835654451e-14,7.1585926696162039e-15,7.1585926696162039e-15,1.1081414636702361e-14,2.1511874835654451e-14,2.1511874835654451e-14,2.2760401095429034e-15,0,3.4384054637685647e-15,0,0,2.8333475287379447e-15,3.4384054637685647e-15,3.4384054637685647e-15
reference,n03,SSP5,2060,"AESA (PBs-LCIA), 0.9.1, change in biosphere integrity, functional diversity, total",BI FD,%BII loss,"electricity production, wind, 1-3MW turbine, onshore",230000,230000,0.0076039643732913054,0.0046409160000000001,0.013946148,0.0046409160000000001,0.0046409160000000001,0.0071840810000000001,0.013946148,0.013946148,0.00020534289046759071,0,0.00030616671077115382,0,0,0.00025764567659222032,0.00030616671077115382,0.00030616671077115382,0.038406834343900957,0,0.055516125823484058,0,0,0.042617380117394806,0.055516125823484058,0.055516125823484058,1.1729082721693786e-14,7.1585926696162039e-15,2.1511874835654451e-14,7.1585926696162039e-15,7.1585926696162039e-15,1.1081414636702361e-14,2.1511874835654451e-14,2.1511874835654451e-14,2.7106484973748751e-15,0,4.0415832379615139e-15,0,0,3.4010763152500002e-15,4.0415832379615139e-15,4.0415832379615139e-15
reference,n03,SSP5,2060,"AESA (PBs-LCIA), 0.9.1, change in biosphere integrity, functional diversity, total",BI FD,%BII loss,"heat and power co-generation, wood chips, 6667 kW",230000,230000,0.0076039643732913054,0.0046409160000000001,0.013946148,0.0046409160000000001,0.0046409160000000001,0.0071840810000000001,0.013946148,0.013946148,0.0027049800109373166,0.0021787325189405516,0.004058886492527879,0.0021787325189405516,0.0021787325189405516,0.0024028467696585146,0.004058886492527879,0.004058886492527879,0.39108634587473062,0.29103996978433605,0.46946174396187118,0.29103996978433605,0.29103996978433605,0.33446821794722448,0.46946174396187118,0.46946174396187118,1.1729082721693786e-14,7.1585926696162039e-15,2.1511874835654451e-14,7.1585926696162039e-15,7.1585926696162039e-15,1.1081414636702361e-14,2.1511874835654451e-14,2.1511874835654451e-14,3.1590072841750156e-13,2.5444296934984097e-13,4.74016538994879e-13,2.5444296934984097e-13,2.5444296934984097e-13,2.806161472178215e-13,4.74016538994879e-13,4.74016538994879e-13
reference,n03,SSP5,2060,"AESA (PBs-LCIA), 0.9.1, change in biosphere integrity, functional diversity, total",BI FD,%BII loss,transmission network construction,230000,230000,0.0076039643732913054,0.0046409160000000001,0.013946148,0.0046409160000000001,0.0046409160000000001,0.0071840810000000001,0.013946148,0.013946148,0.00010068974078878918,0,0.00015747145373829733,0,0,0.00012266343001118355,0.00015747145373829733,0.00015747145373829733,0.018692717994522545,0,0.026430866236575614,0,0,0.021919498644057234,0.026430866236575614,0.026430866236575614,1.1729082721693786e-14,7.1585926696162039e-15,2.1511874835654451e-14,7.1585926696162039e-15,7.1585926696162039e-15,1.1081414636702361e-14,2.1511874835654451e-14,2.1511874835654451e-14,,,,,,,,
reference,n03,SSP5,2060,"AESA (PBs-LCIA), 0.9.1, climate change, atmospheric CO2 concentration",aCO2,ppm,EU electricity market imports,230000,230000,0.43198431667036946,0.116529199,1.0511954459999999,0.116529199,0.116529199,0.443290921,1.0511954459999999,1.0511954459999999,0.30296966798918334,0.019767769591489695,0.88240899455315192,0.019767769591489695,0.019767769591489695,0.28957685565540603,0.88240899455315192,0.88240899455315192,0.45806832760432964,0.16963790844807655,0.83943380644473609,0.16963790844807655,0.16963790844807655,0.65324337119777376,0.83943380644473609,0.83943380644473609,6.6633397565908637e-13,1.7974579456145379e-13,1.621464516816615e-12,1.7974579456145379e-13,1.7974579456145379e-13,6.8377436451774496e-13,1.621464516816615e-12,1.621464516816615e-12,5.7338099597846675e-12,3.7411214979166402e-13,1.6699907675071296e-11,3.7411214979166402e-13,3.7411214979166402e-13,5.4803461634031156e-12,1.6699907675071296e-11,1.6699907675071296e-11
reference,n03,SSP5,2060,"AESA (PBs-LCIA), 0.9.1, climate change, atmospheric CO2 concentration",aCO2,ppm,Other life cycle contributions,230000,230000,0.43198431667036946,0.116529199,1.0511954459999999,0.116529199,0.116529199,0.443290921,1.0511954459999999,1.0511954459999999,0.042212023798583104,0,0.16878645144684748,0,0,0,0.16878645144684748,0.16878645144684748,0.040156208780401347,0,0.16056619355526347,0,0,0,0.16056619355526347,0.16056619355526347,6.6633397565908637e-13,1.7974579456145379e-13,1.621464516816615e-12,1.7974579456145379e-13,1.7974579456145379e-13,6.8377436451774496e-13,1.621464516816615e-12,1.621464516816615e-12,,,,,,,,
reference,n03,SSP5,2060,"AESA (PBs-LCIA), 0.9.1, climate change, atmospheric CO2 concentration",aCO2,ppm,Transmission corona,230000,230000,0.43198431667036946,0.116529199,1.0511954459999999,0.116529199,0.116529199,0.443290921,1.0511954459999999,1.0511954459999999,-2.8251971227603868e-17,-3.9890645070744529e-17,0,-3.9890645070744529e-17,-3.9890645070744529e-17,-3.3242204151791748e-17,0,0,-1.8986726704233982e-16,-3.4232317232991989e-16,0,-3.4232317232991989e-16,-3.4232317232991989e-16,-7.4989589402828633e-17,0,0,6.6633397565908637e-13,1.7974579456145379e-13,1.621464516816615e-12,1.7974579456145379e-13,1.7974579456145379e-13,6.8377436451774496e-13,1.621464516816615e-12,1.621464516816615e-12,,,,,,,,
reference,n03,SSP5,2060,"AESA (PBs-LCIA), 0.9.1, climate change, atmospheric CO2 concentration",aCO2,ppm,"electricity production, Evolutionary Power Reactor (EPR)",230000,230000,0.43198431667036946,0.116529199,1.0511954459999999,0.116529199,0.116529199,0.443290921,1.0511954459999999,1.0511954459999999,0.012290800092218718,0,0.021838326511971169,0,0,0.013664292440057013,0.021838326511971169,0.021838326511971169,0.070932993974137701,0,0.11726067421142243,0,0,0.049264096053912118,0.11726067421142243,0.11726067421142243,6.6633397565908637e-13,1.7974579456145379e-13,1.621464516816615e-12,1.7974579456145379e-13,1.7974579456145379e-13,6.8377436451774496e-13,1.621464516816615e-12,1.621464516816615e-12,5.1226215390501408e-14,0,9.1018876774288474e-14,0,0,5.6950725888516733e-14,9.1018876774288474e-14,9.1018876774288474e-14
reference,n03,SSP5,2060,"AESA (PBs-LCIA), 0.9.1, climate change, atmospheric CO2 concentration",aCO2,ppm,"electricity production, Small Modular Reactor (SMR)",230000,230000,0.43198431667036946,0.116529199,1.0511954459999999,0.116529199,0.116529199,0.443290921,1.0511954459999999,1.0511954459999999,0.0029407249204307104,0,0.0055388266897121929,0,0,0.0031124149569488118,0.0055388266897121929,0.0055388266897121929,0.016475359406767632,0,0.026709313920100074,0,0,0.012494789374926523,0.026709313920100074,0.026709313920100074,6.6633397565908637e-13,1.7974579456145379e-13,1.621464516816615e-12,1.7974579456145379e-13,1.7974579456145379e-13,6.8377436451774496e-13,1.621464516816615e-12,1.621464516816615e-12,8.0134173236400934e-14,0,1.5093193345547929e-13,0,0,8.4812692730982473e-14,1.5093193345547929e-13,1.5093193345547929e-13
reference,n03,SSP5,2060,"AESA (PBs-LCIA), 0.9.1, climate change, atmospheric CO2 concentration",aCO2,ppm,"electricity production, hydro, reservoir, alpine region",230000,230000,0.43198431667036946,0.116529199,1.0511954459999999,0.116529199,0.116529199,0.443290921,1.0511954459999999,1.0511954459999999,0.00076649919748550952,0,0.0012292339621188847,0,0,0.00091852482816536711,0.0012292339621188847,0.0012292339621188847,0.0046335025871740093,0,0.0078823576927304472,0,0,0.0027729734670538962,0.0078823576927304472,0.0078823576927304472,6.6633397565908637e-13,1.7974579456145379e-13,1.621464516816615e-12,1.7974579456145379e-13,1.7974579456145379e-13,6.8377436451774496e-13,1.621464516816615e-12,1.621464516816615e-12,8.7445372092054687e-14,0,1.402360520419342e-13,0,0,1.0478907944936058e-13,1.402360520419342e-13,1.402360520419342e-13
reference,n03,SSP5,2060,"AESA (PBs-LCIA), 0.9.1, climate change, atmospheric CO2 concentration",aCO2,ppm,"electricity production, hydro, run-of-river",230000,172479,0.43198431667036946,0.116529199,1.0511954459999999,0.116529199,0.116529199,0.443290921,1.0511954459999999,1.0511954459999999,0.0027944707756566117,0,0.0044443599298560447,0,0,0.0033672921909622456,0.0044443599298560447,0.0044443599298560447,0.016951357558854283,0,0.028896553137400745,0,0,0.010025831162592308,0.028896553137400745,0.028896553137400745,6.6633397565908637e-13,1.7974579456145379e-13,1.621464516816615e-12,1.7974579456145379e-13,1.7974579456145379e-13,6.8377436451774496e-13,1.621464516816615e-12,1.621464516816615e-12,8.0976127694778447e-14,7.3172286305192763e-14,9.6577296982379767e-14,7.3172286305192763e-14,7.3172286305192763e-14,7.3172286305192763e-14,9.6577296982379767e-14,9.6577296982379767e-14
reference,n03,SSP5,2060,"AESA (PBs-LCIA), 0.9.1, climate change, atmospheric CO2 concentration",aCO2,ppm,"electricity production, nuclear, pressure water reactor",230000,172479,0.43198431667036946,0.116529199,1.0511954459999999,0.116529199,0.116529199,0.443290921,1.0511954459999999,1.0511954459999999,0.0016046738399044943,0,0.002901663674615469,0,0,0.001758747559490064,0.002901663674615469,0.002901663674615469,0.0091811019756139391,0,0.015092762797503345,0,0,0.0065457322429923375,0.015092762797503345,0.015092762797503345,6.6633397565908637e-13,1.7974579456145379e-13,1.621464516816615e-12,1.7974579456145379e-13,1.7974579456145379e-13,6.8377436451774496e-13,1.621464516816615e-12,1.621464516816615e-12,8.9707423856639828e-14,7.373157472025222e-14,1.2164578785550062e-13,7.373157472025222e-14,7.373157472025222e-14,7.373157472025222e-14,1.2164578785550062e-13,1.2164578785550062e-13
reference,n03,SSP5,2060,"AESA (PBs-LCIA), 0.9.1, climate change, atmospheric CO2 concentration",aCO2,ppm,"electricity production, photovoltaic",230000,230000,0.43198431667036946,0.116529199,1.0511954459999999,0.116529199,0.116529199,0.443290921,1.0511954459999999,1.0511954459999999,0.019398080514930291,0,0.038630854574054414,0,0,0.019482792926282261,0.038630854574054414,0.038630854574054414,0.10536418794858232,0,0.16719236975345778,0,0,0.087145602907699557,0.16719236975345778,0.16719236975345778,6.6633397565908637e-13,1.7974579456145379e-13,1.621464516816615e-12,1.7974579456145379e-13,1.7974579456145379e-13,6.8377436451774496e-13,1.621464516816615e-12,1.621464516816615e-12,2.5905416840706318e-13,0,5.1590073100232279e-13,0,0,2.6018547094382837e-13,5.1590073100232279e-13,5.1590073100232279e-13
reference,n03,SSP5,2060,"AESA (PBs-LCIA), 0.9.1, climate change, atmospheric CO2 concentration",aCO2,ppm,"electricity production, wind, 1-3MW turbine, offshore",230000,230000,0.43198431667036946,0.116529199,1.0511954459999999,0.116529199,0.116529199,0.443290921,1.0511954459999999,1.0511954459999999,0.016546614896967939,0,0.026914312417019016,0,0,0.019639090488929978,0.026914312417019016,0.026914312417019016,0.099425910871382597,0,0.16853364356284622,0,0,0.060714783772932303,0.16853364356284622,0.16853364356284622,6.6633397565908637e-13,1.7974579456145379e-13,1.621464516816615e-12,1.7974579456145379e-13,1.7974579456145379e-13,6.8377436451774496e-13,1.621464516816615e-12,1.621464516816615e-12,2.083329315971968e-13,0,3.3886916750423654e-13,0,0,2.4726926427201989e-13,3.3886916750423654e-13,3.3886916750423654e-13
reference,n03,SSP5,2060,"AESA (PBs-LCIA), 0.9.1, climate change, atmospheric CO2 concentration",aCO2,ppm,"electricity production, wind, 1-3MW turbine, onshore",230000,230000,0.43198431667036946,0.116529199,1.0511954459999999,0.116529199,0.116529199,0.443290921,1.0511954459999999,1.0511954459999999,0.014415567816414092,0,0.024087510775277852,0,0,0.016789875103068515,0.024087510775277852,0.024087510775277852,0.085609308852135843,0,0.14408298732979805,0,0,0.054337929414254464,0.14408298732979805,0.14408298732979805,6.6633397565908637e-13,1.7974579456145379e-13,1.621464516816615e-12,1.7974579456145379e-13,1.7974579456145379e-13,6.8377436451774496e-13,1.621464516816615e-12,1.621464516816615e-12,1.9029409201011573e-13,0,3.1796950741496714e-13,0,0,2.2163636392449571e-13,3.1796950741496714e-13,3.1796950741496714e-13
reference,n03,SSP5,2060,"AESA (PBs-LCIA), 0.9.1, climate change, atmospheric CO2 concentration",aCO2,ppm,"heat and power co-generation, wood chips, 6667 kW",230000,230000,0.43198431667036946,0.116529199,1.0511954459999999,0.116529199,0.116529199,0.443290921,1.0511954459999999,1.0511954459999999,0.0080028377431766631,0,0.01426412831926361,0,0,0.0088748101715064934,0.01426412831926361,0.01426412831926361,0.04611554615961979,0,0.076159539820628938,0,0,0.032177803883476352,0.076159539820628938,0.076159539820628938,6.6633397565908637e-13,1.7974579456145379e-13,1.621464516816615e-12,1.7974579456145379e-13,1.7974579456145379e-13,6.8377436451774496e-13,1.621464516816615e-12,1.621464516816615e-12,9.3461034776732158e-13,0,1.6658343419300262e-12,0,0,1.0364435314989135e-12,1.6658343419300262e-12,1.6658343419300262e-12
reference,n03,SSP5,2060,"AESA (PBs-LCIA), 0.9.1, climate change, atmospheric CO2 concentration",aCO2,ppm,transmission network construction,230000,230000,0.43198431667036946,0.116529199,1.0511954459999999,0.116529199,0.116529199,0.443290921,1.0511954459999999,1.0511954459999999,0.0080423550854179741,0,0.013864848490705356,0,0,0.0091535887430995895,0.013864848490705356,0.013864848490705356,0.047086194281001054,0,0.078551889326035698,0,0,0.031277086522386401,0.078551889326035698,0.078551889326035698,6.6633397565908637e-13,1.7974579456145379e-13,1.621464516816615e-12,1.7974579456145379e-13,1.7974579456145379e-13,6.8377436451774496e-13,1.621464516816615e-12,1.621464516816615e-12,,,,,,,,
reference,n03,SSP5,2060,"AESA (PBs-LCIA), 0.9.1, climate change, energy imbalance at top-of-atmosphere",EI,W m-2,EU electricity market imports,230000,230000,0.0059781379506565211,0.001872823,0.014097897999999999,0.001872823,0.001872823,0.0060638869999999996,0.014097897999999999,0.014097897999999999,0.004051273104550307,0.00036497195499568584,0.011651642628409451,0.00036497195499568584,0.00036497195499568584,0.0038188431854488244,0.011651642628409451,0.011651642628409451,0.46157593355268295,0.19487797565263021,0.82648084334341565,0.19487797565263021,0.19487797565263021,0.62976819743653278,0.82648084334341565,0.82648084334341565,9.2212529196104628e-15,2.88882218125298e-15,2.1745947992259261e-14,2.88882218125298e-15,2.88882218125298e-15,9.3535205075554475e-15,2.1745947992259261e-14,2.1745947992259261e-14,7.6671803089596159e-14,6.9072270974015661e-15,2.2051152975844181e-13,6.9072270974015661e-15,6.9072270974015661e-15,7.2272985236806896e-14,2.2051152975844181e-13,2.2051152975844181e-13
reference,n03,SSP5,2060,"AESA (PBs-LCIA), 0.9.1, climate change, energy imbalance at top-of-atmosphere",EI,W m-2,Other life cycle contributions,230000,230000,0.0059781379506565211,0.001872823,0.014097897999999999,0.001872823,0.001872823,0.0060638869999999996,0.014097897999999999,0.014097897999999999,0.00061178719664895681,0,0.0024462553715905496,0,0,5.1141841013486469e-19,0.0024462553715905496,0.0024462553715905496,0.043395632217580131,0,0.17351915665658452,0,0,2.7307354199241718e-16,0.17351915665658452,0.17351915665658452,9.2212529196104628e-15,2.88882218125298e-15,2.1745947992259261e-14,2.88882218125298e-15,2.88882218125298e-15,9.3535205075554475e-15,2.1745947992259261e-14,2.1745947992259261e-14,,,,,,,,
reference,n03,SSP5,2060,"AESA (PBs-LCIA), 0.9.1, climate change, energy imbalance at top-of-atmosphere",EI,W m-2,Transmission corona,230000,230000,0.0059781379506565211,0.001872823,0.014097897999999999,0.001872823,0.001872823,0.0060638869999999996,0.014097897999999999,0.014097897999999999,0.00011629709940489731,0,0.00015508169602149741,0,0,0.00015508167005850296,0.00015508169602149741,0.00015508169602149741,0.047787042510065374,0,0.082806367744577544,0,0,0.025574634887077782,0.082806367744577544,0.082806367744577544,9.2212529196104628e-15,2.88882218125298e-15,2.1745947992259261e-14,2.88882218125298e-15,2.88882218125298e-15,9.3535205075554475e-15,2.1745947992259261e-14,2.1745947992259261e-14,,,,,,,,
reference,n03,SSP5,2060,"AESA (PBs-LCIA), 0.9.1, climate change, energy imbalance at top-of-atmosphere",EI,W m-2,"electricity production, Evolutionary Power Reactor (EPR)",230000,230000,0.0059781379506565211,0.001872823,0.014097897999999999,0.001872823,0.001872823,0.0060638869999999996,0.014097897999999999,0.014097897999999999,0.00017701548405328393,0,0.00030607450608543076,0,0,0.0002010222019812844,0.00030607450608543076,0.00030607450608543076,0.066274949780392903,0,0.10733646584930044,0,0,0.050474968627454764,0.10733646584930044,0.10733646584930044,9.2212529196104628e-15,2.88882218125298e-15,2.1745947992259261e-14,2.88882218125298e-15,2.88882218125298e-15,9.3535205075554475e-15,2.1745947992259261e-14,2.1745947992259261e-14,7.3777415988763849e-16,0,1.2756728109841548e-15,0,0,8.3783064353543618e-16,1.2756728109841548e-15,1.2756728109841548e-15
reference,n03,SSP5,2060,"AESA (PBs-LCIA), 0.9.1, climate change, energy imbalance at top-of-atmosphere",EI,W m-2,"electricity production, Small Modular Reactor (SMR)",230000,230000,0.0059781379506565211,0.001872823,0.014097897999999999,0.001872823,0.001872823,0.0060638869999999996,0.014097897999999999,0.014097897999999999,4.0224447786904161e-05,0,7.4507776588922072e-05,0,0,4.3200445917505767e-05,7.4507776588922072e-05,7.4507776588922072e-05,0.014602765003761941,0,0.023067020170889491,0,0,0.012287131437132994,0.023067020170889491,0.023067020170889491,9.2212529196104628e-15,2.88882218125298e-15,2.1745947992259261e-14,2.88882218125298e-15,2.88882218125298e-15,9.3535205075554475e-15,2.1745947992259261e-14,2.1745947992259261e-14,1.0961084205197316e-15,0,2.030322315568763e-15,0,0,1.1772038851308539e-15,2.030322315568763e-15,2.030322315568763e-15
reference,n03,SSP5,2060,"AESA (PBs-LCIA), 0.9.1, climate change, energy imbalance at top-of-atmosphere",EI,W m-2,"electricity production, hydro, reservoir, alpine region",230000,230000,0.0059781379506565211,0.001872823,0.014097897999999999,0.001872823,0.001872823,0.0060638869999999996,0.014097897999999999,0.014097897999999999,1.0304745524811429e-05,0,1.6420779741181161e-05,0,0,1.2401051131347669e-05,1.6420779741181161e-05,1.6420779741181161e-05,0.0039870239686326161,0,0.0066215820349000785,0,0,0.0027079626881538464,0.0066215820349000785,0.0066215820349000785,9.2212529196104628e-15,2.88882218125298e-15,2.1745947992259261e-14,2.88882218125298e-15,2.88882218125298e-15,9.3535205075554475e-15,2.1745947992259261e-14,2.1745947992259261e-14,1.1756078204551863e-15,0,1.8733500105441779e-15,0,0,1.4147630942707468e-15,1.8733500105441779e-15,1.8733500105441779e-15
reference,n03,SSP5,2060,"AESA (PBs-LCIA), 0.9.1, climate change, energy imbalance at top-of-atmosphere",EI,W m-2,"electricity production, hydro, run-of-river",230000,172479,0.0059781379506565211,0.001872823,0.014097897999999999,0.001872823,0.001872823,0.0060638869999999996,0.014097897999999999,0.014097897999999999,3.716767865383266e-05,0,5.8852002359287582e-05,0,0,4.4916467658530412e-05,5.8852002359287582e-05,5.8852002359287582e-05,0.014415230919765607,0,0.023983295622987549,0,0,0.0097053263623295728,0.023983295622987549,0.023983295622987549,9.2212529196104628e-15,2.88882218125298e-15,2.1745947992259261e-14,2.88882218125298e-15,2.88882218125298e-15,9.3535205075554475e-15,2.1745947992259261e-14,2.1745947992259261e-14,1.0770179462789061e-15,9.7604876353783328e-16,1.2788720376340178e-15,9.7604876353783328e-16,9.7604876353783328e-16,9.7604876353783328e-16,1.2788720376340178e-15,1.2788720376340178e-15
reference,n03,SSP5,2060,"AESA (PBs-LCIA), 0.9.1, climate change, energy imbalance at top-of-atmosphere",EI,W m-2,"electricity production, nuclear, pressure water reactor",230000,172479,0.0059781379506565211,0.001872823,0.014097897999999999,0.001872823,0.001872823,0.0060638869999999996,0.014097897999999999,0.014097897999999999,2.1948398812543029e-05,0,3.9107259804210077e-05,0,0,2.4346458404841088e-05,3.9107259804210077e-05,3.9107259804210077e-05,0.0081107941309207059,0,0.012999871533423654,0,0,0.0064492065574787392,0.012999871533423654,0.012999871533423654,9.2212529196104628e-15,2.88882218125298e-15,2.1745947992259261e-14,2.88882218125298e-15,2.88882218125298e-15,9.3535205075554475e-15,2.1745947992259261e-14,2.1745947992259261e-14,1.2269998834910821e-15,1.0206712816625849e-15,1.6394848745746055e-15,1.0206712816625849e-15,1.0206712816625849e-15,1.0206712816625849e-15,1.6394848745746055e-15,1.6394848745746055e-15
reference,n03,SSP5,2060,"AESA (PBs-LCIA), 0.9.1, climate change, energy imbalance at top-of-atmosphere",EI,W m-2,"electricity production, photovoltaic",230000,230000,0.0059781379506565211,0.001872823,0.014097897999999999,0.001872823,0.001872823,0.0060638869999999996,0.014097897999999999,0.014097897999999999,0.00027070627886712845,0,0.00052639827410239017,0,0,0.00027824480989897528,0.00052639827410239017,0.00052639827410239017,0.095971064079744137,0,0.14856973130881843,0,0,0.086808720891796004,0.14856973130881843,0.14856973130881843,9.2212529196104628e-15,2.88882218125298e-15,2.1745947992259261e-14,2.88882218125298e-15,2.88882218125298e-15,9.3535205075554475e-15,2.1745947992259261e-14,2.1745947992259261e-14,3.6151824443484672e-15,0,7.0298540674540797e-15,0,0,3.715857046489786e-15,7.0298540674540797e-15,7.0298540674540797e-15
reference,n03,SSP5,2060,"AESA (PBs-LCIA), 0.9.1, climate change, energy imbalance at top-of-atmosphere",EI,W m-2,"electricity production, wind, 1-3MW turbine, offshore",230000,230000,0.0059781379506565211,0.001872823,0.014097897999999999,0.001872823,0.001872823,0.0060638869999999996,0.014097897999999999,0.014097897999999999,0.00022237176694734923,0,0.00035929086950132219,0,0,0.00026513914746228393,0.00035929086950132219,0.00035929086950132219,0.085582541908475668,0,0.14157191975017602,0,0,0.059250917687173624,0.14157191975017602,0.14157191975017602,9.2212529196104628e-15,2.88882218125298e-15,2.1745947992259261e-14,2.88882218125298e-15,2.88882218125298e-15,9.3535205075554475e-15,2.1745947992259261e-14,2.1745947992259261e-14,2.7998094940436924e-15,0,4.523712254431609e-15,0,0,3.3382796867873529e-15,4.523712254431609e-15,4.523712254431609e-15
reference,n03,SSP5,2060,"AESA (PBs-LCIA), 0.9.1, climate change, energy imbalance at top-of-atmosphere",EI,W m-2,"electricity production, wind, 1-3MW turbine, onshore",230000,230000,0.0059781379506565211,0.001872823,0.014097897999999999,0.001872823,0.001872823,0.0060638869999999996,0.014097897999999999,0.014097897999999999,0.00019411024088673997,0,0.00032183061933322468,0,0,0.00022733929126481493,0.00032183061933322468,0.00032183061933322468,0.073948854772610623,0,0.12138856222121094,0,0,0.053073320682464023,0.12138856222121094,0.12138856222121094,9.2212529196104628e-15,2.88882218125298e-15,2.1745947992259261e-14,2.88882218125298e-15,2.88882218125298e-15,9.3535205075554475e-15,2.1745947992259261e-14,2.1745947992259261e-14,2.5623713418749165e-15,0,4.2483563531989999e-15,0,0,3.0010149005402231e-15,4.2483563531989999e-15,4.2483563531989999e-15
reference,n03,SSP5,2060,"AESA (PBs-LCIA), 0.9.1, climate change, energy imbalance at top-of-atmosphere",EI,W m-2,"heat and power co-generation, wood chips, 6667 kW",230000,230000,0.0059781379506565211,0.001872823,0.014097897999999999,0.001872823,0.001872823,0.0060638869999999996,0.014097897999999999,0.014097897999999999,0.000113558214353523,0,0.00019822653083453718,0,0,0.00012802104670389571,0.00019822653083453718,0.00019822653083453718,0.042343412668676084,0,0.068357258910156329,0,0,0.032689680865513687,0.068357258910156329,0.068357258910156329,9.2212529196104628e-15,2.88882218125298e-15,2.1745947992259261e-14,2.88882218125298e-15,2.88882218125298e-15,9.3535205075554475e-15,2.1745947992259261e-14,2.1745947992259261e-14,1.3261883086129191e-14,0,2.314986056663404e-14,0,0,1.4950924401871417e-14,2.314986056663404e-14,2.314986056663404e-14
reference,n03,SSP5,2060,"AESA (PBs-LCIA), 0.9.1, climate change, energy imbalance at top-of-atmosphere",EI,W m-2,transmission network construction,230000,230000,0.0059781379506565211,0.001872823,0.014097897999999999,0.001872823,0.001872823,0.0060638869999999996,0.014097897999999999,0.014097897999999999,0.00011137329416624569,0,0.00018925350017917221,0,0,0.00012813845452233185,0.00018925350017917221,0.00018925350017917221,0.042004754486691422,0,0.068419949200929225,0,0,0.031209931876892198,0.068419949200929225,0.068419949200929225,9.2212529196104628e-15,2.88882218125298e-15,2.1745947992259261e-14,2.88882218125298e-15,2.88882218125298e-15,9.3535205075554475e-15,2.1745947992259261e-14,2.1745947992259261e-14,,,,,,,,
reference,n03,SSP5,2060,"AESA (PBs-LCIA), 0.9.1, freshwater use, global",FWU,km3 yr-1,EU electricity market imports,230000,230000,2.4887910845114605,2.4363319350000001,2.5286341810000001,2.4363319350000001,2.4363319350000001,2.495097586,2.5286341810000001,2.5286341810000001,0.16616505201190257,0.12131331032655979,0.19919001778278664,0.12131331032655979,0.12131331032655979,0.17207746182729233,0.19919001778278664,0.19919001778278664,0.066625053497939582,0.049793424526350424,0.078773758291922194,0.049793424526350424,0.049793424526350424,0.068966225125950784,0.078773758291922194,0.078773758291922194,3.8389496905097449e-12,3.7580316752744806e-12,3.9004074978359147e-12,3.7580316752744806e-12,3.7580316752744806e-12,3.8486774421228284e-12,3.9004074978359147e-12,3.9004074978359147e-12,3.1447333874600401e-12,2.2958980408144614e-12,3.7697427454867406e-12,2.2958980408144614e-12,2.2958980408144614e-12,3.2566278700832179e-12,3.7697427454867406e-12,3.7697427454867406e-12
reference,n03,SSP5,2060,"AESA (PBs-LCIA), 0.9.1, freshwater use, global",FWU,km3 yr-1,Other life cycle contributions,230000,230000,2.4887910845114605,2.4363319350000001,2.5286341810000001,2.4363319350000001,2.4363319350000001,2.495097586,2.5286341810000001,2.5286341810000001,0.043198653819672063,-5.2369256943400489e-16,0.17273153071964334,-5.2369256943400489e-16,-5.2369256943400489e-16,0,0.17273153071964334,0.17273153071964334,0.017083789400722357,-2.1495123957072985e-16,0.068310209526366961,-2.1495123957072985e-16,-2.1495123957072985e-16,0,0.068310209526366961,0.068310209526366961,3.8389496905097449e-12,3.7580316752744806e-12,3.9004074978359147e-12,3.7580316752744806e-12,3.7580316752744806e-12,3.8486774421228284e-12,3.9004074978359147e-12,3.9004074978359147e-12,,,,,,,,
reference,n03,SSP5,2060,"AESA (PBs-LCIA), 0.9.1, freshwater use, global",FWU,km3 yr-1,Transmission corona,230000,230000,2.4887910845114605,2.4363319350000001,2.5286341810000001,2.4363319350000001,2.4363319350000001,2.495097586,2.5286341810000001,2.5286341810000001,3.5429495133092121e-13,-2.3912395965845472e-14,7.2073599013404955e-13,-2.3912395965845472e-14,-2.3912395965845472e-14,0,7.2073599013404955e-13,7.2073599013404955e-13,1.4193863027651209e-13,-9.814917098250601e-15,2.8886084222841679e-13,-9.814917098250601e-15,-9.814917098250601e-15,0,2.8886084222841679e-13,2.8886084222841679e-13,3.8389496905097449e-12,3.7580316752744806e-12,3.9004074978359147e-12,3.7580316752744806e-12,3.7580316752744806e-12,3.8486774421228284e-12,3.9004074978359147e-12,3.9004074978359147e-12,,,,,,,,
reference,n03,SSP5,2060,"AESA (PBs-LCIA), 0.9.1, freshwater use, global",FWU,km3 yr-1,"electricity production, Evolutionary Power Reactor (EPR)",230000,230000,2.4887910845114605,2.4363319350000001,2.5286341810000001,2.4363319350000001,2.4363319350000001,2.495097586,2.5286341810000001,2.5286341810000001,1.7347013231251895,1.733906255239628,1.7351452229640583,1.733906255239628,1.733906255239628,1.7346089811032495,1.7351452229640583,1.7351452229640583,0.69712910077821533,0.6859865274846767,0.71168720088202098,0.6859865274846767,0.6859865274846767,0.69542178738818206,0.71168720088202098,0.71168720088202098,3.8389496905097449e-12,3.7580316752744806e-12,3.9004074978359147e-12,3.7580316752744806e-12,3.7580316752744806e-12,3.8486774421228284e-12,3.9004074978359147e-12,3.9004074978359147e-12,7.2299755224182119e-12,7.2266617991323781e-12,7.2318256301743405e-12,7.2266617991323781e-12,7.2266617991323781e-12,7.2295906546955183e-12,7.2318256301743405e-12,7.2318256301743405e-12
reference,n03,SSP5,2060,"AESA (PBs-LCIA), 0.9.1, freshwater use, global",FWU,km3 yr-1,"electricity production, Small Modular Reactor (SMR)",230000,230000,2.4887910845114605,2.4363319350000001,2.5286341810000001,2.4363319350000001,2.4363319350000001,2.495097586,2.5286341810000001,2.5286341810000001,0.15746492329057737,0.15721328519650951,0.15761391758932569,0.15721328519650951,0.15721328519650951,0.15741870678920658,0.15761391758932569,0.15761391758932569,0.06328047004067458,0.062254440745933497,0.06452868057016603,0.062254440745933497,0.062254440745933497,0.063169440134805896,0.06452868057016603,0.06452868057016603,3.8389496905097449e-12,3.7580316752744806e-12,3.9004074978359147e-12,3.7580316752744806e-12,3.7580316752744806e-12,3.8486774421228284e-12,3.9004074978359147e-12,3.9004074978359147e-12,4.2908880670077407e-12,4.2840309790366818e-12,4.2949481320243763e-12,4.2840309790366818e-12,4.2840309790366818e-12,4.2896286764749788e-12,4.2949481320243763e-12,4.2949481320243763e-12
reference,n03,SSP5,2060,"AESA (PBs-LCIA), 0.9.1, freshwater use, global",FWU,km3 yr-1,"electricity production, hydro, reservoir, alpine region",230000,230000,2.4887910845114605,2.4363319350000001,2.5286341810000001,2.4363319350000001,2.4363319350000001,2.495097586,2.5286341810000001,2.5286341810000001,0.26469061657209608,0.26466229604605934,0.26470762050655361,0.26466229604605934,0.26466229604605934,0.26468494460511466,0.26470762050655361,0.26470762050655361,0.10637214578642509,0.10467506395110091,0.10863146037038642,0.10467506395110091,0.10467506395110091,0.10609108917896792,0.10863146037038642,0.10863146037038642,3.8389496905097449e-12,3.7580316752744806e-12,3.9004074978359147e-12,3.7580316752744806e-12,3.7580316752744806e-12,3.8486774421228284e-12,3.9004074978359147e-12,3.9004074978359147e-12,3.0196991185316986e-11,3.0193760266396728e-11,3.0198931062465326e-11,3.0193760266396728e-11,3.0193760266396728e-11,3.0196344104084756e-11,3.0198931062465326e-11,3.0198931062465326e-11
reference,n03,SSP5,2060,"AESA (PBs-LCIA), 0.9.1, freshwater use, global",FWU,km3 yr-1,"electricity production, hydro, run-of-river",230000,172479,2.4887910845114605,2.4363319350000001,2.5286341810000001,2.4363319350000001,2.4363319350000001,2.495097586,2.5286341810000001,2.5286341810000001,0.0015339732417307904,0,0.0021045036202991269,0,0,0.0019276820040739916,0.0021045036202991269,0.0021045036202991269,0.00061945442709900067,0,0.00084345543521323698,0,0,0.00079122305806576863,0.00084345543521323698,0.00084345543521323698,3.8389496905097449e-12,3.7580316752744806e-12,3.9004074978359147e-12,3.7580316752744806e-12,3.7580316752744806e-12,3.8486774421228284e-12,3.9004074978359147e-12,3.9004074978359147e-12,4.4450353347188125e-14,4.1889118015274833e-14,4.5731505671298787e-14,4.1889118015274833e-14,4.1889118015274833e-14,4.5731505671298787e-14,4.5731505671298787e-14,4.5731505671298787e-14
reference,n03,SSP5,2060,"AESA (PBs-LCIA), 0.9.1, freshwater use, global",FWU,km3 yr-1,"electricity production, nuclear, pressure water reactor",230000,172479,2.4887910845114605,2.4363319350000001,2.5286341810000001,2.4363319350000001,2.4363319350000001,2.495097586,2.5286341810000001,2.5286341810000001,0.056730518785182482,0,0.075712224217689486,0,0,0.07552530738291767,0.075712224217689486,0.075712224217689486,0.022919351235174745,0,0.030999596687927362,0,0,0.030344393999862371,0.030999596687927362,0.030999596687927362,3.8389496905097449e-12,3.7580316752744806e-12,3.9004074978359147e-12,3.7580316752744806e-12,3.7580316752744806e-12,3.8486774421228284e-12,3.9004074978359147e-12,3.9004074978359147e-12,3.1714536494204278e-12,3.1662303285917835e-12,3.1740664002035405e-12,3.1662303285917835e-12,3.1662303285917835e-12,3.1740664002035405e-12,3.1740664002035405e-12,3.1740664002035405e-12
reference,n03,SSP5,2060,"AESA (PBs-LCIA), 0.9.1, freshwater use, global",FWU,km3 yr-1,"electricity production, photovoltaic",230000,230000,2.4887910845114605,2.4363319350000001,2.5286341810000001,2.4363319350000001,2.4363319350000001,2.495097586,2.5286341810000001,2.5286341810000001,0.026704447076239202,0,0.036491878517014818,0,0,0.033847772599659591,0.036491878517014818,0.036491878517014818,0.010784582472531598,0,0.01462543137461671,0,0,0.013892923256230925,0.01462543137461671,0.01462543137461671,3.8389496905097449e-12,3.7580316752744806e-12,3.9004074978359147e-12,3.7580316752744806e-12,3.7580316752744806e-12,3.8486774421228284e-12,3.9004074978359147e-12,3.9004074978359147e-12,3.5662798386635215e-13,0,4.8733549978695843e-13,0,0,4.5202444623892574e-13,4.8733549978695843e-13,4.8733549978695843e-13
reference,n03,SSP5,2060,"AESA (PBs-LCIA), 0.9.1, freshwater use, global",FWU,km3 yr-1,"electricity production, wind, 1-3MW turbine, offshore",230000,230000,2.4887910845114605,2.4363319350000001,2.5286341810000001,2.4363319350000001,2.4363319350000001,2.495097586,2.5286341810000001,2.5286341810000001,0.014489767866853997,0,0.019732791427513493,0,0,0.018500888190634383,0.019732791427513493,0.019732791427513493,0.0058520148796977695,0,0.0079086251127948835,0,0,0.0075937469459121058,0.0079086251127948835,0.0079086251127948835,3.8389496905097449e-12,3.7580316752744806e-12,3.9004074978359147e-12,3.7580316752744806e-12,3.7580316752744806e-12,3.8486774421228284e-12,3.9004074978359147e-12,3.9004074978359147e-12,1.8243585432651993e-13,0,2.4844902245793813e-13,0,0,2.3293853802205636e-13,2.4844902245793813e-13,2.4844902245793813e-13
reference,n03,SSP5,2060,"AESA (PBs-LCIA), 0.9.1, freshwater use, global",FWU,km3 yr-1,"electricity production, wind, 1-3MW turbine, onshore",230000,230000,2.4887910845114605,2.4363319350000001,2.5286341810000001,2.4363319350000001,2.4363319350000001,2.495097586,2.5286341810000001,2.5286341810000001,0.010562515697199303,0,0.01452441908121895,0,0,0.013206735442941053,0.01452441908121895,0.01452441908121895,0.004265230599407803,0,0.0058211827716541063,0,0,0.005420745528642858,0.0058211827716541063,0.0058211827716541063,3.8389496905097449e-12,3.7580316752744806e-12,3.9004074978359147e-12,3.7580316752744806e-12,3.7580316752744806e-12,3.8486774421228284e-12,3.9004074978359147e-12,3.9004074978359147e-12,1.3943150656281597e-13,0,1.9173099405581782e-13,0,0,1.7433678420508616e-13,1.9173099405581782e-13,1.9173099405581782e-13
reference,n03,SSP5,2060,"AESA (PBs-LCIA), 0.9.1, freshwater use, global",FWU,km3 yr-1,"heat and power co-generation, wood chips, 6667 kW",230000,230000,2.4887910845114605,2.4363319350000001,2.5286341810000001,2.4363319350000001,2.4363319350000001,2.495097586,2.5286341810000001,2.5286341810000001,0.0088694377036004322,0,0.011878942745617476,0,0,0.011724227935878876,0.011878942745617476,0.011878942745617476,0.00358308529006141,0,0.0048122457237662385,0,0,0.0047609130850313269,0.0048122457237662385,0.0048122457237662385,3.8389496905097449e-12,3.7580316752744806e-12,3.9004074978359147e-12,3.7580316752744806e-12,3.7580316752744806e-12,3.8486774421228284e-12,3.9004074978359147e-12,3.9004074978359147e-12,1.0358161119106214e-12,0,1.387280761079399e-12,0,0,1.3692124126335775e-12,1.387280761079399e-12,1.387280761079399e-12
reference,n03,SSP5,2060,"AESA (PBs-LCIA), 0.9.1, freshwater use, global",FWU,km3 yr-1,transmission network construction,230000,230000,2.4887910845114605,2.4363319350000001,2.5286341810000001,2.4363319350000001,2.4363319350000001,2.495097586,2.5286341810000001,2.5286341810000001,0.0036798553208628126,0,0.0051086035026960972,0,0,0.0045041746351610476,0.0051086035026960972,0.0051086035026960972,0.0014857215919087626,0,0.0020474563926318901,0,0,0.0018487524505403849,0.0020474563926318901,0.0020474563926318901,3.8389496905097449e-12,3.7580316752744806e-12,3.9004074978359147e-12,3.7580316752744806e-12,3.7580316752744806e-12,3.8486774421228284e-12,3.9004074978359147e-12,3.9004074978359147e-12,,,,,,,,
reference,n03,SSP5,2060,"AESA (PBs-LCIA), 0.9.1, land-system change, global",LSC,%,EU electricity market imports,230000,230000,7.2909031304347825e-07,3.6199999999999999e-07,1.1999999999999999e-06,3.6199999999999999e-07,3.6199999999999999e-07,9.9199999999999999e-07,1.1999999999999999e-06,1.1999999999999999e-06,2.5153679577272408e-07,2.9519316823756034e-08,7.0601669937028692e-07,2.9519316823756034e-08,2.9519316823756034e-08,2.4090876042512267e-07,7.0601669937028692e-07,7.0601669937028692e-07,0.24860680204464999,0.081545074098773582,0.58834724947523909,0.081545074098773582,0.081545074098773582,0.24285157300919624,0.58834724947523909,0.58834724947523909,1.1239025198524285e-18,5.5787245892585325e-19,1.849604525227668e-18,5.5787245892585325e-19,5.5787245892585325e-19,1.529703522574977e-18,1.849604525227668e-18,1.849604525227668e-18,4.757322210286446e-18,5.5815242857880366e-19,1.3351583376123687e-17,5.5815242857880366e-19,5.5815242857880366e-19,4.5579373667822259e-18,1.3351583376123687e-17,1.3351583376123687e-17
reference,n03,SSP5,2060,"AESA (PBs-LCIA), 0.9.1, land-system change, global",LSC,%,Other life cycle contributions,230000,230000,7.2909031304347825e-07,3.6199999999999999e-07,1.1999999999999999e-06,3.6199999999999999e-07,3.6199999999999999e-07,9.9199999999999999e-07,1.1999999999999999e-06,1.1999999999999999e-06,3.6112173763736094e-09,-2.4990379313439531e-22,1.443959591394351e-08,-2.4990379313439531e-22,-2.4990379313439531e-22,0,1.443959591394351e-08,1.443959591394351e-08,0.0036403400971508257,-2.0825316094532942e-16,0.014556044268088209,-2.0825316094532942e-16,-2.0825316094532942e-16,0,0.014556044268088209,0.014556044268088209,1.1239025198524285e-18,5.5787245892585325e-19,1.849604525227668e-18,5.5787245892585325e-19,5.5787245892585325e-19,1.529703522574977e-18,1.849604525227668e-18,1.849604525227668e-18,,,,,,,,
reference,n03,SSP5,2060,"AESA (PBs-LCIA), 0.9.1, land-system change, global",LSC,%,Transmission corona,230000,230000,7.2909031304347825e-07,3.6199999999999999e-07,1.1999999999999999e-06,3.6199999999999999e-07,3.6199999999999999e-07,9.9199999999999999e-07,1.1999999999999999e-06,1.1999999999999999e-06,8.2002191447036156e-21,0,1.6493650346870087e-20,0,0,8.1544495562640697e-21,1.6493650346870087e-20,1.6493650346870087e-20,1.4696828677869996e-14,0,2.2526103746585828e-14,0,0,1.3744708622391739e-14,2.2526103746585828e-14,2.2526103746585828e-14,1.1239025198524285e-18,5.5787245892585325e-19,1.849604525227668e-18,5.5787245892585325e-19,5.5787245892585325e-19,1.529703522574977e-18,1.849604525227668e-18,1.849604525227668e-18,,,,,,,,
reference,n03,SSP5,2060,"AESA (PBs-LCIA), 0.9.1, land-system change, global",LSC,%,"electricity production, Evolutionary Power Reactor (EPR)",230000,230000,7.2909031304347825e-07,3.6199999999999999e-07,1.1999999999999999e-06,3.6199999999999999e-07,3.6199999999999999e-07,9.9199999999999999e-07,1.1999999999999999e-06,1.1999999999999999e-06,-2.5995669473938304e-09,-9.6436666494500744e-09,8.8826437042322777e-09,-9.6436666494500744e-09,-9.6436666494500744e-09,0,8.8826437042322777e-09,8.8826437042322777e-09,-0.011465666359075454,-0.026639963120027831,0.0074022030868602321,-0.026639963120027831,-0.026639963120027831,0,0.0074022030868602321,0.0074022030868602321,1.1239025198524285e-18,5.5787245892585325e-19,1.849604525227668e-18,5.5787245892585325e-19,5.5787245892585325e-19,1.529703522574977e-18,1.849604525227668e-18,1.849604525227668e-18,-1.0823172627187883e-20,-4.015657643714427e-20,3.6993720786751008e-20,-4.015657643714427e-20,-4.015657643714427e-20,0,3.6993720786751008e-20,3.6993720786751008e-20
reference,n03,SSP5,2060,"AESA (PBs-LCIA), 0.9.1, land-system change, global",LSC,%,"electricity production, Small Modular Reactor (SMR)",230000,230000,7.2909031304347825e-07,3.6199999999999999e-07,1.1999999999999999e-06,3.6199999999999999e-07,3.6199999999999999e-07,9.9199999999999999e-07,1.1999999999999999e-06,1.1999999999999999e-06,1.6279169031078033e-09,0,6.4182116532756721e-09,0,0,4.6237746773628866e-11,6.4182116532756721e-09,6.4182116532756721e-09,0.0014011843481501363,0,0.0053485097110630604,0,0,0.00012772858224759356,0.0053485097110630604,0.0053485097110630604,1.1239025198524285e-18,5.5787245892585325e-19,1.849604525227668e-18,5.5787245892585325e-19,5.5787245892585325e-19,1.529703522574977e-18,1.849604525227668e-18,1.849604525227668e-18,4.4326989321642004e-20,0,1.7476362694034653e-19,0,0,1.2588164065866947e-21,1.7476362694034653e-19,1.7476362694034653e-19
reference,n03,SSP5,2060,"AESA (PBs-LCIA), 0.9.1, land-system change, global",LSC,%,"electricity production, hydro, reservoir, alpine region",230000,230000,7.2909031304347825e-07,3.6199999999999999e-07,1.1999999999999999e-06,3.6199999999999999e-07,3.6199999999999999e-07,9.9199999999999999e-07,1.1999999999999999e-06,1.1999999999999999e-06,-8.1287541333790593e-09,-1.0994210893088812e-08,0,-1.0994210893088812e-08,-1.0994210893088812e-08,-1.0530682576618669e-08,0,0,-0.017375648355055017,-0.030370748323449756,0,-0.030370748323449756,-0.030370748323449756,-0.008775568813848892,0,0,1.1239025198524285e-18,5.5787245892585325e-19,1.849604525227668e-18,5.5787245892585325e-19,5.5787245892585325e-19,1.529703522574977e-18,1.849604525227668e-18,1.849604525227668e-18,-9.2656219911171977e-19,-1.2531168299539967e-18,0,-1.2531168299539967e-18,-1.2531168299539967e-18,-1.2004810352446493e-18,0,0
reference,n03,SSP5,2060,"AESA (PBs-LCIA), 0.9.1, land-system change, global",LSC,%,"electricity production, hydro, run-of-river",230000,172479,7.2909031304347825e-07,3.6199999999999999e-07,1.1999999999999999e-06,3.6199999999999999e-07,3.6199999999999999e-07,9.9199999999999999e-07,1.1999999999999999e-06,1.1999999999999999e-06,-1.8366298255358066e-08,-2.5054902942966731e-08,0,-2.5054902942966731e-08,-2.5054902942966731e-08,-2.3364802159304988e-08,0,0,-0.039465620837285116,-0.069212439068968873,0,-0.069212439068968873,-0.069212439068968873,-0.019470668466087492,0,0,1.1239025198524285e-18,5.5787245892585325e-19,1.849604525227668e-18,5.5787245892585325e-19,5.5787245892585325e-19,1.529703522574977e-18,1.849604525227668e-18,1.849604525227668e-18,-5.3174585647314026e-19,-5.4395242937273719e-19,-5.0734289891403364e-19,-5.4395242937273719e-19,-5.4395242937273719e-19,-5.4395242937273719e-19,-5.0734289891403364e-19,-5.0734289891403364e-19
reference,n03,SSP5,2060,"AESA (PBs-LCIA), 0.9.1, land-system change, global",LSC,%,"electricity production, nuclear, pressure water reactor",230000,172479,7.2909031304347825e-07,3.6199999999999999e-07,1.1999999999999999e-06,3.6199999999999999e-07,3.6199999999999999e-07,9.9199999999999999e-07,1.1999999999999999e-06,1.1999999999999999e-06,7.9529189834711688e-10,0,2.8865150414533802e-09,0,0,1.4713875881442519e-10,2.8865150414533802e-09,2.8865150414533802e-09,0.00080462873903966014,0,0.0024054292012111503,0,0,0.00040646065970835693,0.0024054292012111503,0.0024054292012111503,1.1239025198524285e-18,5.5787245892585325e-19,1.849604525227668e-18,5.5787245892585325e-19,5.5787245892585325e-19,1.529703522574977e-18,1.849604525227668e-18,1.849604525227668e-18,4.4425797722200943e-20,6.162819726904776e-21,1.209198174429264e-19,6.162819726904776e-21,6.162819726904776e-21,6.162819726904776e-21,1.209198174429264e-19,1.209198174429264e-19
reference,n03,SSP5,2060,"AESA (PBs-LCIA), 0.9.1, land-system change, global",LSC,%,"electricity production, photovoltaic",230000,230000,7.2909031304347825e-07,3.6199999999999999e-07,1.1999999999999999e-06,3.6199999999999999e-07,3.6199999999999999e-07,9.9199999999999999e-07,1.1999999999999999e-06,1.1999999999999999e-06,9.8183535121941346e-08,8.3011379690169221e-08,1.2069516961680443e-07,8.3011379690169221e-08,8.3011379690169221e-08,1.0599885067623407e-07,1.2069516961680443e-07,1.2069516961680443e-07,0.16714148004367257,0.088332375563528395,0.22931320356400337,0.088332375563528395,0.088332375563528395,0.12166851775887544,0.22931320356400337,0.22931320356400337,1.1239025198524285e-18,5.5787245892585325e-19,1.849604525227668e-18,5.5787245892585325e-19,5.5787245892585325e-19,1.529703522574977e-18,1.849604525227668e-18,1.849604525227668e-18,1.3103125400550998e-18,1.1075716557920206e-18,1.6113628020084796e-18,1.1075716557920206e-18,1.1075716557920206e-18,1.4145120105015665e-18,1.6113628020084796e-18,1.6113628020084796e-18
reference,n03,SSP5,2060,"AESA (PBs-LCIA), 0.9.1, land-system change, global",LSC,%,"electricity production, wind, 1-3MW turbine, offshore",230000,230000,7.2909031304347825e-07,3.6199999999999999e-07,1.1999999999999999e-06,3.6199999999999999e-07,3.6199999999999999e-07,9.9199999999999999e-07,1.1999999999999999e-06,1.1999999999999999e-06,2.4343591984647397e-08,0,3.7400849023047125e-08,0,0,2.9991656345155117e-08,3.7400849023047125e-08,3.7400849023047125e-08,0.04920719633661446,0,0.082849879406505858,0,0,0.031167374185872607,0.082849879406505858,0.082849879406505858,1.1239025198524285e-18,5.5787245892585325e-19,1.849604525227668e-18,5.5787245892585325e-19,5.5787245892585325e-19,1.529703522574977e-18,1.849604525227668e-18,1.849604525227668e-18,3.0624089448342924e-19,0,4.7054794684922991e-19,0,0,3.7726940815722677e-19,4.7054794684922991e-19,4.7054794684922991e-19
reference,n03,SSP5,2060,"AESA (PBs-LCIA), 0.9.1, land-system change, global",LSC,%,"electricity production, wind, 1-3MW turbine, onshore",230000,230000,7.2909031304347825e-07,3.6199999999999999e-07,1.1999999999999999e-06,3.6199999999999999e-07,3.6199999999999999e-07,9.9199999999999999e-07,1.1999999999999999e-06,1.1999999999999999e-06,-2.3133090385211558e-08,-3.3190445463907247e-08,0,-3.3190445463907247e-08,-3.3190445463907247e-08,-2.6164692024087404e-08,0,0,-0.051283028335239941,-0.091686313436207867,0,-0.091686313436207867,-0.091686313436207867,-0.021803910020072838,0,0,1.1239025198524285e-18,5.5787245892585325e-19,1.849604525227668e-18,5.5787245892585325e-19,5.5787245892585325e-19,1.529703522574977e-18,1.849604525227668e-18,1.849604525227668e-18,-3.0510529189653673e-19,-4.3773271580980915e-19,0,-4.3773271580980915e-19,-4.3773271580980915e-19,-3.4513009788989002e-19,0,0
reference,n03,SSP5,2060,"AESA (PBs-LCIA), 0.9.1, land-system change, global",LSC,%,"heat and power co-generation, wood chips, 6667 kW",230000,230000,7.2909031304347825e-07,3.6199999999999999e-07,1.1999999999999999e-06,3.6199999999999999e-07,3.6199999999999999e-07,9.9199999999999999e-07,1.1999999999999999e-06,1.1999999999999999e-06,3.1443795823395416e-07,2.0995800905745976e-07,5.3914461067006234e-07,2.0995800905745976e-07,2.0995800905745976e-07,2.9855711179329596e-07,5.3914461067006234e-07,5.3914461067006234e-07,0.48805349347368276,0.24879759316107999,0.57999450015872867,0.24879759316107999,0.24879759316107999,0.54349255107869188,0.57999450015872867,0.57999450015872867,1.1239025198524285e-18,5.5787245892585325e-19,1.849604525227668e-18,5.5787245892585325e-19,5.5787245892585325e-19,1.529703522574977e-18,1.849604525227668e-18,1.849604525227668e-18,3.669917574688485e-17,2.4497478943275139e-17,6.2945321917005324e-17,2.4497478943275139e-17,2.4497478943275139e-17,3.4840762414354451e-17,6.2945321917005324e-17,6.2945321917005324e-17
reference,n03,SSP5,2060,"AESA (PBs-LCIA), 0.9.1, land-system change, global",LSC,%,transmission network construction,230000,230000,7.2909031304347825e-07,3.6199999999999999e-07,1.1999999999999999e-06,3.6199999999999999e-07,3.6199999999999999e-07,9.9199999999999999e-07,1.1999999999999999e-06,1.1999999999999999e-06,8.6781715473717007e-08,7.6811863374066987e-08,9.3899295498169243e-08,7.6811863374066987e-08,7.6811863374066987e-08,8.8209487527276593e-08,9.3899295498169243e-08,9.3899295498169243e-08,0.16073483880368053,0.077431313885148179,0.24367261747866462,0.077431313885148179,0.077431313885148179,0.078249412915141037,0.24367261747866462,0.24367261747866462,1.1239025198524285e-18,5.5787245892585325e-19,1.849604525227668e-18,5.5787245892585325e-19,5.5787245892585325e-19,1.529703522574977e-18,1.849604525227668e-18,1.849604525227668e-18,,,,,,,,
reference,n03,SSP5,2060,"AESA (PBs-LCIA), 0.9.1, ocean acidification, carbonate ion concentration",OA,aragonite saturation,EU electricity market imports,230000,230000,0.0013200268472347827,0.00035607299999999999,0.003212183,0.00035607299999999999,0.00035607299999999999,0.0013545790000000001,0.003212183,0.003212183,0.00092580084483144965,6.0404645550744411e-05,0.0026964253385278773,6.0404645550744411e-05,6.0404645550744411e-05,0.00088487698125167046,0.0026964253385278773,0.0026964253385278773,0.4580721043479889,0.16964118467489647,0.8394370241446012,0.16964118467489647,0.16964118467489647,0.65324870771780041,0.8394370241446012,0.8394370241446012,2.036135887142291e-15,5.4924128256103594e-16,4.9547791895988088e-15,5.4924128256103594e-16,5.4924128256103594e-16,2.0894317414973592e-15,4.9547791895988088e-15,4.9547791895988088e-15,1.7521114388556546e-14,1.1431800442398504e-15,5.1030825116680537e-14,1.1431800442398504e-15,1.1431800442398504e-15,1.6746610237444036e-14,5.1030825116680537e-14,5.1030825116680537e-14
reference,n03,SSP5,2060,"AESA (PBs-LCIA), 0.9.1, ocean acidification, carbonate ion concentration",OA,aragonite saturation,Other life cycle contributions,230000,230000,0.0013200268472347827,0.00035607299999999999,0.003212183,0.00035607299999999999,0.00035607299999999999,0.0013545790000000001,0.003212183,0.003212183,0.00012898650628494755,0,0.00051575766147212191,0,0,6.392729343718497e-20,0.00051575766147212191,0.00051575766147212191,0.040155404061645236,0,0.16056297585539864,0,0,1.7953423437661651e-16,0.16056297585539864,0.16056297585539864,2.036135887142291e-15,5.4924128256103594e-16,4.9547791895988088e-15,5.4924128256103594e-16,5.4924128256103594e-16,2.0894317414973592e-15,4.9547791895988088e-15,4.9547791895988088e-15,,,,,,,,
reference,n03,SSP5,2060,"AESA (PBs-LCIA), 0.9.1, ocean acidification, carbonate ion concentration",OA,aragonite saturation,Transmission corona,230000,230000,0.0013200268472347827,0.00035607299999999999,0.003212183,0.00035607299999999999,0.00035607299999999999,0.0013545790000000001,0.003212183,0.003212183,-4.1934139332468444e-20,-1.1836537925478782e-19,6.8921657591945828e-20,-1.1836537925478782e-19,-1.1836537925478782e-19,0,6.8921657591945828e-20,6.8921657591945828e-20,-1.5344395281726365e-16,-3.3241885583795408e-16,5.0880500577630267e-17,-3.3241885583795408e-16,-3.3241885583795408e-16,0,5.0880500577630267e-17,5.0880500577630267e-17,2.036135887142291e-15,5.4924128256103594e-16,4.9547791895988088e-15,5.4924128256103594e-16,5.4924128256103594e-16,2.0894317414973592e-15,4.9547791895988088e-15,4.9547791895988088e-15,,,,,,,,
reference,n03,SSP5,2060,"AESA (PBs-LCIA), 0.9.1, ocean acidification, carbonate ion concentration",OA,aragonite saturation,"electricity production, Evolutionary Power Reactor (EPR)",230000,230000,0.0013200268472347827,0.00035607299999999999,0.003212183,0.00035607299999999999,0.00035607299999999999,0.0013545790000000001,0.003212183,0.003212183,3.7557344918577112e-05,0,6.6732234550796616e-05,0,0,4.1754242450125887e-05,6.6732234550796616e-05,6.6732234550796616e-05,0.070934255721355782,0,0.11726315235956078,0,0,0.049264188025059157,0.11726315235956078,0.11726315235956078,2.036135887142291e-15,5.4924128256103594e-16,4.9547791895988088e-15,5.4924128256103594e-16,5.4924128256103594e-16,2.0894317414973592e-15,4.9547791895988088e-15,4.9547791895988088e-15,1.5653340282654084e-16,0,2.7812988482625079e-16,0,0,1.7402549450840689e-16,2.7812988482625079e-16,2.7812988482625079e-16
reference,n03,SSP5,2060,"AESA (PBs-LCIA), 0.9.1, ocean acidification, carbonate ion concentration",OA,aragonite saturation,"electricity production, Small Modular Reactor (SMR)",230000,230000,0.0013200268472347827,0.00035607299999999999,0.003212183,0.00035607299999999999,0.00035607299999999999,0.0013545790000000001,0.003212183,0.003212183,8.9860584174345589e-06,0,1.6925220833708977e-05,0,0,9.5106628780045135e-06,1.6925220833708977e-05,1.6925220833708977e-05,0.016475644111370449,0,0.02670986813941106,0,0,0.012494820039074116,0.02670986813941106,0.02670986813941106,2.036135887142291e-15,5.4924128256103594e-16,4.9547791895988088e-15,5.4924128256103594e-16,5.4924128256103594e-16,2.0894317414973592e-15,4.9547791895988088e-15,4.9547791895988088e-15,2.4486832822771307e-16,0,4.6120878886264113e-16,0,0,2.5916377536463756e-16,4.6120878886264113e-16,4.6120878886264113e-16
reference,n03,SSP5,2060,"AESA (PBs-LCIA), 0.9.1, ocean acidification, carbonate ion concentration",OA,aragonite saturation,"electricity production, hydro, reservoir, alpine region",230000,230000,0.0013200268472347827,0.00035607299999999999,0.003212183,0.00035607299999999999,0.00035607299999999999,0.0013545790000000001,0.003212183,0.003212183,2.3422188299761176e-06,0,3.7562207089787668e-06,0,0,2.8067655400699932e-06,3.7562207089787668e-06,3.7562207089787668e-06,0.0046336036407032899,0,0.0078825564984427166,0,0,0.002772980172421665,0.0078825564984427166,0.0078825564984427166,2.036135887142291e-15,5.4924128256103594e-16,4.9547791895988088e-15,5.4924128256103594e-16,5.4924128256103594e-16,2.0894317414973592e-15,4.9547791895988088e-15,4.9547791895988088e-15,2.6720995462293491e-16,0,4.2852493773435293e-16,0,0,3.2020743601904943e-16,4.2852493773435293e-16,4.2852493773435293e-16
reference,n03,SSP5,2060,"AESA (PBs-LCIA), 0.9.1, ocean acidification, carbonate ion concentration",OA,aragonite saturation,"electricity production, hydro, run-of-river",230000,172479,0.0013200268472347827,0.00035607299999999999,0.003212183,0.00035607299999999999,0.00035607299999999999,0.0013545790000000001,0.003212183,0.003212183,8.5391927388164881e-06,0,1.3580848174019639e-05,0,0,1.0289582780621876e-05,1.3580848174019639e-05,1.3580848174019639e-05,0.01695179181337915,0,0.028897396827678244,0,0,0.010025881232485989,0.028897396827678244,0.028897396827678244,2.036135887142291e-15,5.4924128256103594e-16,4.9547791895988088e-15,5.4924128256103594e-16,5.4924128256103594e-16,2.0894317414973592e-15,4.9547791895988088e-15,4.9547791895988088e-15,2.4744249686490606e-16,2.2359585034064102e-16,2.9511588626299599e-16,2.2359585034064102e-16,2.2359585034064102e-16,2.2359585034064102e-16,2.9511588626299599e-16,2.9511588626299599e-16
reference,n03,SSP5,2060,"AESA (PBs-LCIA), 0.9.1, ocean acidification, carbonate ion concentration",OA,aragonite saturation,"electricity production, nuclear, pressure water reactor",230000,172479,0.0013200268472347827,0.00035607299999999999,0.003212183,0.00035607299999999999,0.00035607299999999999,0.0013545790000000001,0.003212183,0.003212183,4.9034481247487763e-06,0,8.8667296993619622e-06,0,0,5.3742394573507119e-06,8.8667296993619622e-06,8.8667296993619622e-06,0.0091812655667464823,0,0.015093083320978317,0,0,0.0065457457256918655,0.015093083320978317,0.015093083320978317,2.036135887142291e-15,5.4924128256103594e-16,4.9547791895988088e-15,5.4924128256103594e-16,5.4924128256103594e-16,2.0894317414973592e-15,4.9547791895988088e-15,4.9547791895988088e-15,2.7412157780316079e-16,2.2530309975747262e-16,3.7171778745578514e-16,2.2530309975747262e-16,2.2530309975747262e-16,2.2530309975747262e-16,3.7171778745578514e-16,3.7171778745578514e-16
reference,n03,SSP5,2060,"AESA (PBs-LCIA), 0.9.1, ocean acidification, carbonate ion concentration",OA,aragonite saturation,"electricity production, photovoltaic",230000,230000,0.0013200268472347827,0.00035607299999999999,0.003212183,0.00035607299999999999,0.00035607299999999999,0.0013545790000000001,0.003212183,0.003212183,5.9275261089656132e-05,0,0.00011804576636567131,0,0,5.953393122290614e-05,0.00011804576636567131,0.00011804576636567131,0.10536596232389234,0,0.16719585934037723,0,0,0.087145723036951922,0.16719585934037723,0.16719585934037723,2.036135887142291e-15,5.4924128256103594e-16,4.9547791895988088e-15,5.4924128256103594e-16,5.4924128256103594e-16,2.0894317414973592e-15,4.9547791895988088e-15,4.9547791895988088e-15,7.9159914276783469e-16,0,1.5764569493706014e-15,0,0,7.9505384130858532e-16,1.5764569493706014e-15,1.5764569493706014e-15
reference,n03,SSP5,2060,"AESA (PBs-LCIA), 0.9.1, ocean acidification, carbonate ion concentration",OA,aragonite saturation,"electricity production, wind, 1-3MW turbine, offshore",230000,230000,0.0013200268472347827,0.00035607299999999999,0.003212183,0.00035607299999999999,0.00035607299999999999,0.0013545790000000001,0.003212183,0.003212183,5.0561998673788895e-05,0,8.2243038818713941e-05,0,0,6.0011696751726761e-05,8.2243038818713941e-05,8.2243038818713941e-05,0.099427912176180133,0,0.16853762220591498,0,0,0.060714833773972528,0.16853762220591498,0.16853762220591498,2.036135887142291e-15,5.4924128256103594e-16,4.9547791895988088e-15,5.4924128256103594e-16,5.4924128256103594e-16,2.0894317414973592e-15,4.9547791895988088e-15,4.9547791895988088e-15,6.3660938494212297e-16,0,1.0354944768950381e-15,0,0,7.5558760254789525e-16,1.0354944768950381e-15,1.0354944768950381e-15
reference,n03,SSP5,2060,"AESA (PBs-LCIA), 0.9.1, ocean acidification, carbonate ion concentration",OA,aragonite saturation,"electricity production, wind, 1-3MW turbine, onshore",230000,230000,0.0013200268472347827,0.00035607299999999999,0.003212183,0.00035607299999999999,0.00035607299999999999,0.0013545790000000001,0.003212183,0.003212183,4.4050118400558489e-05,0,7.3605105594141257e-05,0,0,5.1305307597764477e-05,7.3605105594141257e-05,7.3605105594141257e-05,0.085611074260104225,0,0.1440864867534592,0,0,0.054337994014480702,0.1440864867534592,0.1440864867534592,2.036135887142291e-15,5.4924128256103594e-16,4.9547791895988088e-15,5.4924128256103594e-16,5.4924128256103594e-16,2.0894317414973592e-15,4.9547791895988088e-15,4.9547791895988088e-15,5.8148787920359768e-16,0,9.7163100277921928e-16,0,0,6.7726089308512961e-16,9.7163100277921928e-16,9.7163100277921928e-16
reference,n03,SSP5,2060,"AESA (PBs-LCIA), 0.9.1, ocean acidification, carbonate ion concentration",OA,aragonite saturation,"heat and power co-generation, wood chips, 6667 kW",230000,230000,0.0013200268472347827,0.00035607299999999999,0.003212183,0.00035607299999999999,0.00035607299999999999,0.0013545790000000001,0.003212183,0.003212183,2.4448949359594759e-05,0,4.3580012782267642e-05,0,0,2.7111554297741711e-05,4.3580012782267642e-05,4.3580012782267642e-05,0.04610463848432951,0,0.076140438330740356,0,0,0.032172367047080784,0.076140438330740356,0.076140438330740356,2.036135887142291e-15,5.4924128256103594e-16,4.9547791895988088e-15,5.4924128256103594e-16,5.4924128256103594e-16,2.0894317414973592e-15,4.9547791895988088e-15,4.9547791895988088e-15,2.8552674963688251e-15,0,5.0894845324333353e-15,0,0,3.1662203895722468e-15,5.0894845324333353e-15,5.0894845324333353e-15
reference,n03,SSP5,2060,"AESA (PBs-LCIA), 0.9.1, ocean acidification, carbonate ion concentration",OA,aragonite saturation,transmission network construction,230000,230000,0.0013200268472347827,0.00035607299999999999,0.003212183,0.00035607299999999999,0.00035607299999999999,0.0013545790000000001,0.003212183,0.003212183,2.4574905565233821e-05,0,4.2366841220668923e-05,0,0,2.7970371472943644e-05,4.2366841220668923e-05,4.2366841220668923e-05,0.047086343492304637,0,0.078552351548541011,0,0,0.031276759214980389,0.078552351548541011,0.078552351548541011,2.036135887142291e-15,5.4924128256103594e-16,4.9547791895988088e-15,5.4924128256103594e-16,5.4924128256103594e-16,2.0894317414973592e-15,4.9547791895988088e-15,4.9547791895988088e-15,,,,,,,,
reference,n03,SSP5,2060,"AESA (PBs-LCIA), 0.9.1, ozone depletion, stratospheric O3 concentration",SOD,DU,EU electricity market imports,230000,230000,0.00059664001126521744,0.00055521499999999996,0.00068515399999999999,0.00055521499999999996,0.00055521499999999996,0.00059092300000000003,0.00068515399999999999,0.00068515399999999999,4.3352532464732958e-05,6.3700736616040068e-06,0.00012441593842231241,6.3700736616040068e-06,6.3700736616040068e-06,3.6206261698588654e-05,0.00012441593842231241,0.00012441593842231241,0.066468807650229209,0.011473165641425406,0.1815882829587398,0.011473165641425406,0.011473165641425406,0.06127069296437717,0.1815882829587398,0.1815882829587398,9.2031442137802103e-16,8.5641613879248255e-16,1.056847206579597e-15,8.5641613879248255e-16,8.5641613879248255e-16,9.1149637918079081e-16,1.056847206579597e-15,1.056847206579597e-15,8.2046229540029603e-16,1.2055584510523781e-16,2.3546165449293076e-15,1.2055584510523781e-16,1.2055584510523781e-16,6.852166469498721e-16,2.3546165449293076e-15,2.3546165449293076e-15
reference,n03,SSP5,2060,"AESA (PBs-LCIA), 0.9.1, ozone depletion, stratospheric O3 concentration",SOD,DU,Other life cycle contributions,230000,230000,0.00059664001126521744,0.00055521499999999996,0.00068515399999999999,0.00055521499999999996,0.00055521499999999996,0.00059092300000000003,0.00068515399999999999,0.00068515399999999999,9.0261681555427074e-06,0,3.6091491381839939e-05,0,0,6.3927363645585786e-20,3.6091491381839939e-05,3.6091491381839939e-05,0.013173926088941631,0,0.052676465994272732,0,0,1.1513983528108173e-16,0.052676465994272732,0.052676465994272732,9.2031442137802103e-16,8.5641613879248255e-16,1.056847206579597e-15,8.5641613879248255e-16,8.5641613879248255e-16,9.1149637918079081e-16,1.056847206579597e-15,1.056847206579597e-15,,,,,,,,
reference,n03,SSP5,2060,"AESA (PBs-LCIA), 0.9.1, ozone depletion, stratospheric O3 concentration",SOD,DU,Transmission corona,230000,230000,0.00059664001126521744,0.00055521499999999996,0.00068515399999999999,0.00055521499999999996,0.00055521499999999996,0.00059092300000000003,0.00068515399999999999,0.00068515399999999999,0.00047126139128095984,0.00047126116045549243,0.00047126159643063708,0.00047126116045549243,0.00047126116045549243,0.00047126121201570713,0.00047126159643063708,0.00047126159643063708,0.7957084001268635,0.68781793876370445,0.84879118257006225,0.68781793876370445,0.68781793876370445,0.79750011499889562,0.84879118257006225,0.84879118257006225,9.2031442137802103e-16,8.5641613879248255e-16,1.056847206579597e-15,8.5641613879248255e-16,8.5641613879248255e-16,9.1149637918079081e-16,1.056847206579597e-15,1.056847206579597e-15,,,,,,,,
reference,n03,SSP5,2060,"AESA (PBs-LCIA), 0.9.1, ozone depletion, stratospheric O3 concentration",SOD,DU,"electricity production, Evolutionary Power Reactor (EPR)",230000,230000,0.00059664001126521744,0.00055521499999999996,0.00068515399999999999,0.00055521499999999996,0.00055521499999999996,0.00059092300000000003,0.00068515399999999999,0.00068515399999999999,7.0645069328598842e-06,0,9.7545962812578852e-06,0,0,9.2533662435323456e-06,9.7545962812578852e-06,9.7545962812578852e-06,0.012458457352858228,0,0.016666275665341079,0,0,0.016507389763569677,0.016666275665341079,0.016666275665341079,9.2031442137802103e-16,8.5641613879248255e-16,1.056847206579597e-15,8.5641613879248255e-16,8.5641613879248255e-16,9.1149637918079081e-16,1.056847206579597e-15,1.056847206579597e-15,2.9443794996226082e-17,0,4.0655704619903336e-17,0,0,3.8566616788257609e-17,4.0655704619903336e-17,4.0655704619903336e-17
reference,n03,SSP5,2060,"AESA (PBs-LCIA), 0.9.1, ozone depletion, stratospheric O3 concentration",SOD,DU,"electricity production, Small Modular Reactor (SMR)",230000,230000,0.00059664001126521744,0.00055521499999999996,0.00068515399999999999,0.00055521499999999996,0.00055521499999999996,0.00059092300000000003,0.00068515399999999999,0.00068515399999999999,1.4172032697219686e-06,0,2.0199574501627194e-06,0,0,1.8247457513668344e-06,2.0199574501627194e-06,2.0199574501627194e-06,0.0024975608518520366,0,0.0034183090693080472,0,0,0.003286557011908602,0.0034183090693080472,0.0034183090693080472,9.2031442137802103e-16,8.5641613879248255e-16,1.056847206579597e-15,8.5641613879248255e-16,8.5641613879248255e-16,9.1149637918079081e-16,1.056847206579597e-15,1.056847206579597e-15,3.8618492976901718e-17,0,5.5043451223318374e-17,0,0,4.9723924052236056e-17,5.5043451223318374e-17,5.5043451223318374e-17
reference,n03,SSP5,2060,"AESA (PBs-LCIA), 0.9.1, ozone depletion, stratospheric O3 concentration",SOD,DU,"electricity production, hydro, reservoir, alpine region",230000,230000,0.00059664001126521744,0.00055521499999999996,0.00068515399999999999,0.00055521499999999996,0.00055521499999999996,0.00059092300000000003,0.00068515399999999999,0.00068515399999999999,1.9625925396145177e-07,0,2.710526836053803e-07,0,0,2.5703800669454716e-07,2.710526836053803e-07,2.710526836053803e-07,0.00034610710082603243,0,0.00046295220174985758,0,0,0.0004586937445409644,0.00046295220174985758,0.00046295220174985758,9.2031442137802103e-16,8.5641613879248255e-16,1.056847206579597e-15,8.5641613879248255e-16,8.5641613879248255e-16,9.1149637918079081e-16,1.056847206579597e-15,1.056847206579597e-15,2.2390050991905887e-17,0,3.0922807259048173e-17,0,0,2.9323928028857549e-17,3.0922807259048173e-17,3.0922807259048173e-17
reference,n03,SSP5,2060,"AESA (PBs-LCIA), 0.9.1, ozone depletion, stratospheric O3 concentration",SOD,DU,"electricity production, hydro, run-of-river",230000,172479,0.00059664001126521744,0.00055521499999999996,0.00068515399999999999,0.00055521499999999996,0.00055521499999999996,0.00059092300000000003,0.00068515399999999999,0.00068515399999999999,2.5383573076639798e-07,0,3.7693925572188307e-07,0,0,3.1925561815222892e-07,3.7693925572188307e-07,3.7693925572188307e-07,0.00044692680346833044,0,0.00063788218722554896,0,0,0.00057501259539498924,0.00063788218722554896,0.00063788218722554896,9.2031442137802103e-16,8.5641613879248255e-16,1.056847206579597e-15,8.5641613879248255e-16,8.5641613879248255e-16,9.1149637918079081e-16,1.056847206579597e-15,1.056847206579597e-15,7.3554629347197589e-18,6.9375167624176723e-18,8.1910064397289065e-18,6.9375167624176723e-18,6.9375167624176723e-18,6.9375167624176723e-18,8.1910064397289065e-18,8.1910064397289065e-18
reference,n03,SSP5,2060,"AESA (PBs-LCIA), 0.9.1, ozone depletion, stratospheric O3 concentration",SOD,DU,"electricity production, nuclear, pressure water reactor",230000,172479,0.00059664001126521744,0.00055521499999999996,0.00068515399999999999,0.00055521499999999996,0.00055521499999999996,0.00059092300000000003,0.00068515399999999999,0.00068515399999999999,7.3703187589307766e-07,0,1.0385867598741613e-06,0,0,9.5493820546059614e-07,1.0385867598741613e-06,1.0385867598741613e-06,0.0012992077295402506,0,0.0017575669924409126,0,0,0.0017199430949462751,0.0017575669924409126,0.0017575669924409126,9.2031442137802103e-16,8.5641613879248255e-16,1.056847206579597e-15,8.5641613879248255e-16,8.5641613879248255e-16,9.1149637918079081e-16,1.056847206579597e-15,1.056847206579597e-15,4.1202891990984752e-17,4.003362767603743e-17,4.3540444692118375e-17,4.003362767603743e-17,4.003362767603743e-17,4.003362767603743e-17,4.3540444692118375e-17,4.3540444692118375e-17
reference,n03,SSP5,2060,"AESA (PBs-LCIA), 0.9.1, ozone depletion, stratospheric O3 concentration",SOD,DU,"electricity production, photovoltaic",230000,230000,0.00059664001126521744,0.00055521499999999996,0.00068515399999999999,0.00055521499999999996,0.00055521499999999996,0.00059092300000000003,0.00068515399999999999,0.00068515399999999999,4.9093520168956869e-06,0,7.9519738494030426e-06,0,0,5.8436192031024475e-06,7.9519738494030426e-06,7.9519738494030426e-06,0.0086258543765394789,0,0.013456869760363097,0,0,0.010524966369969198,0.013456869760363097,0.013456869760363097,9.2031442137802103e-16,8.5641613879248255e-16,1.056847206579597e-15,8.5641613879248255e-16,8.5641613879248255e-16,9.1149637918079081e-16,1.056847206579597e-15,1.056847206579597e-15,6.5562550211894679e-17,0,1.0619567917855866e-16,0,0,7.8039307948647848e-17,1.0619567917855866e-16,1.0619567917855866e-16
reference,n03,SSP5,2060,"AESA (PBs-LCIA), 0.9.1, ozone depletion, stratospheric O3 concentration",SOD,DU,"electricity production, wind, 1-3MW turbine, offshore",230000,230000,0.00059664001126521744,0.00055521499999999996,0.00068515399999999999,0.00055521499999999996,0.00055521499999999996,0.00059092300000000003,0.00068515399999999999,0.00068515399999999999,4.1094146421614855e-06,0,5.9790869879284425e-06,0,0,5.2301822571833079e-06,5.9790869879284425e-06,5.9790869879284425e-06,0.0072387726979428451,0,0.01011821673539267,0,0,0.0094201025858150593,0.01011821673539267,0.01011821673539267,9.2031442137802103e-16,8.5641613879248255e-16,1.056847206579597e-15,8.5641613879248255e-16,8.5641613879248255e-16,9.1149637918079081e-16,1.056847206579597e-15,1.056847206579597e-15,5.1740253322923002e-17,0,7.5280711344878231e-17,0,0,6.5851438075495243e-17,7.5280711344878231e-17,7.5280711344878231e-17
reference,n03,SSP5,2060,"AESA (PBs-LCIA), 0.9.1, ozone depletion, stratospheric O3 concentration",SOD,DU,"electricity production, wind, 1-3MW turbine, onshore",230000,230000,0.00059664001126521744,0.00055521499999999996,0.00068515399999999999,0.00055521499999999996,0.00055521499999999996,0.00059092300000000003,0.00068515399999999999,0.00068515399999999999,2.70938860085332e-06,0,4.1753593538663725e-06,0,0,3.3316398809668816e-06,4.1753593538663725e-06,4.1753593538663725e-06,0.0047662654924896762,0,0.0070658264340131838,0,0,0.0060006301720358455,0.0070658264340131838,0.0070658264340131838,9.2031442137802103e-16,8.5641613879248255e-16,1.056847206579597e-15,8.5641613879248255e-16,8.5641613879248255e-16,9.1149637918079081e-16,1.056847206579597e-15,1.056847206579597e-15,3.576553125422696e-17,0,5.5117243181626254e-17,0,0,4.3979600333478788e-17,5.5117243181626254e-17,5.5117243181626254e-17
reference,n03,SSP5,2060,"AESA (PBs-LCIA), 0.9.1, ozone depletion, stratospheric O3 concentration",SOD,DU,"heat and power co-generation, wood chips, 6667 kW",230000,230000,0.00059664001126521744,0.00055521499999999996,0.00068515399999999999,0.00055521499999999996,0.00055521499999999996,0.00059092300000000003,0.00068515399999999999,0.00068515399999999999,5.0622223485957528e-05,4.941104877209562e-05,5.3385358180140364e-05,4.941104877209562e-05,4.941104877209562e-05,5.0279850746188311e-05,5.3385358180140364e-05,5.3385358180140364e-05,0.085247128313438295,0.07791731228328283,0.088994441382339501,0.07791731228328283,0.07791731228328283,0.085086975369359982,0.088994441382339501,0.088994441382339501,9.2031442137802103e-16,8.5641613879248255e-16,1.056847206579597e-15,8.5641613879248255e-16,8.5641613879248255e-16,9.1149637918079081e-16,1.056847206579597e-15,1.056847206579597e-15,5.9119078782766109e-15,5.7704584752578366e-15,6.234602411977606e-15,5.7704584752578366e-15,5.7704584752578366e-15,5.8719267551837602e-15,6.234602411977606e-15,6.234602411977606e-15
reference,n03,SSP5,2060,"AESA (PBs-LCIA), 0.9.1, ozone depletion, stratospheric O3 concentration",SOD,DU,transmission network construction,230000,230000,0.00059664001126521744,0.00055521499999999996,0.00068515399999999999,0.00055521499999999996,0.00055521499999999996,0.00059092300000000003,0.00068515399999999999,0.00068515399999999999,9.8070355491114801e-07,0,1.6081744779106362e-06,0,0,1.1574959692041517e-06,1.6081744779106362e-06,1.6081744779106362e-06,0.0017225854150106018,0,0.0027214619805129201,0,0,0.0020847707090120978,0.0027214619805129201,0.0027214619805129201,9.2031442137802103e-16,8.5641613879248255e-16,1.056847206579597e-15,8.5641613879248255e-16,8.5641613879248255e-16,9.1149637918079081e-16,1.056847206579597e-15,1.056847206579597e-15,,,,,,,,
reference,n03,SSP5,2060,"IPCC 2021, climate change, global warming potential (GWP100)",GWP_100,kg CO2-eq,EU electricity market imports,20000,20000,18046477939.396599,5849232553,42127418927,5849232553,5849232553,18379198693,18379198693,42127418927,11765477651.963379,867994033.32855403,34274626056.876663,867994033.32855403,867994033.32855403,11091302682.238976,11091302682.238976,34274626056.876663,0.4293331789654341,0.14839451594096228,0.8135942559469177,0.14839451594096228,0.14839451594096228,0.60347041606679341,0.60347041606679341,0.8135942559469177,0.027836615671374295,0.0090224164022055901,0.064981364996513483,0.0090224164022055901,0.0090224164022055901,0.028349836022038929,0.028349836022038929,0.064981364996513483,0.22266589722940322,0.016427099345609996,0.6486596285243118,0.016427099345609996,0.016427099345609996,0.20990689339006888,0.20990689339006888,0.6486596285243118
reference,n03,SSP5,2060,"IPCC 2021, climate change, global warming potential (GWP100)",GWP_100,kg CO2-eq,Other life cycle contributions,20000,20000,18046477939.396599,5849232553,42127418927,5849232553,5849232553,18379198693,18379198693,42127418927,1950633748.9386363,0,7852792870.1233349,0,0,0,0,7852792870.1233349,0.046303186822785627,0,0.18640574405308225,0,0,0,0,0.18640574405308225,0.027836615671374295,0.0090224164022055901,0.064981364996513483,0.0090224164022055901,0.0090224164022055901,0.028349836022038929,0.028349836022038929,0.064981364996513483,,,,,,,,
reference,n03,SSP5,2060,"IPCC 2021, climate change, global warming potential (GWP100)",GWP_100,kg CO2-eq,Transmission corona,20000,20000,18046477939.396599,5849232553,42127418927,5849232553,5849232553,18379198693,18379198693,42127418927,685791375.70552635,0,912441958.15064001,0,912441958.06921923,912441958.06921923,912441958.15064001,912441958.15064001,0.090205674792212254,0,0.15599344867921841,0,0.049645361225577125,0.049645361225577125,0.15599344867921841,0.15599344867921841,0.027836615671374295,0.0090224164022055901,0.064981364996513483,0.0090224164022055901,0.0090224164022055901,0.028349836022038929,0.028349836022038929,0.064981364996513483,,,,,,,,
reference,n03,SSP5,2060,"IPCC 2021, climate change, global warming potential (GWP100)",GWP_100,kg CO2-eq,"electricity production, Evolutionary Power Reactor (EPR)",20000,20000,18046477939.396599,5849232553,42127418927,5849232553,5849232553,18379198693,18379198693,42127418927,510506120.33045936,0,890550932.94734466,0,571194421.69216239,571194421.69216239,890550932.94734466,890550932.94734466,0.06088716330283718,0,0.097652882923795495,0,0.048454285076450297,0.048454285076450297,0.097652882923795495,0.097652882923795495,0.027836615671374295,0.0090224164022055901,0.064981364996513483,0.0090224164022055901,0.0090224164022055901,0.028349836022038929,0.028349836022038929,0.064981364996513483,0.0021277131142159421,0,0.0037116830207415733,0,0.0023806528726096256,0.0023806528726096256,0.0037116830207415733,0.0037116830207415733
reference,n03,SSP5,2060,"IPCC 2021, climate change, global warming potential (GWP100)",GWP_100,kg CO2-eq,"electricity production, Small Modular Reactor (SMR)",20000,20000,18046477939.396599,5849232553,42127418927,5849232553,5849232553,18379198693,18379198693,42127418927,122131341.10410112,0,226006377.36323738,0,130027585.52226406,130027585.52226406,226006377.36323738,226006377.36323738,0.014182493756767871,0,0.022229853975556931,0,0.012296856959782223,0.012296856959782223,0.022229853975556931,0.022229853975556931,0.027836615671374295,0.0090224164022055901,0.064981364996513483,0.0090224164022055901,0.0090224164022055901,0.028349836022038929,0.028349836022038929,0.064981364996513483,0.0033280549296913178,0,0.0061586291568577799,0,0.0035432260310852065,0.0035432260310852065,0.0061586291568577799,0.0061586291568577799
reference,n03,SSP5,2060,"IPCC 2021, climate change, global warming potential (GWP100)",GWP_100,kg CO2-eq,"electricity production, hydro, reservoir, alpine region",20000,20000,18046477939.396599,5849232553,42127418927,5849232553,5849232553,18379198693,18379198693,42127418927,32572168.279502589,0,51241972.511000179,0,39296062.669308923,39296062.669308923,51241972.511000179,51241972.511000179,0.0040501349922885677,0,0.0067181570083334179,0,0.0027880417077441179,0.0027880417077441179,0.0067181570083334179,0.0067181570083334179,0.027836615671374295,0.0090224164022055901,0.064981364996513483,0.0090224164022055901,0.0090224164022055901,0.028349836022038929,0.028349836022038929,0.064981364996513483,0.003715966554759126,0,0.0058458943969165898,0,0.0044830560055153972,0.0044830560055153972,0.0058458943969165898,0.0058458943969165898
reference,n03,SSP5,2060,"IPCC 2021, climate change, global warming potential (GWP100)",GWP_100,kg CO2-eq,"electricity production, hydro, run-of-river",20000,15032,18046477939.396599,5849232553,42127418927,5849232553,5849232553,18379198693,18379198693,42127418927,110099307.7910272,0,174217546.1231854,0,132310237.63789545,132310237.63789545,174217546.1231854,174217546.1231854,0.013660159053729569,0,0.022620102114085914,0,0.0094790610316182519,0.0094790610316182519,0.022620102114085914,0.022620102114085914,0.027836615671374295,0.0090224164022055901,0.064981364996513483,0.0090224164022055901,0.0090224164022055901,0.028349836022038929,0.028349836022038929,0.064981364996513483,0.0031831979054218733,0.0028751418271621499,0.0037858004246843053,0.0028751418271621499,0.0028751418271621499,0.0028751418271621499,0.0037858004246843053,0.0037858004246843053
reference,n03,SSP5,2060,"IPCC 2021, climate change, global warming potential (GWP100)",GWP_100,kg CO2-eq,"electricity production, nuclear, pressure water reactor",20000,15032,18046477939.396599,5849232553,42127418927,5849232553,5849232553,18379198693,18379198693,42127418927,66418905.35206566,0,118497787.00933072,0,72968418.62861833,72968418.62861833,118497787.00933072,118497787.00933072,0.0078436247156779687,0,0.012474870500950372,0,0.0064473859273561484,0.0064473859273561484,0.012474870500950372,0.012474870500950372,0.027836615671374295,0.0090224164022055901,0.064981364996513483,0.0090224164022055901,0.0090224164022055901,0.028349836022038929,0.028349836022038929,0.064981364996513483,0.0037047162082031672,0.0030590384615589061,0.0049677558435759226,0.0030590384615589061,0.0030590384615589061,0.0030590384615589061,0.0049677558435759226,0.0049677558435759226
reference,n03,SSP5,2060,"IPCC 2021, climate change, global warming potential (GWP100)",GWP_100,kg CO2-eq,"electricity production, photovoltaic",20000,20000,18046477939.396599,5849232553,42127418927,5849232553,5849232553,18379198693,18379198693,42127418927,827201477.12991917,0,1622789593.0326703,0,833632699.51012909,833632699.51012909,1622789593.0326703,1622789593.0326703,0.093331307931208446,0,0.14252001300282874,0,0.088294904480832159,0.088294904480832159,0.14252001300282874,0.14252001300282874,0.027836615671374295,0.0090224164022055901,0.064981364996513483,0.0090224164022055901,0.0090224164022055901,0.028349836022038929,0.028349836022038929,0.064981364996513483,0.01104696885246733,0,0.021671752992678359,0,0.011132855442000315,0.011132855442000315,0.021671752992678359,0.021671752992678359
reference,n03,SSP5,2060,"IPCC 2021, climate change, global warming potential (GWP100)",GWP_100,kg CO2-eq,"electricity production, wind, 1-3MW turbine, offshore",20000,20000,18046477939.396599,5849232553,42127418927,5849232553,5849232553,18379198693,18379198693,42127418927,679064873.82048666,0,1098154523.7505991,0,803979262.4045378,803979262.4045378,1098154523.7505991,1098154523.7505991,0.083552350201266667,0,0.1374503843230146,0,0.059749858636048592,0.059749858636048592,0.1374503843230146,0.1374503843230146,0.027836615671374295,0.0090224164022055901,0.064981364996513483,0.0090224164022055901,0.0090224164022055901,0.028349836022038929,0.028349836022038929,0.064981364996513483,0.008549880270818315,0,0.013826498849230488,0,0.01012263584679092,0.01012263584679092,0.013826498849230488,0.013826498849230488
reference,n03,SSP5,2060,"IPCC 2021, climate change, global warming potential (GWP100)",GWP_100,kg CO2-eq,"electricity production, wind, 1-3MW turbine, onshore",20000,20000,18046477939.396599,5849232553,42127418927,5849232553,5849232553,18379198693,18379198693,42127418927,594361486.97291684,0,987007764.89851594,0,690489117.81938124,690489117.81938124,987007764.89851594,987007764.89851594,0.072364925084648729,0,0.11804781423252489,0,0.053702437270806209,0.053702437270806209,0.11804781423252489,0.11804781423252489,0.027836615671374295,0.0090224164022055901,0.064981364996513483,0.0090224164022055901,0.0090224164022055901,0.028349836022038929,0.028349836022038929,0.064981364996513483,0.0078459260991717329,0,0.013029091137353658,0,0.0091148681562271353,0.0091148681562271353,0.013029091137353658,0.013029091137353658
reference,n03,SSP5,2060,"IPCC 2021, climate change, global warming potential (GWP100)",GWP_100,kg CO2-eq,"heat and power co-generation, wood chips, 6667 kW",20000,20000,18046477939.396599,5849232553,42127418927,5849232553,5849232553,18379198693,18379198693,42127418927,367152883.90438312,0,633027159.96777034,0,414608884.0506233,414608884.0506233,633027159.96777034,633027159.96777034,0.044010495173648148,0,0.07088261242715943,0,0.034442587543757737,0.034442587543757737,0.07088261242715943,0.07088261242715943,0.027836615671374295,0.0090224164022055901,0.064981364996513483,0.0090224164022055901,0.0090224164022055901,0.028349836022038929,0.028349836022038929,0.064981364996513483,0.042877901106705883,0,0.073927993355120819,0,0.048420043824603229,0.048420043824603229,0.073927993355120819,0.073927993355120819
reference,n03,SSP5,2060,"IPCC 2021, climate change, global warming potential (GWP100)",GWP_100,kg CO2-eq,transmission network construction,20000,20000,18046477939.396599,5849232553,42127418927,5849232553,5849232553,18379198693,18379198693,42127418927,335066598.10419637,0,573960395.00673306,0,380289871.66730565,380289871.66730565,573960395.00673306,573960395.00673306,0.040275305207494776,0,0.065015344871569444,0,0.031228804073233869,0.031228804073233869,0.065015344871569444,0.065015344871569444,0.027836615671374295,0.0090224164022055901,0.064981364996513483,0.0090224164022055901,0.0090224164022055901,0.028349836022038929,0.028349836022038929,0.064981364996513483,,,,,,,,
